{"type":"FeatureCollection","features":[{"type":"Feature","properties":{"ProjectedLong":-8367917.292,"ProjectedLat":4855483.929,"PSA_NUM2025":11,"DIST_NUM2025":1,"TRACTCEN":3001,"BLKGRPCEN":2,"CenPOP2020":794,"UniqueID":300100020},"geometry":{"type":"Point","coordinates":[-75.17028,39.927993]}},{"type":"Feature","properties":{"ProjectedLong":-8370147.801,"ProjectedLat":4855617.626,"PSA_NUM2025":11,"DIST_NUM2025":1,"TRACTCEN":3600,"BLKGRPCEN":1,"CenPOP2020":1899,"UniqueID":360000010},"geometry":{"type":"Point","coordinates":[-75.190317,39.928914]}},{"type":"Feature","properties":{"ProjectedLong":-8370212.032,"ProjectedLat":4855016.076,"PSA_NUM2025":11,"DIST_NUM2025":1,"TRACTCEN":3600,"BLKGRPCEN":3,"CenPOP2020":2204,"UniqueID":360000030},"geometry":{"type":"Point","coordinates":[-75.190894,39.92477]}},{"type":"Feature","properties":{"ProjectedLong":-8368666.25,"ProjectedLat":4855489.155,"PSA_NUM2025":11,"DIST_NUM2025":1,"TRACTCEN":3701,"BLKGRPCEN":1,"CenPOP2020":1120,"UniqueID":370100010},"geometry":{"type":"Point","coordinates":[-75.177008,39.928029]}},{"type":"Feature","properties":{"ProjectedLong":-8368712.225,"ProjectedLat":4855230.766,"PSA_NUM2025":11,"DIST_NUM2025":1,"TRACTCEN":3701,"BLKGRPCEN":2,"CenPOP2020":1017,"UniqueID":370100020},"geometry":{"type":"Point","coordinates":[-75.177421,39.926249]}},{"type":"Feature","properties":{"ProjectedLong":-8368982.843,"ProjectedLat":4855414.686,"PSA_NUM2025":11,"DIST_NUM2025":1,"TRACTCEN":3701,"BLKGRPCEN":3,"CenPOP2020":1177,"UniqueID":370100030},"geometry":{"type":"Point","coordinates":[-75.179852,39.927516]}},{"type":"Feature","properties":{"ProjectedLong":-8369490.905,"ProjectedLat":4855454.461,"PSA_NUM2025":11,"DIST_NUM2025":1,"TRACTCEN":3701,"BLKGRPCEN":4,"CenPOP2020":1281,"UniqueID":370100040},"geometry":{"type":"Point","coordinates":[-75.184416,39.92779]}},{"type":"Feature","properties":{"ProjectedLong":-8369236.317,"ProjectedLat":4855464.913,"PSA_NUM2025":11,"DIST_NUM2025":1,"TRACTCEN":3701,"BLKGRPCEN":5,"CenPOP2020":1511,"UniqueID":370100050},"geometry":{"type":"Point","coordinates":[-75.182129,39.927862]}},{"type":"Feature","properties":{"ProjectedLong":-8368987.852,"ProjectedLat":4854984.286,"PSA_NUM2025":11,"DIST_NUM2025":1,"TRACTCEN":3702,"BLKGRPCEN":1,"CenPOP2020":1558,"UniqueID":370200010},"geometry":{"type":"Point","coordinates":[-75.179897,39.924551]}},{"type":"Feature","properties":{"ProjectedLong":-8369385.708,"ProjectedLat":4854993.286,"PSA_NUM2025":11,"DIST_NUM2025":1,"TRACTCEN":3702,"BLKGRPCEN":2,"CenPOP2020":1472,"UniqueID":370200020},"geometry":{"type":"Point","coordinates":[-75.183471,39.924613]}},{"type":"Feature","properties":{"ProjectedLong":-8369624.154,"ProjectedLat":4854914.321,"PSA_NUM2025":11,"DIST_NUM2025":1,"TRACTCEN":3702,"BLKGRPCEN":3,"CenPOP2020":648,"UniqueID":370200030},"geometry":{"type":"Point","coordinates":[-75.185613,39.924069]}},{"type":"Feature","properties":{"ProjectedLong":-8368855.827,"ProjectedLat":4854417.609,"PSA_NUM2025":11,"DIST_NUM2025":1,"TRACTCEN":3800,"BLKGRPCEN":1,"CenPOP2020":967,"UniqueID":380000010},"geometry":{"type":"Point","coordinates":[-75.178711,39.920647]}},{"type":"Feature","properties":{"ProjectedLong":-8368812.858,"ProjectedLat":4854753.054,"PSA_NUM2025":11,"DIST_NUM2025":1,"TRACTCEN":3800,"BLKGRPCEN":2,"CenPOP2020":882,"UniqueID":380000020},"geometry":{"type":"Point","coordinates":[-75.178325,39.922958]}},{"type":"Feature","properties":{"ProjectedLong":-8369106.407,"ProjectedLat":4854567.84,"PSA_NUM2025":11,"DIST_NUM2025":1,"TRACTCEN":3800,"BLKGRPCEN":3,"CenPOP2020":954,"UniqueID":380000030},"geometry":{"type":"Point","coordinates":[-75.180962,39.921682]}},{"type":"Feature","properties":{"ProjectedLong":-8369648.533,"ProjectedLat":4853815.406,"PSA_NUM2025":12,"DIST_NUM2025":1,"TRACTCEN":3800,"BLKGRPCEN":4,"CenPOP2020":17,"UniqueID":380000040},"geometry":{"type":"Point","coordinates":[-75.185832,39.916498]}},{"type":"Feature","properties":{"ProjectedLong":-8369027.37,"ProjectedLat":4854030.215,"PSA_NUM2025":11,"DIST_NUM2025":1,"TRACTCEN":3800,"BLKGRPCEN":5,"CenPOP2020":1000,"UniqueID":380000050},"geometry":{"type":"Point","coordinates":[-75.180252,39.917978]}},{"type":"Feature","properties":{"ProjectedLong":-8368060.338,"ProjectedLat":4855057.591,"PSA_NUM2025":11,"DIST_NUM2025":1,"TRACTCEN":3901,"BLKGRPCEN":1,"CenPOP2020":1449,"UniqueID":390100010},"geometry":{"type":"Point","coordinates":[-75.171565,39.925056]}},{"type":"Feature","properties":{"ProjectedLong":-8368095.626,"ProjectedLat":4854616.175,"PSA_NUM2025":11,"DIST_NUM2025":1,"TRACTCEN":3901,"BLKGRPCEN":2,"CenPOP2020":1283,"UniqueID":390100020},"geometry":{"type":"Point","coordinates":[-75.171882,39.922015]}},{"type":"Feature","properties":{"ProjectedLong":-8368446.171,"ProjectedLat":4854615.739,"PSA_NUM2025":11,"DIST_NUM2025":1,"TRACTCEN":3901,"BLKGRPCEN":3,"CenPOP2020":1854,"UniqueID":390100030},"geometry":{"type":"Point","coordinates":[-75.175031,39.922012]}},{"type":"Feature","properties":{"ProjectedLong":-8368392.404,"ProjectedLat":4855145.557,"PSA_NUM2025":11,"DIST_NUM2025":1,"TRACTCEN":3901,"BLKGRPCEN":4,"CenPOP2020":1633,"UniqueID":390100040},"geometry":{"type":"Point","coordinates":[-75.174548,39.925662]}},{"type":"Feature","properties":{"ProjectedLong":-8368161.75,"ProjectedLat":4854255.189,"PSA_NUM2025":11,"DIST_NUM2025":1,"TRACTCEN":3902,"BLKGRPCEN":1,"CenPOP2020":1416,"UniqueID":390200010},"geometry":{"type":"Point","coordinates":[-75.172476,39.919528]}},{"type":"Feature","properties":{"ProjectedLong":-8368482.016,"ProjectedLat":4853612.067,"PSA_NUM2025":12,"DIST_NUM2025":1,"TRACTCEN":3902,"BLKGRPCEN":2,"CenPOP2020":2523,"UniqueID":390200020},"geometry":{"type":"Point","coordinates":[-75.175353,39.915097]}},{"type":"Feature","properties":{"ProjectedLong":-8368439.715,"ProjectedLat":4854069.839,"PSA_NUM2025":11,"DIST_NUM2025":1,"TRACTCEN":3902,"BLKGRPCEN":3,"CenPOP2020":1758,"UniqueID":390200030},"geometry":{"type":"Point","coordinates":[-75.174973,39.918251]}},{"type":"Feature","properties":{"ProjectedLong":-8368407.209,"ProjectedLat":4852894.826,"PSA_NUM2025":12,"DIST_NUM2025":1,"TRACTCEN":37300,"BLKGRPCEN":1,"CenPOP2020":1754,"UniqueID":3730000010},"geometry":{"type":"Point","coordinates":[-75.174681,39.910155]}},{"type":"Feature","properties":{"ProjectedLong":-8369236.651,"ProjectedLat":4852882.78,"PSA_NUM2025":12,"DIST_NUM2025":1,"TRACTCEN":37300,"BLKGRPCEN":2,"CenPOP2020":2164,"UniqueID":3730000020},"geometry":{"type":"Point","coordinates":[-75.182132,39.910072]}},{"type":"Feature","properties":{"ProjectedLong":-8369882.749,"ProjectedLat":4851783.654,"PSA_NUM2025":12,"DIST_NUM2025":1,"TRACTCEN":37300,"BLKGRPCEN":3,"CenPOP2020":1363,"UniqueID":3730000030},"geometry":{"type":"Point","coordinates":[-75.187936,39.902498]}},{"type":"Feature","properties":{"ProjectedLong":-8369946.981,"ProjectedLat":4853135.739,"PSA_NUM2025":12,"DIST_NUM2025":1,"TRACTCEN":37300,"BLKGRPCEN":4,"CenPOP2020":632,"UniqueID":3730000040},"geometry":{"type":"Point","coordinates":[-75.188513,39.911815]}},{"type":"Feature","properties":{"ProjectedLong":-8371624.899,"ProjectedLat":4854996.044,"PSA_NUM2025":11,"DIST_NUM2025":1,"TRACTCEN":980904,"BLKGRPCEN":1,"CenPOP2020":1,"UniqueID":98090400010},"geometry":{"type":"Point","coordinates":[-75.203586,39.924632]}},{"type":"Feature","properties":{"ProjectedLong":-8371365.302,"ProjectedLat":4851221.948,"PSA_NUM2025":12,"DIST_NUM2025":1,"TRACTCEN":980905,"BLKGRPCEN":1,"CenPOP2020":0,"UniqueID":98090500010},"geometry":{"type":"Point","coordinates":[-75.201254,39.898627]}},{"type":"Feature","properties":{"ProjectedLong":-8371048.153,"ProjectedLat":4852811.668,"PSA_NUM2025":12,"DIST_NUM2025":1,"TRACTCEN":980906,"BLKGRPCEN":1,"CenPOP2020":0,"UniqueID":98090600010},"geometry":{"type":"Point","coordinates":[-75.198405,39.909582]}},{"type":"Feature","properties":{"ProjectedLong":-8370580.834,"ProjectedLat":4850982.678,"PSA_NUM2025":12,"DIST_NUM2025":1,"TRACTCEN":989200,"BLKGRPCEN":1,"CenPOP2020":0,"UniqueID":98920000010},"geometry":{"type":"Point","coordinates":[-75.194207,39.896978]}},{"type":"Feature","properties":{"ProjectedLong":-8370099.488,"ProjectedLat":4849738.97,"PSA_NUM2025":12,"DIST_NUM2025":1,"TRACTCEN":989200,"BLKGRPCEN":2,"CenPOP2020":3,"UniqueID":98920000020},"geometry":{"type":"Point","coordinates":[-75.189883,39.888406]}},{"type":"Feature","properties":{"ProjectedLong":-8369111.862,"ProjectedLat":4850933.054,"PSA_NUM2025":12,"DIST_NUM2025":1,"TRACTCEN":989200,"BLKGRPCEN":3,"CenPOP2020":0,"UniqueID":98920000030},"geometry":{"type":"Point","coordinates":[-75.181011,39.896636]}},{"type":"Feature","properties":{"ProjectedLong":-8368976.163,"ProjectedLat":4849605.497,"PSA_NUM2025":12,"DIST_NUM2025":1,"TRACTCEN":989200,"BLKGRPCEN":4,"CenPOP2020":0,"UniqueID":98920000040},"geometry":{"type":"Point","coordinates":[-75.179792,39.887486]}},{"type":"Feature","properties":{"ProjectedLong":-8368089.726,"ProjectedLat":4849924.965,"PSA_NUM2025":12,"DIST_NUM2025":1,"TRACTCEN":989200,"BLKGRPCEN":5,"CenPOP2020":0,"UniqueID":98920000050},"geometry":{"type":"Point","coordinates":[-75.171829,39.889688]}},{"type":"Feature","properties":{"ProjectedLong":-8366272.213,"ProjectedLat":4850525.047,"PSA_NUM2025":12,"DIST_NUM2025":1,"TRACTCEN":989200,"BLKGRPCEN":6,"CenPOP2020":0,"UniqueID":98920000060},"geometry":{"type":"Point","coordinates":[-75.155502,39.893824]}},{"type":"Feature","properties":{"ProjectedLong":-8366348.244,"ProjectedLat":4850020.575,"PSA_NUM2025":12,"DIST_NUM2025":1,"TRACTCEN":989200,"BLKGRPCEN":7,"CenPOP2020":0,"UniqueID":98920000070},"geometry":{"type":"Point","coordinates":[-75.156185,39.890347]}},{"type":"Feature","properties":{"ProjectedLong":-8360579.891,"ProjectedLat":4871610.11,"PSA_NUM2025":22,"DIST_NUM2025":2,"TRACTCEN":29100,"BLKGRPCEN":1,"CenPOP2020":729,"UniqueID":2910000010},"geometry":{"type":"Point","coordinates":[-75.104367,40.038992]}},{"type":"Feature","properties":{"ProjectedLong":-8361134.93,"ProjectedLat":4871051.352,"PSA_NUM2025":22,"DIST_NUM2025":2,"TRACTCEN":29100,"BLKGRPCEN":2,"CenPOP2020":1828,"UniqueID":2910000020},"geometry":{"type":"Point","coordinates":[-75.109353,40.035149]}},{"type":"Feature","properties":{"ProjectedLong":-8360768.577,"ProjectedLat":4870594.831,"PSA_NUM2025":22,"DIST_NUM2025":2,"TRACTCEN":29100,"BLKGRPCEN":3,"CenPOP2020":1424,"UniqueID":2910000030},"geometry":{"type":"Point","coordinates":[-75.106062,40.032009]}},{"type":"Feature","properties":{"ProjectedLong":-8361097.415,"ProjectedLat":4870258.124,"PSA_NUM2025":22,"DIST_NUM2025":2,"TRACTCEN":29100,"BLKGRPCEN":4,"CenPOP2020":845,"UniqueID":2910000040},"geometry":{"type":"Point","coordinates":[-75.109016,40.029693]}},{"type":"Feature","properties":{"ProjectedLong":-8359799.986,"ProjectedLat":4872438.49,"PSA_NUM2025":22,"DIST_NUM2025":2,"TRACTCEN":30501,"BLKGRPCEN":1,"CenPOP2020":1512,"UniqueID":3050100010},"geometry":{"type":"Point","coordinates":[-75.097361,40.044689]}},{"type":"Feature","properties":{"ProjectedLong":-8360091.866,"ProjectedLat":4871874.16,"PSA_NUM2025":22,"DIST_NUM2025":2,"TRACTCEN":30501,"BLKGRPCEN":2,"CenPOP2020":1662,"UniqueID":3050100020},"geometry":{"type":"Point","coordinates":[-75.099983,40.040808]}},{"type":"Feature","properties":{"ProjectedLong":-8360228.789,"ProjectedLat":4872079.764,"PSA_NUM2025":22,"DIST_NUM2025":2,"TRACTCEN":30501,"BLKGRPCEN":3,"CenPOP2020":2276,"UniqueID":3050100030},"geometry":{"type":"Point","coordinates":[-75.101213,40.042222]}},{"type":"Feature","properties":{"ProjectedLong":-8360348.458,"ProjectedLat":4872677.26,"PSA_NUM2025":22,"DIST_NUM2025":2,"TRACTCEN":30502,"BLKGRPCEN":1,"CenPOP2020":1199,"UniqueID":3050200010},"geometry":{"type":"Point","coordinates":[-75.102288,40.046331]}},{"type":"Feature","properties":{"ProjectedLong":-8360688.093,"ProjectedLat":4872836.492,"PSA_NUM2025":22,"DIST_NUM2025":2,"TRACTCEN":30502,"BLKGRPCEN":2,"CenPOP2020":1340,"UniqueID":3050200020},"geometry":{"type":"Point","coordinates":[-75.105339,40.047426]}},{"type":"Feature","properties":{"ProjectedLong":-8360571.987,"ProjectedLat":4873093.013,"PSA_NUM2025":22,"DIST_NUM2025":2,"TRACTCEN":30502,"BLKGRPCEN":3,"CenPOP2020":1051,"UniqueID":3050200030},"geometry":{"type":"Point","coordinates":[-75.104296,40.04919]}},{"type":"Feature","properties":{"ProjectedLong":-8360566.198,"ProjectedLat":4872155.957,"PSA_NUM2025":22,"DIST_NUM2025":2,"TRACTCEN":30502,"BLKGRPCEN":4,"CenPOP2020":1514,"UniqueID":3050200040},"geometry":{"type":"Point","coordinates":[-75.104244,40.042746]}},{"type":"Feature","properties":{"ProjectedLong":-8360968.062,"ProjectedLat":4872432.528,"PSA_NUM2025":22,"DIST_NUM2025":2,"TRACTCEN":30502,"BLKGRPCEN":5,"CenPOP2020":743,"UniqueID":3050200050},"geometry":{"type":"Point","coordinates":[-75.107854,40.044648]}},{"type":"Feature","properties":{"ProjectedLong":-8360031.308,"ProjectedLat":4873184.775,"PSA_NUM2025":22,"DIST_NUM2025":2,"TRACTCEN":30600,"BLKGRPCEN":1,"CenPOP2020":1397,"UniqueID":3060000010},"geometry":{"type":"Point","coordinates":[-75.099439,40.049821]}},{"type":"Feature","properties":{"ProjectedLong":-8358900.08,"ProjectedLat":4873135.913,"PSA_NUM2025":22,"DIST_NUM2025":2,"TRACTCEN":30600,"BLKGRPCEN":2,"CenPOP2020":1835,"UniqueID":3060000020},"geometry":{"type":"Point","coordinates":[-75.089277,40.049485]}},{"type":"Feature","properties":{"ProjectedLong":-8359620.094,"ProjectedLat":4873646.796,"PSA_NUM2025":22,"DIST_NUM2025":2,"TRACTCEN":30600,"BLKGRPCEN":3,"CenPOP2020":1901,"UniqueID":3060000030},"geometry":{"type":"Point","coordinates":[-75.095745,40.052998]}},{"type":"Feature","properties":{"ProjectedLong":-8359427.734,"ProjectedLat":4872957.481,"PSA_NUM2025":22,"DIST_NUM2025":2,"TRACTCEN":30600,"BLKGRPCEN":4,"CenPOP2020":2009,"UniqueID":3060000040},"geometry":{"type":"Point","coordinates":[-75.094017,40.048258]}},{"type":"Feature","properties":{"ProjectedLong":-8358637.143,"ProjectedLat":4874371.937,"PSA_NUM2025":23,"DIST_NUM2025":2,"TRACTCEN":30700,"BLKGRPCEN":1,"CenPOP2020":1258,"UniqueID":3070000010},"geometry":{"type":"Point","coordinates":[-75.086915,40.057984]}},{"type":"Feature","properties":{"ProjectedLong":-8358843.752,"ProjectedLat":4873694.643,"PSA_NUM2025":22,"DIST_NUM2025":2,"TRACTCEN":30700,"BLKGRPCEN":2,"CenPOP2020":744,"UniqueID":3070000020},"geometry":{"type":"Point","coordinates":[-75.088771,40.053327]}},{"type":"Feature","properties":{"ProjectedLong":-8358955.072,"ProjectedLat":4874491.781,"PSA_NUM2025":23,"DIST_NUM2025":2,"TRACTCEN":30700,"BLKGRPCEN":3,"CenPOP2020":1741,"UniqueID":3070000030},"geometry":{"type":"Point","coordinates":[-75.089771,40.058808]}},{"type":"Feature","properties":{"ProjectedLong":-8358128.858,"ProjectedLat":4874148.107,"PSA_NUM2025":23,"DIST_NUM2025":2,"TRACTCEN":30800,"BLKGRPCEN":1,"CenPOP2020":834,"UniqueID":3080000010},"geometry":{"type":"Point","coordinates":[-75.082349,40.056445]}},{"type":"Feature","properties":{"ProjectedLong":-8357963.326,"ProjectedLat":4874398.262,"PSA_NUM2025":23,"DIST_NUM2025":2,"TRACTCEN":30800,"BLKGRPCEN":2,"CenPOP2020":1042,"UniqueID":3080000020},"geometry":{"type":"Point","coordinates":[-75.080862,40.058165]}},{"type":"Feature","properties":{"ProjectedLong":-8358059.284,"ProjectedLat":4873791.936,"PSA_NUM2025":23,"DIST_NUM2025":2,"TRACTCEN":30800,"BLKGRPCEN":3,"CenPOP2020":1818,"UniqueID":3080000030},"geometry":{"type":"Point","coordinates":[-75.081724,40.053996]}},{"type":"Feature","properties":{"ProjectedLong":-8358294.947,"ProjectedLat":4873427.344,"PSA_NUM2025":22,"DIST_NUM2025":2,"TRACTCEN":30800,"BLKGRPCEN":4,"CenPOP2020":1444,"UniqueID":3080000040},"geometry":{"type":"Point","coordinates":[-75.083841,40.051489]}},{"type":"Feature","properties":{"ProjectedLong":-8358182.292,"ProjectedLat":4872598.445,"PSA_NUM2025":22,"DIST_NUM2025":2,"TRACTCEN":30900,"BLKGRPCEN":1,"CenPOP2020":1817,"UniqueID":3090000010},"geometry":{"type":"Point","coordinates":[-75.082829,40.045789]}},{"type":"Feature","properties":{"ProjectedLong":-8358378.77,"ProjectedLat":4872021.892,"PSA_NUM2025":21,"DIST_NUM2025":2,"TRACTCEN":30900,"BLKGRPCEN":2,"CenPOP2020":986,"UniqueID":3090000020},"geometry":{"type":"Point","coordinates":[-75.084594,40.041824]}},{"type":"Feature","properties":{"ProjectedLong":-8358514.803,"ProjectedLat":4872540.861,"PSA_NUM2025":22,"DIST_NUM2025":2,"TRACTCEN":30900,"BLKGRPCEN":3,"CenPOP2020":1334,"UniqueID":3090000030},"geometry":{"type":"Point","coordinates":[-75.085816,40.045393]}},{"type":"Feature","properties":{"ProjectedLong":-8357257.449,"ProjectedLat":4872565.872,"PSA_NUM2025":21,"DIST_NUM2025":2,"TRACTCEN":31000,"BLKGRPCEN":1,"CenPOP2020":1555,"UniqueID":3100000010},"geometry":{"type":"Point","coordinates":[-75.074521,40.045565]}},{"type":"Feature","properties":{"ProjectedLong":-8357696.827,"ProjectedLat":4872937.558,"PSA_NUM2025":21,"DIST_NUM2025":2,"TRACTCEN":31000,"BLKGRPCEN":2,"CenPOP2020":2135,"UniqueID":3100000020},"geometry":{"type":"Point","coordinates":[-75.078468,40.048121]}},{"type":"Feature","properties":{"ProjectedLong":-8356752.059,"ProjectedLat":4873229.711,"PSA_NUM2025":23,"DIST_NUM2025":2,"TRACTCEN":31000,"BLKGRPCEN":3,"CenPOP2020":1355,"UniqueID":3100000030},"geometry":{"type":"Point","coordinates":[-75.069981,40.05013]}},{"type":"Feature","properties":{"ProjectedLong":-8357219.823,"ProjectedLat":4873560.265,"PSA_NUM2025":23,"DIST_NUM2025":2,"TRACTCEN":31000,"BLKGRPCEN":4,"CenPOP2020":2221,"UniqueID":3100000040},"geometry":{"type":"Point","coordinates":[-75.074183,40.052403]}},{"type":"Feature","properties":{"ProjectedLong":-8357491.999,"ProjectedLat":4872259.925,"PSA_NUM2025":21,"DIST_NUM2025":2,"TRACTCEN":31101,"BLKGRPCEN":1,"CenPOP2020":1325,"UniqueID":3110100010},"geometry":{"type":"Point","coordinates":[-75.076628,40.043461]}},{"type":"Feature","properties":{"ProjectedLong":-8357647.624,"ProjectedLat":4872067.695,"PSA_NUM2025":21,"DIST_NUM2025":2,"TRACTCEN":31101,"BLKGRPCEN":2,"CenPOP2020":850,"UniqueID":3110100020},"geometry":{"type":"Point","coordinates":[-75.078026,40.042139]}},{"type":"Feature","properties":{"ProjectedLong":-8357821.616,"ProjectedLat":4871791.571,"PSA_NUM2025":21,"DIST_NUM2025":2,"TRACTCEN":31101,"BLKGRPCEN":3,"CenPOP2020":1420,"UniqueID":3110100030},"geometry":{"type":"Point","coordinates":[-75.079589,40.04024]}},{"type":"Feature","properties":{"ProjectedLong":-8357887.406,"ProjectedLat":4872285.808,"PSA_NUM2025":21,"DIST_NUM2025":2,"TRACTCEN":31101,"BLKGRPCEN":4,"CenPOP2020":1599,"UniqueID":3110100040},"geometry":{"type":"Point","coordinates":[-75.08018,40.043639]}},{"type":"Feature","properties":{"ProjectedLong":-8358379.104,"ProjectedLat":4871419.201,"PSA_NUM2025":21,"DIST_NUM2025":2,"TRACTCEN":31102,"BLKGRPCEN":1,"CenPOP2020":857,"UniqueID":3110200010},"geometry":{"type":"Point","coordinates":[-75.084597,40.037679]}},{"type":"Feature","properties":{"ProjectedLong":-8358541.631,"ProjectedLat":4871087.409,"PSA_NUM2025":21,"DIST_NUM2025":2,"TRACTCEN":31102,"BLKGRPCEN":2,"CenPOP2020":909,"UniqueID":3110200020},"geometry":{"type":"Point","coordinates":[-75.086057,40.035397]}},{"type":"Feature","properties":{"ProjectedLong":-8358249.195,"ProjectedLat":4871023.582,"PSA_NUM2025":21,"DIST_NUM2025":2,"TRACTCEN":31102,"BLKGRPCEN":3,"CenPOP2020":1222,"UniqueID":3110200030},"geometry":{"type":"Point","coordinates":[-75.08343,40.034958]}},{"type":"Feature","properties":{"ProjectedLong":-8358036.018,"ProjectedLat":4871450.898,"PSA_NUM2025":21,"DIST_NUM2025":2,"TRACTCEN":31102,"BLKGRPCEN":4,"CenPOP2020":1630,"UniqueID":3110200040},"geometry":{"type":"Point","coordinates":[-75.081515,40.037897]}},{"type":"Feature","properties":{"ProjectedLong":-8357811.709,"ProjectedLat":4871115.325,"PSA_NUM2025":21,"DIST_NUM2025":2,"TRACTCEN":31200,"BLKGRPCEN":1,"CenPOP2020":1190,"UniqueID":3120000010},"geometry":{"type":"Point","coordinates":[-75.0795,40.035589]}},{"type":"Feature","properties":{"ProjectedLong":-8357329.918,"ProjectedLat":4871271.333,"PSA_NUM2025":21,"DIST_NUM2025":2,"TRACTCEN":31200,"BLKGRPCEN":2,"CenPOP2020":2163,"UniqueID":3120000020},"geometry":{"type":"Point","coordinates":[-75.075172,40.036662]}},{"type":"Feature","properties":{"ProjectedLong":-8357698.831,"ProjectedLat":4870940.418,"PSA_NUM2025":21,"DIST_NUM2025":2,"TRACTCEN":31200,"BLKGRPCEN":3,"CenPOP2020":1451,"UniqueID":3120000030},"geometry":{"type":"Point","coordinates":[-75.078486,40.034386]}},{"type":"Feature","properties":{"ProjectedLong":-8356889.093,"ProjectedLat":4871833.156,"PSA_NUM2025":21,"DIST_NUM2025":2,"TRACTCEN":31300,"BLKGRPCEN":1,"CenPOP2020":2757,"UniqueID":3130000010},"geometry":{"type":"Point","coordinates":[-75.071212,40.040526]}},{"type":"Feature","properties":{"ProjectedLong":-8356420.327,"ProjectedLat":4871538.718,"PSA_NUM2025":21,"DIST_NUM2025":2,"TRACTCEN":31300,"BLKGRPCEN":2,"CenPOP2020":2853,"UniqueID":3130000020},"geometry":{"type":"Point","coordinates":[-75.067001,40.038501]}},{"type":"Feature","properties":{"ProjectedLong":-8357176.965,"ProjectedLat":4871974.78,"PSA_NUM2025":21,"DIST_NUM2025":2,"TRACTCEN":31300,"BLKGRPCEN":3,"CenPOP2020":1806,"UniqueID":3130000030},"geometry":{"type":"Point","coordinates":[-75.073798,40.0415]}},{"type":"Feature","properties":{"ProjectedLong":-8356614.134,"ProjectedLat":4872504.798,"PSA_NUM2025":21,"DIST_NUM2025":2,"TRACTCEN":31401,"BLKGRPCEN":1,"CenPOP2020":2955,"UniqueID":3140100010},"geometry":{"type":"Point","coordinates":[-75.068742,40.045145]}},{"type":"Feature","properties":{"ProjectedLong":-8356338.396,"ProjectedLat":4872163.083,"PSA_NUM2025":21,"DIST_NUM2025":2,"TRACTCEN":31401,"BLKGRPCEN":2,"CenPOP2020":1684,"UniqueID":3140100020},"geometry":{"type":"Point","coordinates":[-75.066265,40.042795]}},{"type":"Feature","properties":{"ProjectedLong":-8356251.678,"ProjectedLat":4872949.337,"PSA_NUM2025":23,"DIST_NUM2025":2,"TRACTCEN":31401,"BLKGRPCEN":3,"CenPOP2020":2817,"UniqueID":3140100030},"geometry":{"type":"Point","coordinates":[-75.065486,40.048202]}},{"type":"Feature","properties":{"ProjectedLong":-8355434.815,"ProjectedLat":4872244.366,"PSA_NUM2025":23,"DIST_NUM2025":2,"TRACTCEN":31402,"BLKGRPCEN":1,"CenPOP2020":1482,"UniqueID":3140200010},"geometry":{"type":"Point","coordinates":[-75.058148,40.043354]}},{"type":"Feature","properties":{"ProjectedLong":-8355901.244,"ProjectedLat":4871840.572,"PSA_NUM2025":21,"DIST_NUM2025":2,"TRACTCEN":31402,"BLKGRPCEN":2,"CenPOP2020":1748,"UniqueID":3140200020},"geometry":{"type":"Point","coordinates":[-75.062338,40.040577]}},{"type":"Feature","properties":{"ProjectedLong":-8355746.51,"ProjectedLat":4872503.199,"PSA_NUM2025":23,"DIST_NUM2025":2,"TRACTCEN":31402,"BLKGRPCEN":3,"CenPOP2020":2726,"UniqueID":3140200030},"geometry":{"type":"Point","coordinates":[-75.060948,40.045134]}},{"type":"Feature","properties":{"ProjectedLong":-8354807.53,"ProjectedLat":4873805.607,"PSA_NUM2025":23,"DIST_NUM2025":2,"TRACTCEN":33400,"BLKGRPCEN":2,"CenPOP2020":1644,"UniqueID":3340000020},"geometry":{"type":"Point","coordinates":[-75.052513,40.05409]}},{"type":"Feature","properties":{"ProjectedLong":-8354927.421,"ProjectedLat":4874234.788,"PSA_NUM2025":23,"DIST_NUM2025":2,"TRACTCEN":33400,"BLKGRPCEN":3,"CenPOP2020":979,"UniqueID":3340000030},"geometry":{"type":"Point","coordinates":[-75.05359,40.057041]}},{"type":"Feature","properties":{"ProjectedLong":-8355044.64,"ProjectedLat":4873217.35,"PSA_NUM2025":23,"DIST_NUM2025":2,"TRACTCEN":33400,"BLKGRPCEN":4,"CenPOP2020":1822,"UniqueID":3340000040},"geometry":{"type":"Point","coordinates":[-75.054643,40.050045]}},{"type":"Feature","properties":{"ProjectedLong":-8356257.244,"ProjectedLat":4874362.193,"PSA_NUM2025":23,"DIST_NUM2025":2,"TRACTCEN":33500,"BLKGRPCEN":1,"CenPOP2020":1367,"UniqueID":3350000010},"geometry":{"type":"Point","coordinates":[-75.065536,40.057917]}},{"type":"Feature","properties":{"ProjectedLong":-8355879.091,"ProjectedLat":4873766.195,"PSA_NUM2025":23,"DIST_NUM2025":2,"TRACTCEN":33500,"BLKGRPCEN":2,"CenPOP2020":1962,"UniqueID":3350000020},"geometry":{"type":"Point","coordinates":[-75.062139,40.053819]}},{"type":"Feature","properties":{"ProjectedLong":-8356541.554,"ProjectedLat":4873892.431,"PSA_NUM2025":23,"DIST_NUM2025":2,"TRACTCEN":33500,"BLKGRPCEN":3,"CenPOP2020":885,"UniqueID":3350000030},"geometry":{"type":"Point","coordinates":[-75.06809,40.054687]}},{"type":"Feature","properties":{"ProjectedLong":-8355437.598,"ProjectedLat":4874360.448,"PSA_NUM2025":23,"DIST_NUM2025":2,"TRACTCEN":33600,"BLKGRPCEN":1,"CenPOP2020":1678,"UniqueID":3360000010},"geometry":{"type":"Point","coordinates":[-75.058173,40.057905]}},{"type":"Feature","properties":{"ProjectedLong":-8356054.753,"ProjectedLat":4874874.885,"PSA_NUM2025":23,"DIST_NUM2025":2,"TRACTCEN":33600,"BLKGRPCEN":3,"CenPOP2020":2674,"UniqueID":3360000030},"geometry":{"type":"Point","coordinates":[-75.063717,40.061442]}},{"type":"Feature","properties":{"ProjectedLong":-8357101.268,"ProjectedLat":4874541.959,"PSA_NUM2025":23,"DIST_NUM2025":2,"TRACTCEN":33800,"BLKGRPCEN":1,"CenPOP2020":1863,"UniqueID":3380000010},"geometry":{"type":"Point","coordinates":[-75.073118,40.059153]}},{"type":"Feature","properties":{"ProjectedLong":-8357742.58,"ProjectedLat":4874941.064,"PSA_NUM2025":23,"DIST_NUM2025":2,"TRACTCEN":33800,"BLKGRPCEN":2,"CenPOP2020":2488,"UniqueID":3380000020},"geometry":{"type":"Point","coordinates":[-75.078879,40.061897]}},{"type":"Feature","properties":{"ProjectedLong":-8356580.627,"ProjectedLat":4875343.675,"PSA_NUM2025":23,"DIST_NUM2025":2,"TRACTCEN":33800,"BLKGRPCEN":3,"CenPOP2020":1934,"UniqueID":3380000030},"geometry":{"type":"Point","coordinates":[-75.068441,40.064665]}},{"type":"Feature","properties":{"ProjectedLong":-8358777.517,"ProjectedLat":4875924.058,"PSA_NUM2025":23,"DIST_NUM2025":2,"TRACTCEN":33900,"BLKGRPCEN":1,"CenPOP2020":1341,"UniqueID":3390000010},"geometry":{"type":"Point","coordinates":[-75.088176,40.068655]}},{"type":"Feature","properties":{"ProjectedLong":-8358148.673,"ProjectedLat":4875632.844,"PSA_NUM2025":23,"DIST_NUM2025":2,"TRACTCEN":33900,"BLKGRPCEN":2,"CenPOP2020":1765,"UniqueID":3390000020},"geometry":{"type":"Point","coordinates":[-75.082527,40.066653]}},{"type":"Feature","properties":{"ProjectedLong":-8357179.414,"ProjectedLat":4875982.68,"PSA_NUM2025":23,"DIST_NUM2025":2,"TRACTCEN":34000,"BLKGRPCEN":2,"CenPOP2020":1147,"UniqueID":3400000020},"geometry":{"type":"Point","coordinates":[-75.07382,40.069058]}},{"type":"Feature","properties":{"ProjectedLong":-8357578.829,"ProjectedLat":4876006.973,"PSA_NUM2025":23,"DIST_NUM2025":2,"TRACTCEN":34000,"BLKGRPCEN":3,"CenPOP2020":727,"UniqueID":3400000030},"geometry":{"type":"Point","coordinates":[-75.077408,40.069225]}},{"type":"Feature","properties":{"ProjectedLong":-8358227.265,"ProjectedLat":4876637.001,"PSA_NUM2025":23,"DIST_NUM2025":2,"TRACTCEN":34100,"BLKGRPCEN":1,"CenPOP2020":1641,"UniqueID":3410000010},"geometry":{"type":"Point","coordinates":[-75.083233,40.073556]}},{"type":"Feature","properties":{"ProjectedLong":-8358974.218,"ProjectedLat":4871889.573,"PSA_NUM2025":21,"DIST_NUM2025":2,"TRACTCEN":39001,"BLKGRPCEN":1,"CenPOP2020":1001,"UniqueID":3900100010},"geometry":{"type":"Point","coordinates":[-75.089943,40.040914]}},{"type":"Feature","properties":{"ProjectedLong":-8358985.239,"ProjectedLat":4871072.579,"PSA_NUM2025":21,"DIST_NUM2025":2,"TRACTCEN":39001,"BLKGRPCEN":2,"CenPOP2020":1242,"UniqueID":3900100020},"geometry":{"type":"Point","coordinates":[-75.090042,40.035295]}},{"type":"Feature","properties":{"ProjectedLong":-8358849.763,"ProjectedLat":4870907.705,"PSA_NUM2025":21,"DIST_NUM2025":2,"TRACTCEN":39001,"BLKGRPCEN":3,"CenPOP2020":912,"UniqueID":3900100030},"geometry":{"type":"Point","coordinates":[-75.088825,40.034161]}},{"type":"Feature","properties":{"ProjectedLong":-8358684.231,"ProjectedLat":4870784.27,"PSA_NUM2025":21,"DIST_NUM2025":2,"TRACTCEN":39001,"BLKGRPCEN":4,"CenPOP2020":824,"UniqueID":3900100040},"geometry":{"type":"Point","coordinates":[-75.087338,40.033312]}},{"type":"Feature","properties":{"ProjectedLong":-8359825.256,"ProjectedLat":4870475.906,"PSA_NUM2025":21,"DIST_NUM2025":2,"TRACTCEN":39002,"BLKGRPCEN":1,"CenPOP2020":26,"UniqueID":3900200010},"geometry":{"type":"Point","coordinates":[-75.097588,40.031191]}},{"type":"Feature","properties":{"ProjectedLong":-8359080.195,"ProjectedLat":4870531.007,"PSA_NUM2025":21,"DIST_NUM2025":2,"TRACTCEN":39002,"BLKGRPCEN":2,"CenPOP2020":1340,"UniqueID":3900200020},"geometry":{"type":"Point","coordinates":[-75.090895,40.03157]}},{"type":"Feature","properties":{"ProjectedLong":-8359262.759,"ProjectedLat":4870697.474,"PSA_NUM2025":21,"DIST_NUM2025":2,"TRACTCEN":39002,"BLKGRPCEN":3,"CenPOP2020":1121,"UniqueID":3900200030},"geometry":{"type":"Point","coordinates":[-75.092535,40.032715]}},{"type":"Feature","properties":{"ProjectedLong":-8359195.856,"ProjectedLat":4870217.708,"PSA_NUM2025":21,"DIST_NUM2025":2,"TRACTCEN":39002,"BLKGRPCEN":4,"CenPOP2020":1934,"UniqueID":3900200040},"geometry":{"type":"Point","coordinates":[-75.091934,40.029415]}},{"type":"Feature","properties":{"ProjectedLong":-8367090.3,"ProjectedLat":4857787.083,"PSA_NUM2025":31,"DIST_NUM2025":3,"TRACTCEN":1101,"BLKGRPCEN":2,"CenPOP2020":1181,"UniqueID":110100020},"geometry":{"type":"Point","coordinates":[-75.162851,39.943857]}},{"type":"Feature","properties":{"ProjectedLong":-8366265.2,"ProjectedLat":4857652.63,"PSA_NUM2025":31,"DIST_NUM2025":3,"TRACTCEN":1102,"BLKGRPCEN":3,"CenPOP2020":553,"UniqueID":110200030},"geometry":{"type":"Point","coordinates":[-75.155439,39.942931]}},{"type":"Feature","properties":{"ProjectedLong":-8366161.784,"ProjectedLat":4857416.98,"PSA_NUM2025":31,"DIST_NUM2025":3,"TRACTCEN":1500,"BLKGRPCEN":1,"CenPOP2020":1120,"UniqueID":150000010},"geometry":{"type":"Point","coordinates":[-75.15451,39.941308]}},{"type":"Feature","properties":{"ProjectedLong":-8366876.01,"ProjectedLat":4857541.411,"PSA_NUM2025":31,"DIST_NUM2025":3,"TRACTCEN":1500,"BLKGRPCEN":2,"CenPOP2020":2218,"UniqueID":150000020},"geometry":{"type":"Point","coordinates":[-75.160926,39.942165]}},{"type":"Feature","properties":{"ProjectedLong":-8365663.852,"ProjectedLat":4857297.342,"PSA_NUM2025":31,"DIST_NUM2025":3,"TRACTCEN":1600,"BLKGRPCEN":1,"CenPOP2020":1239,"UniqueID":160000010},"geometry":{"type":"Point","coordinates":[-75.150037,39.940484]}},{"type":"Feature","properties":{"ProjectedLong":-8365232.155,"ProjectedLat":4857215.31,"PSA_NUM2025":31,"DIST_NUM2025":3,"TRACTCEN":1600,"BLKGRPCEN":2,"CenPOP2020":1426,"UniqueID":160000020},"geometry":{"type":"Point","coordinates":[-75.146159,39.939919]}},{"type":"Feature","properties":{"ProjectedLong":-8365283.251,"ProjectedLat":4856840.437,"PSA_NUM2025":31,"DIST_NUM2025":3,"TRACTCEN":1700,"BLKGRPCEN":1,"CenPOP2020":1342,"UniqueID":170000010},"geometry":{"type":"Point","coordinates":[-75.146618,39.937337]}},{"type":"Feature","properties":{"ProjectedLong":-8365748.009,"ProjectedLat":4856987.074,"PSA_NUM2025":31,"DIST_NUM2025":3,"TRACTCEN":1700,"BLKGRPCEN":2,"CenPOP2020":1655,"UniqueID":170000020},"geometry":{"type":"Point","coordinates":[-75.150793,39.938347]}},{"type":"Feature","properties":{"ProjectedLong":-8366388.764,"ProjectedLat":4857177.125,"PSA_NUM2025":31,"DIST_NUM2025":3,"TRACTCEN":1800,"BLKGRPCEN":1,"CenPOP2020":2283,"UniqueID":180000010},"geometry":{"type":"Point","coordinates":[-75.156549,39.939656]}},{"type":"Feature","properties":{"ProjectedLong":-8367175.905,"ProjectedLat":4857319.701,"PSA_NUM2025":31,"DIST_NUM2025":3,"TRACTCEN":1800,"BLKGRPCEN":2,"CenPOP2020":1193,"UniqueID":180000020},"geometry":{"type":"Point","coordinates":[-75.16362,39.940638]}},{"type":"Feature","properties":{"ProjectedLong":-8367135.496,"ProjectedLat":4856585.642,"PSA_NUM2025":33,"DIST_NUM2025":3,"TRACTCEN":2300,"BLKGRPCEN":1,"CenPOP2020":1140,"UniqueID":230000010},"geometry":{"type":"Point","coordinates":[-75.163257,39.935582]}},{"type":"Feature","properties":{"ProjectedLong":-8367068.37,"ProjectedLat":4856424.348,"PSA_NUM2025":33,"DIST_NUM2025":3,"TRACTCEN":2300,"BLKGRPCEN":2,"CenPOP2020":1903,"UniqueID":230000020},"geometry":{"type":"Point","coordinates":[-75.162654,39.934471]}},{"type":"Feature","properties":{"ProjectedLong":-8366203.64,"ProjectedLat":4856809.658,"PSA_NUM2025":31,"DIST_NUM2025":3,"TRACTCEN":2400,"BLKGRPCEN":1,"CenPOP2020":811,"UniqueID":240000010},"geometry":{"type":"Point","coordinates":[-75.154886,39.937125]}},{"type":"Feature","properties":{"ProjectedLong":-8366333.884,"ProjectedLat":4856353.211,"PSA_NUM2025":33,"DIST_NUM2025":3,"TRACTCEN":2400,"BLKGRPCEN":2,"CenPOP2020":1441,"UniqueID":240000020},"geometry":{"type":"Point","coordinates":[-75.156056,39.933981]}},{"type":"Feature","properties":{"ProjectedLong":-8366689.661,"ProjectedLat":4856891.687,"PSA_NUM2025":31,"DIST_NUM2025":3,"TRACTCEN":2400,"BLKGRPCEN":3,"CenPOP2020":1449,"UniqueID":240000030},"geometry":{"type":"Point","coordinates":[-75.159252,39.93769]}},{"type":"Feature","properties":{"ProjectedLong":-8366411.362,"ProjectedLat":4856655.329,"PSA_NUM2025":31,"DIST_NUM2025":3,"TRACTCEN":2400,"BLKGRPCEN":4,"CenPOP2020":755,"UniqueID":240000040},"geometry":{"type":"Point","coordinates":[-75.156752,39.936062]}},{"type":"Feature","properties":{"ProjectedLong":-8367119.354,"ProjectedLat":4856930.306,"PSA_NUM2025":31,"DIST_NUM2025":3,"TRACTCEN":2400,"BLKGRPCEN":5,"CenPOP2020":1168,"UniqueID":240000050},"geometry":{"type":"Point","coordinates":[-75.163112,39.937956]}},{"type":"Feature","properties":{"ProjectedLong":-8365517.244,"ProjectedLat":4856487.936,"PSA_NUM2025":31,"DIST_NUM2025":3,"TRACTCEN":2500,"BLKGRPCEN":1,"CenPOP2020":1347,"UniqueID":250000010},"geometry":{"type":"Point","coordinates":[-75.14872,39.934909]}},{"type":"Feature","properties":{"ProjectedLong":-8365335.682,"ProjectedLat":4856215.439,"PSA_NUM2025":32,"DIST_NUM2025":3,"TRACTCEN":2500,"BLKGRPCEN":2,"CenPOP2020":934,"UniqueID":250000020},"geometry":{"type":"Point","coordinates":[-75.147089,39.933032]}},{"type":"Feature","properties":{"ProjectedLong":-8365860.331,"ProjectedLat":4856170.725,"PSA_NUM2025":32,"DIST_NUM2025":3,"TRACTCEN":2500,"BLKGRPCEN":3,"CenPOP2020":785,"UniqueID":250000030},"geometry":{"type":"Point","coordinates":[-75.151802,39.932724]}},{"type":"Feature","properties":{"ProjectedLong":-8365910.536,"ProjectedLat":4856642.989,"PSA_NUM2025":31,"DIST_NUM2025":3,"TRACTCEN":2500,"BLKGRPCEN":4,"CenPOP2020":1327,"UniqueID":250000040},"geometry":{"type":"Point","coordinates":[-75.152253,39.935977]}},{"type":"Feature","properties":{"ProjectedLong":-8366117.924,"ProjectedLat":4855316.121,"PSA_NUM2025":32,"DIST_NUM2025":3,"TRACTCEN":2701,"BLKGRPCEN":1,"CenPOP2020":2217,"UniqueID":270100010},"geometry":{"type":"Point","coordinates":[-75.154116,39.926837]}},{"type":"Feature","properties":{"ProjectedLong":-8366054.249,"ProjectedLat":4855806.635,"PSA_NUM2025":32,"DIST_NUM2025":3,"TRACTCEN":2701,"BLKGRPCEN":2,"CenPOP2020":1983,"UniqueID":270100020},"geometry":{"type":"Point","coordinates":[-75.153544,39.930216]}},{"type":"Feature","properties":{"ProjectedLong":-8365641.811,"ProjectedLat":4855193.605,"PSA_NUM2025":32,"DIST_NUM2025":3,"TRACTCEN":2702,"BLKGRPCEN":1,"CenPOP2020":2223,"UniqueID":270200010},"geometry":{"type":"Point","coordinates":[-75.149839,39.925993]}},{"type":"Feature","properties":{"ProjectedLong":-8365589.713,"ProjectedLat":4855750.745,"PSA_NUM2025":32,"DIST_NUM2025":3,"TRACTCEN":2702,"BLKGRPCEN":2,"CenPOP2020":2045,"UniqueID":270200020},"geometry":{"type":"Point","coordinates":[-75.149371,39.929831]}},{"type":"Feature","properties":{"ProjectedLong":-8366366.946,"ProjectedLat":4855895.479,"PSA_NUM2025":33,"DIST_NUM2025":3,"TRACTCEN":2801,"BLKGRPCEN":1,"CenPOP2020":2119,"UniqueID":280100010},"geometry":{"type":"Point","coordinates":[-75.156353,39.930828]}},{"type":"Feature","properties":{"ProjectedLong":-8366465.464,"ProjectedLat":4855382.17,"PSA_NUM2025":33,"DIST_NUM2025":3,"TRACTCEN":2801,"BLKGRPCEN":2,"CenPOP2020":2245,"UniqueID":280100020},"geometry":{"type":"Point","coordinates":[-75.157238,39.927292]}},{"type":"Feature","properties":{"ProjectedLong":-8366818.012,"ProjectedLat":4855428.477,"PSA_NUM2025":33,"DIST_NUM2025":3,"TRACTCEN":2802,"BLKGRPCEN":1,"CenPOP2020":1867,"UniqueID":280200010},"geometry":{"type":"Point","coordinates":[-75.160405,39.927611]}},{"type":"Feature","properties":{"ProjectedLong":-8367210.748,"ProjectedLat":4855472.897,"PSA_NUM2025":33,"DIST_NUM2025":3,"TRACTCEN":2802,"BLKGRPCEN":2,"CenPOP2020":1639,"UniqueID":280200020},"geometry":{"type":"Point","coordinates":[-75.163933,39.927917]}},{"type":"Feature","properties":{"ProjectedLong":-8366749.996,"ProjectedLat":4855908.689,"PSA_NUM2025":33,"DIST_NUM2025":3,"TRACTCEN":2802,"BLKGRPCEN":3,"CenPOP2020":1869,"UniqueID":280200030},"geometry":{"type":"Point","coordinates":[-75.159794,39.930919]}},{"type":"Feature","properties":{"ProjectedLong":-8367546.71,"ProjectedLat":4855500.188,"PSA_NUM2025":33,"DIST_NUM2025":3,"TRACTCEN":2900,"BLKGRPCEN":1,"CenPOP2020":1501,"UniqueID":290000010},"geometry":{"type":"Point","coordinates":[-75.166951,39.928105]}},{"type":"Feature","properties":{"ProjectedLong":-8367580.44,"ProjectedLat":4855824.055,"PSA_NUM2025":33,"DIST_NUM2025":3,"TRACTCEN":2900,"BLKGRPCEN":2,"CenPOP2020":829,"UniqueID":290000020},"geometry":{"type":"Point","coordinates":[-75.167254,39.930336]}},{"type":"Feature","properties":{"ProjectedLong":-8367285.777,"ProjectedLat":4856049.941,"PSA_NUM2025":33,"DIST_NUM2025":3,"TRACTCEN":2900,"BLKGRPCEN":3,"CenPOP2020":2021,"UniqueID":290000030},"geometry":{"type":"Point","coordinates":[-75.164607,39.931892]}},{"type":"Feature","properties":{"ProjectedLong":-8367235.906,"ProjectedLat":4855044.527,"PSA_NUM2025":33,"DIST_NUM2025":3,"TRACTCEN":4001,"BLKGRPCEN":1,"CenPOP2020":1329,"UniqueID":400100010},"geometry":{"type":"Point","coordinates":[-75.164159,39.924966]}},{"type":"Feature","properties":{"ProjectedLong":-8367289.45,"ProjectedLat":4854670.897,"PSA_NUM2025":33,"DIST_NUM2025":3,"TRACTCEN":4001,"BLKGRPCEN":2,"CenPOP2020":1274,"UniqueID":400100020},"geometry":{"type":"Point","coordinates":[-75.16464,39.922392]}},{"type":"Feature","properties":{"ProjectedLong":-8367625.301,"ProjectedLat":4854698.476,"PSA_NUM2025":33,"DIST_NUM2025":3,"TRACTCEN":4001,"BLKGRPCEN":3,"CenPOP2020":918,"UniqueID":400100030},"geometry":{"type":"Point","coordinates":[-75.167657,39.922582]}},{"type":"Feature","properties":{"ProjectedLong":-8367555.281,"ProjectedLat":4855077.187,"PSA_NUM2025":33,"DIST_NUM2025":3,"TRACTCEN":4001,"BLKGRPCEN":4,"CenPOP2020":956,"UniqueID":400100040},"geometry":{"type":"Point","coordinates":[-75.167028,39.925191]}},{"type":"Feature","properties":{"ProjectedLong":-8367355.352,"ProjectedLat":4854313.393,"PSA_NUM2025":33,"DIST_NUM2025":3,"TRACTCEN":4002,"BLKGRPCEN":1,"CenPOP2020":1384,"UniqueID":400200010},"geometry":{"type":"Point","coordinates":[-75.165232,39.919929]}},{"type":"Feature","properties":{"ProjectedLong":-8367413.349,"ProjectedLat":4853954.015,"PSA_NUM2025":33,"DIST_NUM2025":3,"TRACTCEN":4002,"BLKGRPCEN":2,"CenPOP2020":1665,"UniqueID":400200020},"geometry":{"type":"Point","coordinates":[-75.165753,39.917453]}},{"type":"Feature","properties":{"ProjectedLong":-8367784.6,"ProjectedLat":4854015.846,"PSA_NUM2025":33,"DIST_NUM2025":3,"TRACTCEN":4002,"BLKGRPCEN":3,"CenPOP2020":1242,"UniqueID":400200030},"geometry":{"type":"Point","coordinates":[-75.169088,39.917879]}},{"type":"Feature","properties":{"ProjectedLong":-8367696.435,"ProjectedLat":4854339.665,"PSA_NUM2025":33,"DIST_NUM2025":3,"TRACTCEN":4002,"BLKGRPCEN":4,"CenPOP2020":1068,"UniqueID":400200040},"geometry":{"type":"Point","coordinates":[-75.168296,39.92011]}},{"type":"Feature","properties":{"ProjectedLong":-8366978.98,"ProjectedLat":4854536.632,"PSA_NUM2025":33,"DIST_NUM2025":3,"TRACTCEN":4101,"BLKGRPCEN":1,"CenPOP2020":835,"UniqueID":410100010},"geometry":{"type":"Point","coordinates":[-75.161851,39.921467]}},{"type":"Feature","properties":{"ProjectedLong":-8366924.323,"ProjectedLat":4854707.911,"PSA_NUM2025":33,"DIST_NUM2025":3,"TRACTCEN":4101,"BLKGRPCEN":2,"CenPOP2020":937,"UniqueID":410100020},"geometry":{"type":"Point","coordinates":[-75.16136,39.922647]}},{"type":"Feature","properties":{"ProjectedLong":-8366617.971,"ProjectedLat":4854933.772,"PSA_NUM2025":33,"DIST_NUM2025":3,"TRACTCEN":4101,"BLKGRPCEN":3,"CenPOP2020":3269,"UniqueID":410100030},"geometry":{"type":"Point","coordinates":[-75.158608,39.924203]}},{"type":"Feature","properties":{"ProjectedLong":-8366526.467,"ProjectedLat":4854457.816,"PSA_NUM2025":33,"DIST_NUM2025":3,"TRACTCEN":4101,"BLKGRPCEN":4,"CenPOP2020":1142,"UniqueID":410100040},"geometry":{"type":"Point","coordinates":[-75.157786,39.920924]}},{"type":"Feature","properties":{"ProjectedLong":-8366511.995,"ProjectedLat":4854633.738,"PSA_NUM2025":33,"DIST_NUM2025":3,"TRACTCEN":4101,"BLKGRPCEN":5,"CenPOP2020":983,"UniqueID":410100050},"geometry":{"type":"Point","coordinates":[-75.157656,39.922136]}},{"type":"Feature","properties":{"ProjectedLong":-8366996.569,"ProjectedLat":4854253.302,"PSA_NUM2025":33,"DIST_NUM2025":3,"TRACTCEN":4103,"BLKGRPCEN":1,"CenPOP2020":1705,"UniqueID":410300010},"geometry":{"type":"Point","coordinates":[-75.162009,39.919515]}},{"type":"Feature","properties":{"ProjectedLong":-8366617.637,"ProjectedLat":4854175.504,"PSA_NUM2025":33,"DIST_NUM2025":3,"TRACTCEN":4103,"BLKGRPCEN":2,"CenPOP2020":2568,"UniqueID":410300020},"geometry":{"type":"Point","coordinates":[-75.158605,39.918979]}},{"type":"Feature","properties":{"ProjectedLong":-8367098.426,"ProjectedLat":4853888.121,"PSA_NUM2025":33,"DIST_NUM2025":3,"TRACTCEN":4104,"BLKGRPCEN":1,"CenPOP2020":1465,"UniqueID":410400010},"geometry":{"type":"Point","coordinates":[-75.162924,39.916999]}},{"type":"Feature","properties":{"ProjectedLong":-8366658.714,"ProjectedLat":4853824.549,"PSA_NUM2025":33,"DIST_NUM2025":3,"TRACTCEN":4104,"BLKGRPCEN":2,"CenPOP2020":3096,"UniqueID":410400020},"geometry":{"type":"Point","coordinates":[-75.158974,39.916561]}},{"type":"Feature","properties":{"ProjectedLong":-8365534.721,"ProjectedLat":4854747.248,"PSA_NUM2025":32,"DIST_NUM2025":3,"TRACTCEN":4201,"BLKGRPCEN":1,"CenPOP2020":711,"UniqueID":420100010},"geometry":{"type":"Point","coordinates":[-75.148877,39.922918]}},{"type":"Feature","properties":{"ProjectedLong":-8365985.009,"ProjectedLat":4854445.188,"PSA_NUM2025":32,"DIST_NUM2025":3,"TRACTCEN":4201,"BLKGRPCEN":2,"CenPOP2020":2100,"UniqueID":420100020},"geometry":{"type":"Point","coordinates":[-75.152922,39.920837]}},{"type":"Feature","properties":{"ProjectedLong":-8365584.926,"ProjectedLat":4854385.241,"PSA_NUM2025":32,"DIST_NUM2025":3,"TRACTCEN":4201,"BLKGRPCEN":3,"CenPOP2020":786,"UniqueID":420100030},"geometry":{"type":"Point","coordinates":[-75.149328,39.920424]}},{"type":"Feature","properties":{"ProjectedLong":-8365934.915,"ProjectedLat":4854809.519,"PSA_NUM2025":32,"DIST_NUM2025":3,"TRACTCEN":4201,"BLKGRPCEN":4,"CenPOP2020":1690,"UniqueID":420100040},"geometry":{"type":"Point","coordinates":[-75.152472,39.923347]}},{"type":"Feature","properties":{"ProjectedLong":-8365627.562,"ProjectedLat":4853976.077,"PSA_NUM2025":32,"DIST_NUM2025":3,"TRACTCEN":4202,"BLKGRPCEN":1,"CenPOP2020":1514,"UniqueID":420200010},"geometry":{"type":"Point","coordinates":[-75.149711,39.917605]}},{"type":"Feature","properties":{"ProjectedLong":-8365967.309,"ProjectedLat":4853725.419,"PSA_NUM2025":32,"DIST_NUM2025":3,"TRACTCEN":4202,"BLKGRPCEN":2,"CenPOP2020":1465,"UniqueID":420200020},"geometry":{"type":"Point","coordinates":[-75.152763,39.915878]}},{"type":"Feature","properties":{"ProjectedLong":-8366048.461,"ProjectedLat":4854005.831,"PSA_NUM2025":32,"DIST_NUM2025":3,"TRACTCEN":4202,"BLKGRPCEN":3,"CenPOP2020":1413,"UniqueID":420200030},"geometry":{"type":"Point","coordinates":[-75.153492,39.91781]}},{"type":"Feature","properties":{"ProjectedLong":-8366077.515,"ProjectedLat":4854195.389,"PSA_NUM2025":32,"DIST_NUM2025":3,"TRACTCEN":4202,"BLKGRPCEN":4,"CenPOP2020":869,"UniqueID":420200040},"geometry":{"type":"Point","coordinates":[-75.153753,39.919116]}},{"type":"Feature","properties":{"ProjectedLong":-8364896.193,"ProjectedLat":4856656.055,"PSA_NUM2025":31,"DIST_NUM2025":3,"TRACTCEN":36600,"BLKGRPCEN":1,"CenPOP2020":571,"UniqueID":3660000010},"geometry":{"type":"Point","coordinates":[-75.143141,39.936067]}},{"type":"Feature","properties":{"ProjectedLong":-8367779.368,"ProjectedLat":4853528.613,"PSA_NUM2025":33,"DIST_NUM2025":3,"TRACTCEN":37200,"BLKGRPCEN":1,"CenPOP2020":1026,"UniqueID":3720000010},"geometry":{"type":"Point","coordinates":[-75.169041,39.914522]}},{"type":"Feature","properties":{"ProjectedLong":-8367013.935,"ProjectedLat":4853442.693,"PSA_NUM2025":33,"DIST_NUM2025":3,"TRACTCEN":37200,"BLKGRPCEN":2,"CenPOP2020":1534,"UniqueID":3720000020},"geometry":{"type":"Point","coordinates":[-75.162165,39.91393]}},{"type":"Feature","properties":{"ProjectedLong":-8367445.966,"ProjectedLat":4853563.446,"PSA_NUM2025":33,"DIST_NUM2025":3,"TRACTCEN":37200,"BLKGRPCEN":3,"CenPOP2020":745,"UniqueID":3720000030},"geometry":{"type":"Point","coordinates":[-75.166046,39.914762]}},{"type":"Feature","properties":{"ProjectedLong":-8366618.862,"ProjectedLat":4853408.006,"PSA_NUM2025":32,"DIST_NUM2025":3,"TRACTCEN":37200,"BLKGRPCEN":4,"CenPOP2020":1219,"UniqueID":3720000040},"geometry":{"type":"Point","coordinates":[-75.158616,39.913691]}},{"type":"Feature","properties":{"ProjectedLong":-8367474.018,"ProjectedLat":4852261.949,"PSA_NUM2025":33,"DIST_NUM2025":3,"TRACTCEN":980600,"BLKGRPCEN":1,"CenPOP2020":2,"UniqueID":98060000010},"geometry":{"type":"Point","coordinates":[-75.166298,39.905794]}},{"type":"Feature","properties":{"ProjectedLong":-8365152.673,"ProjectedLat":4852154.273,"PSA_NUM2025":32,"DIST_NUM2025":3,"TRACTCEN":980701,"BLKGRPCEN":1,"CenPOP2020":0,"UniqueID":98070100010},"geometry":{"type":"Point","coordinates":[-75.145445,39.905052]}},{"type":"Feature","properties":{"ProjectedLong":-8366546.059,"ProjectedLat":4852182.715,"PSA_NUM2025":32,"DIST_NUM2025":3,"TRACTCEN":980701,"BLKGRPCEN":2,"CenPOP2020":0,"UniqueID":98070100020},"geometry":{"type":"Point","coordinates":[-75.157962,39.905248]}},{"type":"Feature","properties":{"ProjectedLong":-8364257.887,"ProjectedLat":4851735.768,"PSA_NUM2025":32,"DIST_NUM2025":3,"TRACTCEN":980701,"BLKGRPCEN":3,"CenPOP2020":0,"UniqueID":98070100030},"geometry":{"type":"Point","coordinates":[-75.137407,39.902168]}},{"type":"Feature","properties":{"ProjectedLong":-8366014.174,"ProjectedLat":4851331.936,"PSA_NUM2025":32,"DIST_NUM2025":3,"TRACTCEN":980701,"BLKGRPCEN":4,"CenPOP2020":0,"UniqueID":98070100040},"geometry":{"type":"Point","coordinates":[-75.153184,39.899385]}},{"type":"Feature","properties":{"ProjectedLong":-8365195.753,"ProjectedLat":4854677.139,"PSA_NUM2025":32,"DIST_NUM2025":3,"TRACTCEN":980702,"BLKGRPCEN":1,"CenPOP2020":9,"UniqueID":98070200010},"geometry":{"type":"Point","coordinates":[-75.145832,39.922435]}},{"type":"Feature","properties":{"ProjectedLong":-8372243.168,"ProjectedLat":4868853.993,"PSA_NUM2025":51,"DIST_NUM2025":5,"TRACTCEN":20900,"BLKGRPCEN":1,"CenPOP2020":686,"UniqueID":2090000010},"geometry":{"type":"Point","coordinates":[-75.20914,40.020034]}},{"type":"Feature","properties":{"ProjectedLong":-8371827.056,"ProjectedLat":4868655.143,"PSA_NUM2025":51,"DIST_NUM2025":5,"TRACTCEN":20900,"BLKGRPCEN":2,"CenPOP2020":728,"UniqueID":2090000020},"geometry":{"type":"Point","coordinates":[-75.205402,40.018666]}},{"type":"Feature","properties":{"ProjectedLong":-8372235.598,"ProjectedLat":4868436.819,"PSA_NUM2025":51,"DIST_NUM2025":5,"TRACTCEN":20900,"BLKGRPCEN":3,"CenPOP2020":756,"UniqueID":2090000030},"geometry":{"type":"Point","coordinates":[-75.209072,40.017164]}},{"type":"Feature","properties":{"ProjectedLong":-8372603.286,"ProjectedLat":4868794.977,"PSA_NUM2025":51,"DIST_NUM2025":5,"TRACTCEN":20900,"BLKGRPCEN":4,"CenPOP2020":995,"UniqueID":2090000040},"geometry":{"type":"Point","coordinates":[-75.212375,40.019628]}},{"type":"Feature","properties":{"ProjectedLong":-8372726.517,"ProjectedLat":4869849.322,"PSA_NUM2025":51,"DIST_NUM2025":5,"TRACTCEN":21000,"BLKGRPCEN":1,"CenPOP2020":1093,"UniqueID":2100000010},"geometry":{"type":"Point","coordinates":[-75.213482,40.026881]}},{"type":"Feature","properties":{"ProjectedLong":-8373097.879,"ProjectedLat":4869662.663,"PSA_NUM2025":51,"DIST_NUM2025":5,"TRACTCEN":21000,"BLKGRPCEN":2,"CenPOP2020":818,"UniqueID":2100000020},"geometry":{"type":"Point","coordinates":[-75.216818,40.025597]}},{"type":"Feature","properties":{"ProjectedLong":-8372363.949,"ProjectedLat":4869504.064,"PSA_NUM2025":51,"DIST_NUM2025":5,"TRACTCEN":21000,"BLKGRPCEN":3,"CenPOP2020":997,"UniqueID":2100000030},"geometry":{"type":"Point","coordinates":[-75.210225,40.024506]}},{"type":"Feature","properties":{"ProjectedLong":-8373189.383,"ProjectedLat":4869307.963,"PSA_NUM2025":51,"DIST_NUM2025":5,"TRACTCEN":21000,"BLKGRPCEN":4,"CenPOP2020":1642,"UniqueID":2100000040},"geometry":{"type":"Point","coordinates":[-75.21764,40.023157]}},{"type":"Feature","properties":{"ProjectedLong":-8372645.699,"ProjectedLat":4869286.594,"PSA_NUM2025":51,"DIST_NUM2025":5,"TRACTCEN":21000,"BLKGRPCEN":5,"CenPOP2020":920,"UniqueID":2100000050},"geometry":{"type":"Point","coordinates":[-75.212756,40.02301]}},{"type":"Feature","properties":{"ProjectedLong":-8371828.057,"ProjectedLat":4869185.565,"PSA_NUM2025":51,"DIST_NUM2025":5,"TRACTCEN":21100,"BLKGRPCEN":1,"CenPOP2020":1238,"UniqueID":2110000010},"geometry":{"type":"Point","coordinates":[-75.205411,40.022315]}},{"type":"Feature","properties":{"ProjectedLong":-8371994.591,"ProjectedLat":4870134.988,"PSA_NUM2025":51,"DIST_NUM2025":5,"TRACTCEN":21100,"BLKGRPCEN":2,"CenPOP2020":1418,"UniqueID":2110000020},"geometry":{"type":"Point","coordinates":[-75.206907,40.028846]}},{"type":"Feature","properties":{"ProjectedLong":-8372731.304,"ProjectedLat":4871185.695,"PSA_NUM2025":51,"DIST_NUM2025":5,"TRACTCEN":21200,"BLKGRPCEN":1,"CenPOP2020":1278,"UniqueID":2120000010},"geometry":{"type":"Point","coordinates":[-75.213525,40.036073]}},{"type":"Feature","properties":{"ProjectedLong":-8372359.274,"ProjectedLat":4870657.202,"PSA_NUM2025":51,"DIST_NUM2025":5,"TRACTCEN":21200,"BLKGRPCEN":2,"CenPOP2020":1145,"UniqueID":2120000020},"geometry":{"type":"Point","coordinates":[-75.210183,40.032438]}},{"type":"Feature","properties":{"ProjectedLong":-8373400.891,"ProjectedLat":4871034.777,"PSA_NUM2025":52,"DIST_NUM2025":5,"TRACTCEN":21300,"BLKGRPCEN":1,"CenPOP2020":665,"UniqueID":2130000010},"geometry":{"type":"Point","coordinates":[-75.21954,40.035035]}},{"type":"Feature","properties":{"ProjectedLong":-8373151.201,"ProjectedLat":4870708.232,"PSA_NUM2025":52,"DIST_NUM2025":5,"TRACTCEN":21300,"BLKGRPCEN":2,"CenPOP2020":707,"UniqueID":2130000020},"geometry":{"type":"Point","coordinates":[-75.217297,40.032789]}},{"type":"Feature","properties":{"ProjectedLong":-8372838.727,"ProjectedLat":4870374.284,"PSA_NUM2025":51,"DIST_NUM2025":5,"TRACTCEN":21300,"BLKGRPCEN":3,"CenPOP2020":696,"UniqueID":2130000030},"geometry":{"type":"Point","coordinates":[-75.21449,40.030492]}},{"type":"Feature","properties":{"ProjectedLong":-8373137.731,"ProjectedLat":4870241.696,"PSA_NUM2025":51,"DIST_NUM2025":5,"TRACTCEN":21300,"BLKGRPCEN":4,"CenPOP2020":732,"UniqueID":2130000040},"geometry":{"type":"Point","coordinates":[-75.217176,40.02958]}},{"type":"Feature","properties":{"ProjectedLong":-8373725.832,"ProjectedLat":4870779.763,"PSA_NUM2025":52,"DIST_NUM2025":5,"TRACTCEN":21300,"BLKGRPCEN":5,"CenPOP2020":773,"UniqueID":2130000050},"geometry":{"type":"Point","coordinates":[-75.222459,40.033281]}},{"type":"Feature","properties":{"ProjectedLong":-8373363.042,"ProjectedLat":4869968.53,"PSA_NUM2025":51,"DIST_NUM2025":5,"TRACTCEN":21400,"BLKGRPCEN":1,"CenPOP2020":792,"UniqueID":2140000010},"geometry":{"type":"Point","coordinates":[-75.2192,40.027701]}},{"type":"Feature","properties":{"ProjectedLong":-8373897.153,"ProjectedLat":4869966.931,"PSA_NUM2025":52,"DIST_NUM2025":5,"TRACTCEN":21400,"BLKGRPCEN":2,"CenPOP2020":675,"UniqueID":2140000020},"geometry":{"type":"Point","coordinates":[-75.223998,40.02769]}},{"type":"Feature","properties":{"ProjectedLong":-8374135.377,"ProjectedLat":4870218.726,"PSA_NUM2025":52,"DIST_NUM2025":5,"TRACTCEN":21400,"BLKGRPCEN":3,"CenPOP2020":1132,"UniqueID":2140000030},"geometry":{"type":"Point","coordinates":[-75.226138,40.029422]}},{"type":"Feature","properties":{"ProjectedLong":-8373686.536,"ProjectedLat":4870358.728,"PSA_NUM2025":52,"DIST_NUM2025":5,"TRACTCEN":21400,"BLKGRPCEN":4,"CenPOP2020":1058,"UniqueID":2140000040},"geometry":{"type":"Point","coordinates":[-75.222106,40.030385]}},{"type":"Feature","properties":{"ProjectedLong":-8373916.856,"ProjectedLat":4869788.411,"PSA_NUM2025":51,"DIST_NUM2025":5,"TRACTCEN":21400,"BLKGRPCEN":5,"CenPOP2020":560,"UniqueID":2140000050},"geometry":{"type":"Point","coordinates":[-75.224175,40.026462]}},{"type":"Feature","properties":{"ProjectedLong":-8374393.86,"ProjectedLat":4871329.346,"PSA_NUM2025":52,"DIST_NUM2025":5,"TRACTCEN":21500,"BLKGRPCEN":1,"CenPOP2020":1799,"UniqueID":2150000010},"geometry":{"type":"Point","coordinates":[-75.22846,40.037061]}},{"type":"Feature","properties":{"ProjectedLong":-8374421.579,"ProjectedLat":4870615.621,"PSA_NUM2025":52,"DIST_NUM2025":5,"TRACTCEN":21500,"BLKGRPCEN":2,"CenPOP2020":2336,"UniqueID":2150000020},"geometry":{"type":"Point","coordinates":[-75.228709,40.032152]}},{"type":"Feature","properties":{"ProjectedLong":-8374799.62,"ProjectedLat":4871715.38,"PSA_NUM2025":52,"DIST_NUM2025":5,"TRACTCEN":21600,"BLKGRPCEN":1,"CenPOP2020":999,"UniqueID":2160000010},"geometry":{"type":"Point","coordinates":[-75.232105,40.039716]}},{"type":"Feature","properties":{"ProjectedLong":-8375538.447,"ProjectedLat":4872170.062,"PSA_NUM2025":53,"DIST_NUM2025":5,"TRACTCEN":21600,"BLKGRPCEN":2,"CenPOP2020":1252,"UniqueID":2160000020},"geometry":{"type":"Point","coordinates":[-75.238742,40.042843]}},{"type":"Feature","properties":{"ProjectedLong":-8373807.652,"ProjectedLat":4872890.006,"PSA_NUM2025":53,"DIST_NUM2025":5,"TRACTCEN":21700,"BLKGRPCEN":1,"CenPOP2020":1886,"UniqueID":2170000010},"geometry":{"type":"Point","coordinates":[-75.223194,40.047794]}},{"type":"Feature","properties":{"ProjectedLong":-8374564.179,"ProjectedLat":4872801.301,"PSA_NUM2025":53,"DIST_NUM2025":5,"TRACTCEN":21700,"BLKGRPCEN":2,"CenPOP2020":1948,"UniqueID":2170000020},"geometry":{"type":"Point","coordinates":[-75.22999,40.047184]}},{"type":"Feature","properties":{"ProjectedLong":-8373682.417,"ProjectedLat":4872062.024,"PSA_NUM2025":52,"DIST_NUM2025":5,"TRACTCEN":21700,"BLKGRPCEN":3,"CenPOP2020":921,"UniqueID":2170000030},"geometry":{"type":"Point","coordinates":[-75.222069,40.0421]}},{"type":"Feature","properties":{"ProjectedLong":-8373226.564,"ProjectedLat":4871707.238,"PSA_NUM2025":52,"DIST_NUM2025":5,"TRACTCEN":21700,"BLKGRPCEN":4,"CenPOP2020":1028,"UniqueID":2170000040},"geometry":{"type":"Point","coordinates":[-75.217974,40.03966]}},{"type":"Feature","properties":{"ProjectedLong":-8374883.555,"ProjectedLat":4874802.452,"PSA_NUM2025":53,"DIST_NUM2025":5,"TRACTCEN":21800,"BLKGRPCEN":1,"CenPOP2020":2005,"UniqueID":2180000010},"geometry":{"type":"Point","coordinates":[-75.232859,40.060944]}},{"type":"Feature","properties":{"ProjectedLong":-8374971.163,"ProjectedLat":4873754.124,"PSA_NUM2025":53,"DIST_NUM2025":5,"TRACTCEN":21800,"BLKGRPCEN":2,"CenPOP2020":1397,"UniqueID":2180000020},"geometry":{"type":"Point","coordinates":[-75.233646,40.053736]}},{"type":"Feature","properties":{"ProjectedLong":-8374622.956,"ProjectedLat":4874224.025,"PSA_NUM2025":53,"DIST_NUM2025":5,"TRACTCEN":21800,"BLKGRPCEN":3,"CenPOP2020":1022,"UniqueID":2180000030},"geometry":{"type":"Point","coordinates":[-75.230518,40.056967]}},{"type":"Feature","properties":{"ProjectedLong":-8375761.754,"ProjectedLat":4873242.654,"PSA_NUM2025":53,"DIST_NUM2025":5,"TRACTCEN":21900,"BLKGRPCEN":1,"CenPOP2020":1492,"UniqueID":2190000010},"geometry":{"type":"Point","coordinates":[-75.240748,40.050219]}},{"type":"Feature","properties":{"ProjectedLong":-8376182.876,"ProjectedLat":4875367.676,"PSA_NUM2025":53,"DIST_NUM2025":5,"TRACTCEN":22000,"BLKGRPCEN":1,"CenPOP2020":1446,"UniqueID":2200000010},"geometry":{"type":"Point","coordinates":[-75.244531,40.06483]}},{"type":"Feature","properties":{"ProjectedLong":-8375204.266,"ProjectedLat":4875677.646,"PSA_NUM2025":53,"DIST_NUM2025":5,"TRACTCEN":38400,"BLKGRPCEN":1,"CenPOP2020":1042,"UniqueID":3840000010},"geometry":{"type":"Point","coordinates":[-75.23574,40.066961]}},{"type":"Feature","properties":{"ProjectedLong":-8374961.478,"ProjectedLat":4876265.031,"PSA_NUM2025":53,"DIST_NUM2025":5,"TRACTCEN":38400,"BLKGRPCEN":2,"CenPOP2020":1369,"UniqueID":3840000020},"geometry":{"type":"Point","coordinates":[-75.233559,40.070999]}},{"type":"Feature","properties":{"ProjectedLong":-8365693.908,"ProjectedLat":4858935.084,"PSA_NUM2025":95,"DIST_NUM2025":9,"TRACTCEN":101,"BLKGRPCEN":1,"CenPOP2020":26,"UniqueID":10100010},"geometry":{"type":"Point","coordinates":[-75.150307,39.951763]}},{"type":"Feature","properties":{"ProjectedLong":-8365662.516,"ProjectedLat":4858676.75,"PSA_NUM2025":95,"DIST_NUM2025":9,"TRACTCEN":101,"BLKGRPCEN":2,"CenPOP2020":0,"UniqueID":10100020},"geometry":{"type":"Point","coordinates":[-75.150025,39.949984]}},{"type":"Feature","properties":{"ProjectedLong":-8365421.843,"ProjectedLat":4858890.939,"PSA_NUM2025":95,"DIST_NUM2025":9,"TRACTCEN":101,"BLKGRPCEN":3,"CenPOP2020":0,"UniqueID":10100030},"geometry":{"type":"Point","coordinates":[-75.147863,39.951459]}},{"type":"Feature","properties":{"ProjectedLong":-8365105.139,"ProjectedLat":4858756.907,"PSA_NUM2025":95,"DIST_NUM2025":9,"TRACTCEN":101,"BLKGRPCEN":4,"CenPOP2020":1340,"UniqueID":10100040},"geometry":{"type":"Point","coordinates":[-75.145018,39.950536]}},{"type":"Feature","properties":{"ProjectedLong":-8364860.459,"ProjectedLat":4858731.495,"PSA_NUM2025":95,"DIST_NUM2025":9,"TRACTCEN":101,"BLKGRPCEN":5,"CenPOP2020":963,"UniqueID":10100050},"geometry":{"type":"Point","coordinates":[-75.14282,39.950361]}},{"type":"Feature","properties":{"ProjectedLong":-8365054.044,"ProjectedLat":4859503.616,"PSA_NUM2025":95,"DIST_NUM2025":9,"TRACTCEN":102,"BLKGRPCEN":1,"CenPOP2020":1374,"UniqueID":10200010},"geometry":{"type":"Point","coordinates":[-75.144559,39.955678]}},{"type":"Feature","properties":{"ProjectedLong":-8365529.712,"ProjectedLat":4859398.911,"PSA_NUM2025":95,"DIST_NUM2025":9,"TRACTCEN":102,"BLKGRPCEN":2,"CenPOP2020":17,"UniqueID":10200020},"geometry":{"type":"Point","coordinates":[-75.148832,39.954957]}},{"type":"Feature","properties":{"ProjectedLong":-8364988.811,"ProjectedLat":4859145.938,"PSA_NUM2025":95,"DIST_NUM2025":9,"TRACTCEN":102,"BLKGRPCEN":3,"CenPOP2020":888,"UniqueID":10200030},"geometry":{"type":"Point","coordinates":[-75.143973,39.953215]}},{"type":"Feature","properties":{"ProjectedLong":-8364814.262,"ProjectedLat":4859050.676,"PSA_NUM2025":95,"DIST_NUM2025":9,"TRACTCEN":102,"BLKGRPCEN":4,"CenPOP2020":577,"UniqueID":10200040},"geometry":{"type":"Point","coordinates":[-75.142405,39.952559]}},{"type":"Feature","properties":{"ProjectedLong":-8365192.637,"ProjectedLat":4859188.487,"PSA_NUM2025":95,"DIST_NUM2025":9,"TRACTCEN":102,"BLKGRPCEN":5,"CenPOP2020":655,"UniqueID":10200050},"geometry":{"type":"Point","coordinates":[-75.145804,39.953508]}},{"type":"Feature","properties":{"ProjectedLong":-8366359.821,"ProjectedLat":4859447.996,"PSA_NUM2025":94,"DIST_NUM2025":9,"TRACTCEN":200,"BLKGRPCEN":1,"CenPOP2020":2213,"UniqueID":20000010},"geometry":{"type":"Point","coordinates":[-75.156289,39.955295]}},{"type":"Feature","properties":{"ProjectedLong":-8366007.829,"ProjectedLat":4859379.451,"PSA_NUM2025":94,"DIST_NUM2025":9,"TRACTCEN":200,"BLKGRPCEN":2,"CenPOP2020":586,"UniqueID":20000020},"geometry":{"type":"Point","coordinates":[-75.153127,39.954823]}},{"type":"Feature","properties":{"ProjectedLong":-8366765.024,"ProjectedLat":4859600.335,"PSA_NUM2025":94,"DIST_NUM2025":9,"TRACTCEN":200,"BLKGRPCEN":3,"CenPOP2020":534,"UniqueID":20000030},"geometry":{"type":"Point","coordinates":[-75.159929,39.956344]}},{"type":"Feature","properties":{"ProjectedLong":-8366811.89,"ProjectedLat":4859404.72,"PSA_NUM2025":94,"DIST_NUM2025":9,"TRACTCEN":200,"BLKGRPCEN":4,"CenPOP2020":34,"UniqueID":20000040},"geometry":{"type":"Point","coordinates":[-75.16035,39.954997]}},{"type":"Feature","properties":{"ProjectedLong":-8366865.323,"ProjectedLat":4858908.8,"PSA_NUM2025":94,"DIST_NUM2025":9,"TRACTCEN":500,"BLKGRPCEN":1,"CenPOP2020":808,"UniqueID":50000010},"geometry":{"type":"Point","coordinates":[-75.16083,39.951582]}},{"type":"Feature","properties":{"ProjectedLong":-8366536.263,"ProjectedLat":4858831.547,"PSA_NUM2025":94,"DIST_NUM2025":9,"TRACTCEN":500,"BLKGRPCEN":3,"CenPOP2020":1066,"UniqueID":50000030},"geometry":{"type":"Point","coordinates":[-75.157874,39.95105]}},{"type":"Feature","properties":{"ProjectedLong":-8366032.542,"ProjectedLat":4859070.716,"PSA_NUM2025":94,"DIST_NUM2025":9,"TRACTCEN":500,"BLKGRPCEN":4,"CenPOP2020":1707,"UniqueID":50000040},"geometry":{"type":"Point","coordinates":[-75.153349,39.952697]}},{"type":"Feature","properties":{"ProjectedLong":-8366929.332,"ProjectedLat":4858652.5,"PSA_NUM2025":94,"DIST_NUM2025":9,"TRACTCEN":600,"BLKGRPCEN":1,"CenPOP2020":1161,"UniqueID":60000010},"geometry":{"type":"Point","coordinates":[-75.161405,39.949817]}},{"type":"Feature","properties":{"ProjectedLong":-8366156.552,"ProjectedLat":4858557.243,"PSA_NUM2025":94,"DIST_NUM2025":9,"TRACTCEN":600,"BLKGRPCEN":2,"CenPOP2020":1156,"UniqueID":60000020},"geometry":{"type":"Point","coordinates":[-75.154463,39.949161]}},{"type":"Feature","properties":{"ProjectedLong":-8366916.641,"ProjectedLat":4858359.324,"PSA_NUM2025":94,"DIST_NUM2025":9,"TRACTCEN":901,"BLKGRPCEN":1,"CenPOP2020":1243,"UniqueID":90100010},"geometry":{"type":"Point","coordinates":[-75.161291,39.947798]}},{"type":"Feature","properties":{"ProjectedLong":-8367153.529,"ProjectedLat":4858360.631,"PSA_NUM2025":94,"DIST_NUM2025":9,"TRACTCEN":901,"BLKGRPCEN":2,"CenPOP2020":1166,"UniqueID":90100020},"geometry":{"type":"Point","coordinates":[-75.163419,39.947807]}},{"type":"Feature","properties":{"ProjectedLong":-8366191.84,"ProjectedLat":4858268.571,"PSA_NUM2025":94,"DIST_NUM2025":9,"TRACTCEN":902,"BLKGRPCEN":1,"CenPOP2020":1459,"UniqueID":90200010},"geometry":{"type":"Point","coordinates":[-75.15478,39.947173]}},{"type":"Feature","properties":{"ProjectedLong":-8366604.39,"ProjectedLat":4858303.856,"PSA_NUM2025":94,"DIST_NUM2025":9,"TRACTCEN":902,"BLKGRPCEN":2,"CenPOP2020":1383,"UniqueID":90200020},"geometry":{"type":"Point","coordinates":[-75.158486,39.947416]}},{"type":"Feature","properties":{"ProjectedLong":-8365861.555,"ProjectedLat":4857755.72,"PSA_NUM2025":95,"DIST_NUM2025":9,"TRACTCEN":1001,"BLKGRPCEN":1,"CenPOP2020":1187,"UniqueID":100100010},"geometry":{"type":"Point","coordinates":[-75.151813,39.943641]}},{"type":"Feature","properties":{"ProjectedLong":-8365675.54,"ProjectedLat":4858442.092,"PSA_NUM2025":95,"DIST_NUM2025":9,"TRACTCEN":1001,"BLKGRPCEN":2,"CenPOP2020":0,"UniqueID":100100020},"geometry":{"type":"Point","coordinates":[-75.150142,39.948368]}},{"type":"Feature","properties":{"ProjectedLong":-8365819.477,"ProjectedLat":4858109.137,"PSA_NUM2025":95,"DIST_NUM2025":9,"TRACTCEN":1001,"BLKGRPCEN":3,"CenPOP2020":1806,"UniqueID":100100030},"geometry":{"type":"Point","coordinates":[-75.151435,39.946075]}},{"type":"Feature","properties":{"ProjectedLong":-8365189.965,"ProjectedLat":4858094.181,"PSA_NUM2025":95,"DIST_NUM2025":9,"TRACTCEN":1002,"BLKGRPCEN":1,"CenPOP2020":2194,"UniqueID":100200010},"geometry":{"type":"Point","coordinates":[-75.14578,39.945972]}},{"type":"Feature","properties":{"ProjectedLong":-8365386.221,"ProjectedLat":4857815.542,"PSA_NUM2025":95,"DIST_NUM2025":9,"TRACTCEN":1002,"BLKGRPCEN":2,"CenPOP2020":722,"UniqueID":100200020},"geometry":{"type":"Point","coordinates":[-75.147543,39.944053]}},{"type":"Feature","properties":{"ProjectedLong":-8365077.31,"ProjectedLat":4858380.815,"PSA_NUM2025":95,"DIST_NUM2025":9,"TRACTCEN":1002,"BLKGRPCEN":3,"CenPOP2020":245,"UniqueID":100200030},"geometry":{"type":"Point","coordinates":[-75.144768,39.947946]}},{"type":"Feature","properties":{"ProjectedLong":-8365273.343,"ProjectedLat":4857575.532,"PSA_NUM2025":95,"DIST_NUM2025":9,"TRACTCEN":1002,"BLKGRPCEN":4,"CenPOP2020":1490,"UniqueID":100200040},"geometry":{"type":"Point","coordinates":[-75.146529,39.9424]}},{"type":"Feature","properties":{"ProjectedLong":-8367243.587,"ProjectedLat":4858072.256,"PSA_NUM2025":94,"DIST_NUM2025":9,"TRACTCEN":1101,"BLKGRPCEN":1,"CenPOP2020":1188,"UniqueID":110100010},"geometry":{"type":"Point","coordinates":[-75.164228,39.945821]}},{"type":"Feature","properties":{"ProjectedLong":-8366873.672,"ProjectedLat":4858010.545,"PSA_NUM2025":94,"DIST_NUM2025":9,"TRACTCEN":1101,"BLKGRPCEN":3,"CenPOP2020":1129,"UniqueID":110100030},"geometry":{"type":"Point","coordinates":[-75.160905,39.945396]}},{"type":"Feature","properties":{"ProjectedLong":-8367081.506,"ProjectedLat":4858078.354,"PSA_NUM2025":94,"DIST_NUM2025":9,"TRACTCEN":1101,"BLKGRPCEN":4,"CenPOP2020":799,"UniqueID":110100040},"geometry":{"type":"Point","coordinates":[-75.162772,39.945863]}},{"type":"Feature","properties":{"ProjectedLong":-8366568.1,"ProjectedLat":4857951.303,"PSA_NUM2025":94,"DIST_NUM2025":9,"TRACTCEN":1102,"BLKGRPCEN":1,"CenPOP2020":1729,"UniqueID":110200010},"geometry":{"type":"Point","coordinates":[-75.15816,39.944988]}},{"type":"Feature","properties":{"ProjectedLong":-8366219.781,"ProjectedLat":4857802.183,"PSA_NUM2025":95,"DIST_NUM2025":9,"TRACTCEN":1102,"BLKGRPCEN":2,"CenPOP2020":518,"UniqueID":110200020},"geometry":{"type":"Point","coordinates":[-75.155031,39.943961]}},{"type":"Feature","properties":{"ProjectedLong":-8365752.796,"ProjectedLat":4860957.115,"PSA_NUM2025":92,"DIST_NUM2025":9,"TRACTCEN":13100,"BLKGRPCEN":1,"CenPOP2020":1046,"UniqueID":1310000010},"geometry":{"type":"Point","coordinates":[-75.150836,39.965686]}},{"type":"Feature","properties":{"ProjectedLong":-8365713.723,"ProjectedLat":4860603.015,"PSA_NUM2025":92,"DIST_NUM2025":9,"TRACTCEN":13100,"BLKGRPCEN":2,"CenPOP2020":663,"UniqueID":1310000020},"geometry":{"type":"Point","coordinates":[-75.150485,39.963248]}},{"type":"Feature","properties":{"ProjectedLong":-8366346.018,"ProjectedLat":4861213.91,"PSA_NUM2025":92,"DIST_NUM2025":9,"TRACTCEN":13200,"BLKGRPCEN":1,"CenPOP2020":1262,"UniqueID":1320000010},"geometry":{"type":"Point","coordinates":[-75.156165,39.967454]}},{"type":"Feature","properties":{"ProjectedLong":-8366705.023,"ProjectedLat":4861053.993,"PSA_NUM2025":92,"DIST_NUM2025":9,"TRACTCEN":13200,"BLKGRPCEN":2,"CenPOP2020":136,"UniqueID":1320000020},"geometry":{"type":"Point","coordinates":[-75.15939,39.966353]}},{"type":"Feature","properties":{"ProjectedLong":-8366425.611,"ProjectedLat":4860659.949,"PSA_NUM2025":92,"DIST_NUM2025":9,"TRACTCEN":13200,"BLKGRPCEN":3,"CenPOP2020":1044,"UniqueID":1320000030},"geometry":{"type":"Point","coordinates":[-75.15688,39.96364]}},{"type":"Feature","properties":{"ProjectedLong":-8366353.921,"ProjectedLat":4860867.79,"PSA_NUM2025":92,"DIST_NUM2025":9,"TRACTCEN":13200,"BLKGRPCEN":4,"CenPOP2020":779,"UniqueID":1320000040},"geometry":{"type":"Point","coordinates":[-75.156236,39.965071]}},{"type":"Feature","properties":{"ProjectedLong":-8364574.591,"ProjectedLat":4859463.389,"PSA_NUM2025":95,"DIST_NUM2025":9,"TRACTCEN":36600,"BLKGRPCEN":2,"CenPOP2020":396,"UniqueID":3660000020},"geometry":{"type":"Point","coordinates":[-75.140252,39.955401]}},{"type":"Feature","properties":{"ProjectedLong":-8364610.102,"ProjectedLat":4858152.988,"PSA_NUM2025":95,"DIST_NUM2025":9,"TRACTCEN":36600,"BLKGRPCEN":3,"CenPOP2020":839,"UniqueID":3660000030},"geometry":{"type":"Point","coordinates":[-75.140571,39.946377]}},{"type":"Feature","properties":{"ProjectedLong":-8364243.081,"ProjectedLat":4860305.715,"PSA_NUM2025":92,"DIST_NUM2025":9,"TRACTCEN":36600,"BLKGRPCEN":4,"CenPOP2020":365,"UniqueID":3660000040},"geometry":{"type":"Point","coordinates":[-75.137274,39.961201]}},{"type":"Feature","properties":{"ProjectedLong":-8365189.408,"ProjectedLat":4860195.338,"PSA_NUM2025":92,"DIST_NUM2025":9,"TRACTCEN":36700,"BLKGRPCEN":1,"CenPOP2020":281,"UniqueID":3670000010},"geometry":{"type":"Point","coordinates":[-75.145775,39.960441]}},{"type":"Feature","properties":{"ProjectedLong":-8365144.547,"ProjectedLat":4860695.824,"PSA_NUM2025":92,"DIST_NUM2025":9,"TRACTCEN":36700,"BLKGRPCEN":2,"CenPOP2020":2158,"UniqueID":3670000020},"geometry":{"type":"Point","coordinates":[-75.145372,39.963887]}},{"type":"Feature","properties":{"ProjectedLong":-8364684.463,"ProjectedLat":4860446.449,"PSA_NUM2025":92,"DIST_NUM2025":9,"TRACTCEN":36700,"BLKGRPCEN":3,"CenPOP2020":1417,"UniqueID":3670000030},"geometry":{"type":"Point","coordinates":[-75.141239,39.96217]}},{"type":"Feature","properties":{"ProjectedLong":-8365895.953,"ProjectedLat":4860156.996,"PSA_NUM2025":92,"DIST_NUM2025":9,"TRACTCEN":37600,"BLKGRPCEN":1,"CenPOP2020":851,"UniqueID":3760000010},"geometry":{"type":"Point","coordinates":[-75.152122,39.960177]}},{"type":"Feature","properties":{"ProjectedLong":-8366522.57,"ProjectedLat":4860404.476,"PSA_NUM2025":92,"DIST_NUM2025":9,"TRACTCEN":37600,"BLKGRPCEN":2,"CenPOP2020":1250,"UniqueID":3760000020},"geometry":{"type":"Point","coordinates":[-75.157751,39.961881]}},{"type":"Feature","properties":{"ProjectedLong":-8366649.809,"ProjectedLat":4859955.561,"PSA_NUM2025":92,"DIST_NUM2025":9,"TRACTCEN":37600,"BLKGRPCEN":3,"CenPOP2020":1563,"UniqueID":3760000030},"geometry":{"type":"Point","coordinates":[-75.158894,39.95879]}},{"type":"Feature","properties":{"ProjectedLong":-8354394.757,"ProjectedLat":4874390.554,"PSA_NUM2025":71,"DIST_NUM2025":7,"TRACTCEN":33400,"BLKGRPCEN":1,"CenPOP2020":1002,"UniqueID":3340000010},"geometry":{"type":"Point","coordinates":[-75.048805,40.058112]}},{"type":"Feature","properties":{"ProjectedLong":-8355670.145,"ProjectedLat":4875385.421,"PSA_NUM2025":71,"DIST_NUM2025":7,"TRACTCEN":33600,"BLKGRPCEN":2,"CenPOP2020":2344,"UniqueID":3360000020},"geometry":{"type":"Point","coordinates":[-75.060262,40.064952]}},{"type":"Feature","properties":{"ProjectedLong":-8355056.997,"ProjectedLat":4874932.046,"PSA_NUM2025":71,"DIST_NUM2025":7,"TRACTCEN":33600,"BLKGRPCEN":4,"CenPOP2020":1459,"UniqueID":3360000040},"geometry":{"type":"Point","coordinates":[-75.054754,40.061835]}},{"type":"Feature","properties":{"ProjectedLong":-8354320.952,"ProjectedLat":4876502.584,"PSA_NUM2025":71,"DIST_NUM2025":7,"TRACTCEN":33701,"BLKGRPCEN":1,"CenPOP2020":1923,"UniqueID":3370100010},"geometry":{"type":"Point","coordinates":[-75.048142,40.072632]}},{"type":"Feature","properties":{"ProjectedLong":-8354645.337,"ProjectedLat":4875417.567,"PSA_NUM2025":71,"DIST_NUM2025":7,"TRACTCEN":33701,"BLKGRPCEN":2,"CenPOP2020":1207,"UniqueID":3370100020},"geometry":{"type":"Point","coordinates":[-75.051056,40.065173]}},{"type":"Feature","properties":{"ProjectedLong":-8354414.683,"ProjectedLat":4875771.614,"PSA_NUM2025":71,"DIST_NUM2025":7,"TRACTCEN":33701,"BLKGRPCEN":3,"CenPOP2020":632,"UniqueID":3370100030},"geometry":{"type":"Point","coordinates":[-75.048984,40.067607]}},{"type":"Feature","properties":{"ProjectedLong":-8354083.731,"ProjectedLat":4875083.169,"PSA_NUM2025":71,"DIST_NUM2025":7,"TRACTCEN":33701,"BLKGRPCEN":4,"CenPOP2020":1910,"UniqueID":3370100040},"geometry":{"type":"Point","coordinates":[-75.046011,40.062874]}},{"type":"Feature","properties":{"ProjectedLong":-8354712.129,"ProjectedLat":4876577.066,"PSA_NUM2025":71,"DIST_NUM2025":7,"TRACTCEN":33702,"BLKGRPCEN":1,"CenPOP2020":1447,"UniqueID":3370200010},"geometry":{"type":"Point","coordinates":[-75.051656,40.073144]}},{"type":"Feature","properties":{"ProjectedLong":-8355782.243,"ProjectedLat":4876129.019,"PSA_NUM2025":71,"DIST_NUM2025":7,"TRACTCEN":33702,"BLKGRPCEN":2,"CenPOP2020":2314,"UniqueID":3370200020},"geometry":{"type":"Point","coordinates":[-75.061269,40.070064]}},{"type":"Feature","properties":{"ProjectedLong":-8354988.09,"ProjectedLat":4875865,"PSA_NUM2025":71,"DIST_NUM2025":7,"TRACTCEN":33702,"BLKGRPCEN":3,"CenPOP2020":1077,"UniqueID":3370200030},"geometry":{"type":"Point","coordinates":[-75.054135,40.068249]}},{"type":"Feature","properties":{"ProjectedLong":-8355188.354,"ProjectedLat":4876023.265,"PSA_NUM2025":71,"DIST_NUM2025":7,"TRACTCEN":33702,"BLKGRPCEN":4,"CenPOP2020":841,"UniqueID":3370200040},"geometry":{"type":"Point","coordinates":[-75.055934,40.069337]}},{"type":"Feature","properties":{"ProjectedLong":-8356806.939,"ProjectedLat":4876711.63,"PSA_NUM2025":71,"DIST_NUM2025":7,"TRACTCEN":34000,"BLKGRPCEN":1,"CenPOP2020":1097,"UniqueID":3400000010},"geometry":{"type":"Point","coordinates":[-75.070474,40.074069]}},{"type":"Feature","properties":{"ProjectedLong":-8357393.816,"ProjectedLat":4877058.012,"PSA_NUM2025":71,"DIST_NUM2025":7,"TRACTCEN":34100,"BLKGRPCEN":2,"CenPOP2020":1760,"UniqueID":3410000020},"geometry":{"type":"Point","coordinates":[-75.075746,40.07645]}},{"type":"Feature","properties":{"ProjectedLong":-8357978.577,"ProjectedLat":4877686.216,"PSA_NUM2025":71,"DIST_NUM2025":7,"TRACTCEN":34100,"BLKGRPCEN":3,"CenPOP2020":1274,"UniqueID":3410000030},"geometry":{"type":"Point","coordinates":[-75.080999,40.080768]}},{"type":"Feature","properties":{"ProjectedLong":-8358092.568,"ProjectedLat":4877185.017,"PSA_NUM2025":71,"DIST_NUM2025":7,"TRACTCEN":34100,"BLKGRPCEN":4,"CenPOP2020":1154,"UniqueID":3410000040},"geometry":{"type":"Point","coordinates":[-75.082023,40.077323]}},{"type":"Feature","properties":{"ProjectedLong":-8357308.768,"ProjectedLat":4877771.182,"PSA_NUM2025":71,"DIST_NUM2025":7,"TRACTCEN":34200,"BLKGRPCEN":1,"CenPOP2020":1562,"UniqueID":3420000010},"geometry":{"type":"Point","coordinates":[-75.074982,40.081352]}},{"type":"Feature","properties":{"ProjectedLong":-8356744.155,"ProjectedLat":4877769.873,"PSA_NUM2025":71,"DIST_NUM2025":7,"TRACTCEN":34200,"BLKGRPCEN":2,"CenPOP2020":2170,"UniqueID":3420000020},"geometry":{"type":"Point","coordinates":[-75.06991,40.081343]}},{"type":"Feature","properties":{"ProjectedLong":-8354544.705,"ProjectedLat":4878194.861,"PSA_NUM2025":72,"DIST_NUM2025":7,"TRACTCEN":34400,"BLKGRPCEN":1,"CenPOP2020":1790,"UniqueID":3440000010},"geometry":{"type":"Point","coordinates":[-75.050152,40.084264]}},{"type":"Feature","properties":{"ProjectedLong":-8354713.465,"ProjectedLat":4878811.787,"PSA_NUM2025":72,"DIST_NUM2025":7,"TRACTCEN":34400,"BLKGRPCEN":2,"CenPOP2020":1646,"UniqueID":3440000020},"geometry":{"type":"Point","coordinates":[-75.051668,40.088504]}},{"type":"Feature","properties":{"ProjectedLong":-8355558.269,"ProjectedLat":4880562.234,"PSA_NUM2025":72,"DIST_NUM2025":7,"TRACTCEN":34400,"BLKGRPCEN":3,"CenPOP2020":2212,"UniqueID":3440000030},"geometry":{"type":"Point","coordinates":[-75.059257,40.100533]}},{"type":"Feature","properties":{"ProjectedLong":-8355129.243,"ProjectedLat":4879765.479,"PSA_NUM2025":72,"DIST_NUM2025":7,"TRACTCEN":34400,"BLKGRPCEN":4,"CenPOP2020":2166,"UniqueID":3440000040},"geometry":{"type":"Point","coordinates":[-75.055403,40.095058]}},{"type":"Feature","properties":{"ProjectedLong":-8353342.677,"ProjectedLat":4876556.554,"PSA_NUM2025":72,"DIST_NUM2025":7,"TRACTCEN":34501,"BLKGRPCEN":1,"CenPOP2020":1918,"UniqueID":3450100010},"geometry":{"type":"Point","coordinates":[-75.039354,40.073003]}},{"type":"Feature","properties":{"ProjectedLong":-8353296.368,"ProjectedLat":4877042.01,"PSA_NUM2025":72,"DIST_NUM2025":7,"TRACTCEN":34501,"BLKGRPCEN":2,"CenPOP2020":1865,"UniqueID":3450100020},"geometry":{"type":"Point","coordinates":[-75.038938,40.07634]}},{"type":"Feature","properties":{"ProjectedLong":-8353849.403,"ProjectedLat":4878148.447,"PSA_NUM2025":72,"DIST_NUM2025":7,"TRACTCEN":34502,"BLKGRPCEN":1,"CenPOP2020":1364,"UniqueID":3450200010},"geometry":{"type":"Point","coordinates":[-75.043906,40.083945]}},{"type":"Feature","properties":{"ProjectedLong":-8352793.426,"ProjectedLat":4877593.831,"PSA_NUM2025":72,"DIST_NUM2025":7,"TRACTCEN":34502,"BLKGRPCEN":2,"CenPOP2020":2696,"UniqueID":3450200020},"geometry":{"type":"Point","coordinates":[-75.03442,40.080133]}},{"type":"Feature","properties":{"ProjectedLong":-8353585.687,"ProjectedLat":4877839.127,"PSA_NUM2025":72,"DIST_NUM2025":7,"TRACTCEN":34502,"BLKGRPCEN":3,"CenPOP2020":1868,"UniqueID":3450200030},"geometry":{"type":"Point","coordinates":[-75.041537,40.081819]}},{"type":"Feature","properties":{"ProjectedLong":-8351608.208,"ProjectedLat":4879289.495,"PSA_NUM2025":72,"DIST_NUM2025":7,"TRACTCEN":35500,"BLKGRPCEN":1,"CenPOP2020":3034,"UniqueID":3550000010},"geometry":{"type":"Point","coordinates":[-75.023773,40.091787]}},{"type":"Feature","properties":{"ProjectedLong":-8352571.121,"ProjectedLat":4878383.281,"PSA_NUM2025":72,"DIST_NUM2025":7,"TRACTCEN":35500,"BLKGRPCEN":2,"CenPOP2020":2141,"UniqueID":3550000020},"geometry":{"type":"Point","coordinates":[-75.032423,40.085559]}},{"type":"Feature","properties":{"ProjectedLong":-8352124.842,"ProjectedLat":4879484.921,"PSA_NUM2025":72,"DIST_NUM2025":7,"TRACTCEN":35500,"BLKGRPCEN":3,"CenPOP2020":3064,"UniqueID":3550000030},"geometry":{"type":"Point","coordinates":[-75.028414,40.09313]}},{"type":"Feature","properties":{"ProjectedLong":-8353134.175,"ProjectedLat":4879628.109,"PSA_NUM2025":72,"DIST_NUM2025":7,"TRACTCEN":35601,"BLKGRPCEN":1,"CenPOP2020":2182,"UniqueID":3560100010},"geometry":{"type":"Point","coordinates":[-75.037481,40.094114]}},{"type":"Feature","properties":{"ProjectedLong":-8352967.975,"ProjectedLat":4880601.236,"PSA_NUM2025":72,"DIST_NUM2025":7,"TRACTCEN":35601,"BLKGRPCEN":2,"CenPOP2020":1672,"UniqueID":3560100020},"geometry":{"type":"Point","coordinates":[-75.035988,40.100801]}},{"type":"Feature","properties":{"ProjectedLong":-8353808.66,"ProjectedLat":4879966.445,"PSA_NUM2025":72,"DIST_NUM2025":7,"TRACTCEN":35601,"BLKGRPCEN":3,"CenPOP2020":808,"UniqueID":3560100030},"geometry":{"type":"Point","coordinates":[-75.04354,40.096439]}},{"type":"Feature","properties":{"ProjectedLong":-8352249.408,"ProjectedLat":4880394.874,"PSA_NUM2025":72,"DIST_NUM2025":7,"TRACTCEN":35601,"BLKGRPCEN":4,"CenPOP2020":1132,"UniqueID":3560100040},"geometry":{"type":"Point","coordinates":[-75.029533,40.099383]}},{"type":"Feature","properties":{"ProjectedLong":-8354185.031,"ProjectedLat":4880963.036,"PSA_NUM2025":72,"DIST_NUM2025":7,"TRACTCEN":35602,"BLKGRPCEN":1,"CenPOP2020":1464,"UniqueID":3560200010},"geometry":{"type":"Point","coordinates":[-75.046921,40.103287]}},{"type":"Feature","properties":{"ProjectedLong":-8353500.973,"ProjectedLat":4881360.799,"PSA_NUM2025":72,"DIST_NUM2025":7,"TRACTCEN":35602,"BLKGRPCEN":2,"CenPOP2020":2229,"UniqueID":3560200020},"geometry":{"type":"Point","coordinates":[-75.040776,40.10602]}},{"type":"Feature","properties":{"ProjectedLong":-8352297.053,"ProjectedLat":4881586.539,"PSA_NUM2025":73,"DIST_NUM2025":7,"TRACTCEN":35701,"BLKGRPCEN":1,"CenPOP2020":2820,"UniqueID":3570100010},"geometry":{"type":"Point","coordinates":[-75.029961,40.107571]}},{"type":"Feature","properties":{"ProjectedLong":-8351898.752,"ProjectedLat":4882355.056,"PSA_NUM2025":73,"DIST_NUM2025":7,"TRACTCEN":35701,"BLKGRPCEN":2,"CenPOP2020":2708,"UniqueID":3570100020},"geometry":{"type":"Point","coordinates":[-75.026383,40.112851]}},{"type":"Feature","properties":{"ProjectedLong":-8352830.496,"ProjectedLat":4882369.321,"PSA_NUM2025":73,"DIST_NUM2025":7,"TRACTCEN":35702,"BLKGRPCEN":1,"CenPOP2020":2030,"UniqueID":3570200010},"geometry":{"type":"Point","coordinates":[-75.034753,40.112949]}},{"type":"Feature","properties":{"ProjectedLong":-8352921.332,"ProjectedLat":4882978.502,"PSA_NUM2025":73,"DIST_NUM2025":7,"TRACTCEN":35702,"BLKGRPCEN":2,"CenPOP2020":3151,"UniqueID":3570200020},"geometry":{"type":"Point","coordinates":[-75.035569,40.117134]}},{"type":"Feature","properties":{"ProjectedLong":-8351484.643,"ProjectedLat":4884084.729,"PSA_NUM2025":73,"DIST_NUM2025":7,"TRACTCEN":35800,"BLKGRPCEN":1,"CenPOP2020":1995,"UniqueID":3580000010},"geometry":{"type":"Point","coordinates":[-75.022663,40.124733]}},{"type":"Feature","properties":{"ProjectedLong":-8351564.904,"ProjectedLat":4882995.97,"PSA_NUM2025":73,"DIST_NUM2025":7,"TRACTCEN":35800,"BLKGRPCEN":2,"CenPOP2020":1384,"UniqueID":3580000020},"geometry":{"type":"Point","coordinates":[-75.023384,40.117254]}},{"type":"Feature","properties":{"ProjectedLong":-8352211.003,"ProjectedLat":4883432.391,"PSA_NUM2025":73,"DIST_NUM2025":7,"TRACTCEN":35800,"BLKGRPCEN":3,"CenPOP2020":2903,"UniqueID":3580000030},"geometry":{"type":"Point","coordinates":[-75.029188,40.120252]}},{"type":"Feature","properties":{"ProjectedLong":-8350792.904,"ProjectedLat":4882915.18,"PSA_NUM2025":73,"DIST_NUM2025":7,"TRACTCEN":35900,"BLKGRPCEN":1,"CenPOP2020":2578,"UniqueID":3590000010},"geometry":{"type":"Point","coordinates":[-75.016449,40.116699]}},{"type":"Feature","properties":{"ProjectedLong":-8351179.962,"ProjectedLat":4881696.137,"PSA_NUM2025":73,"DIST_NUM2025":7,"TRACTCEN":35900,"BLKGRPCEN":2,"CenPOP2020":2783,"UniqueID":3590000020},"geometry":{"type":"Point","coordinates":[-75.019926,40.108324]}},{"type":"Feature","properties":{"ProjectedLong":-8350621.806,"ProjectedLat":4880229.117,"PSA_NUM2025":73,"DIST_NUM2025":7,"TRACTCEN":36000,"BLKGRPCEN":1,"CenPOP2020":1087,"UniqueID":3600000010},"geometry":{"type":"Point","coordinates":[-75.014912,40.098244]}},{"type":"Feature","properties":{"ProjectedLong":-8350806.373,"ProjectedLat":4880755.065,"PSA_NUM2025":73,"DIST_NUM2025":7,"TRACTCEN":36000,"BLKGRPCEN":2,"CenPOP2020":2160,"UniqueID":3600000020},"geometry":{"type":"Point","coordinates":[-75.01657,40.101858]}},{"type":"Feature","properties":{"ProjectedLong":-8349850.584,"ProjectedLat":4881354.686,"PSA_NUM2025":73,"DIST_NUM2025":7,"TRACTCEN":36000,"BLKGRPCEN":3,"CenPOP2020":0,"UniqueID":3600000030},"geometry":{"type":"Point","coordinates":[-75.007984,40.105978]}},{"type":"Feature","properties":{"ProjectedLong":-8347563.859,"ProjectedLat":4882864.669,"PSA_NUM2025":73,"DIST_NUM2025":7,"TRACTCEN":36400,"BLKGRPCEN":1,"CenPOP2020":971,"UniqueID":3640000010},"geometry":{"type":"Point","coordinates":[-74.987442,40.116352]}},{"type":"Feature","properties":{"ProjectedLong":-8350821.179,"ProjectedLat":4885117.407,"PSA_NUM2025":73,"DIST_NUM2025":7,"TRACTCEN":36501,"BLKGRPCEN":1,"CenPOP2020":2224,"UniqueID":3650100010},"geometry":{"type":"Point","coordinates":[-75.016703,40.131826]}},{"type":"Feature","properties":{"ProjectedLong":-8349937.636,"ProjectedLat":4884108.75,"PSA_NUM2025":73,"DIST_NUM2025":7,"TRACTCEN":36501,"BLKGRPCEN":2,"CenPOP2020":960,"UniqueID":3650100020},"geometry":{"type":"Point","coordinates":[-75.008766,40.124898]}},{"type":"Feature","properties":{"ProjectedLong":-8350463.843,"ProjectedLat":4884643.64,"PSA_NUM2025":73,"DIST_NUM2025":7,"TRACTCEN":36501,"BLKGRPCEN":3,"CenPOP2020":2514,"UniqueID":3650100030},"geometry":{"type":"Point","coordinates":[-75.013493,40.128572]}},{"type":"Feature","properties":{"ProjectedLong":-8348271.517,"ProjectedLat":4883944.533,"PSA_NUM2025":73,"DIST_NUM2025":7,"TRACTCEN":36502,"BLKGRPCEN":1,"CenPOP2020":2582,"UniqueID":3650200010},"geometry":{"type":"Point","coordinates":[-74.993799,40.12377]}},{"type":"Feature","properties":{"ProjectedLong":-8349359.554,"ProjectedLat":4883799.972,"PSA_NUM2025":73,"DIST_NUM2025":7,"TRACTCEN":36502,"BLKGRPCEN":2,"CenPOP2020":1548,"UniqueID":3650200020},"geometry":{"type":"Point","coordinates":[-75.003573,40.122777]}},{"type":"Feature","properties":{"ProjectedLong":-8351718.859,"ProjectedLat":4871729.193,"PSA_NUM2025":81,"DIST_NUM2025":8,"TRACTCEN":32900,"BLKGRPCEN":2,"CenPOP2020":1234,"UniqueID":3290000020},"geometry":{"type":"Point","coordinates":[-75.024767,40.039811]}},{"type":"Feature","properties":{"ProjectedLong":-8351635.815,"ProjectedLat":4872503.053,"PSA_NUM2025":81,"DIST_NUM2025":8,"TRACTCEN":33102,"BLKGRPCEN":1,"CenPOP2020":1116,"UniqueID":3310200010},"geometry":{"type":"Point","coordinates":[-75.024021,40.045133]}},{"type":"Feature","properties":{"ProjectedLong":-8352080.202,"ProjectedLat":4872322.742,"PSA_NUM2025":81,"DIST_NUM2025":8,"TRACTCEN":33102,"BLKGRPCEN":2,"CenPOP2020":1128,"UniqueID":3310200020},"geometry":{"type":"Point","coordinates":[-75.028013,40.043893]}},{"type":"Feature","properties":{"ProjectedLong":-8352318.76,"ProjectedLat":4872665.481,"PSA_NUM2025":81,"DIST_NUM2025":8,"TRACTCEN":33102,"BLKGRPCEN":4,"CenPOP2020":1387,"UniqueID":3310200040},"geometry":{"type":"Point","coordinates":[-75.030156,40.04625]}},{"type":"Feature","properties":{"ProjectedLong":-8353575.78,"ProjectedLat":4874506.326,"PSA_NUM2025":81,"DIST_NUM2025":8,"TRACTCEN":33300,"BLKGRPCEN":1,"CenPOP2020":1610,"UniqueID":3330000010},"geometry":{"type":"Point","coordinates":[-75.041448,40.058908]}},{"type":"Feature","properties":{"ProjectedLong":-8351861.682,"ProjectedLat":4875804.779,"PSA_NUM2025":82,"DIST_NUM2025":8,"TRACTCEN":34600,"BLKGRPCEN":1,"CenPOP2020":1348,"UniqueID":3460000010},"geometry":{"type":"Point","coordinates":[-75.02605,40.067835]}},{"type":"Feature","properties":{"ProjectedLong":-8352279.019,"ProjectedLat":4876410.937,"PSA_NUM2025":82,"DIST_NUM2025":8,"TRACTCEN":34600,"BLKGRPCEN":2,"CenPOP2020":1492,"UniqueID":3460000020},"geometry":{"type":"Point","coordinates":[-75.029799,40.072002]}},{"type":"Feature","properties":{"ProjectedLong":-8352693.35,"ProjectedLat":4875697.429,"PSA_NUM2025":81,"DIST_NUM2025":8,"TRACTCEN":34701,"BLKGRPCEN":1,"CenPOP2020":963,"UniqueID":3470100010},"geometry":{"type":"Point","coordinates":[-75.033521,40.067097]}},{"type":"Feature","properties":{"ProjectedLong":-8352372.973,"ProjectedLat":4875227.312,"PSA_NUM2025":81,"DIST_NUM2025":8,"TRACTCEN":34701,"BLKGRPCEN":2,"CenPOP2020":1973,"UniqueID":3470100020},"geometry":{"type":"Point","coordinates":[-75.030643,40.063865]}},{"type":"Feature","properties":{"ProjectedLong":-8352820.922,"ProjectedLat":4876100.362,"PSA_NUM2025":81,"DIST_NUM2025":8,"TRACTCEN":34701,"BLKGRPCEN":3,"CenPOP2020":2150,"UniqueID":3470100030},"geometry":{"type":"Point","coordinates":[-75.034667,40.069867]}},{"type":"Feature","properties":{"ProjectedLong":-8352444.551,"ProjectedLat":4874579.629,"PSA_NUM2025":81,"DIST_NUM2025":8,"TRACTCEN":34701,"BLKGRPCEN":4,"CenPOP2020":1650,"UniqueID":3470100040},"geometry":{"type":"Point","coordinates":[-75.031286,40.059412]}},{"type":"Feature","properties":{"ProjectedLong":-8351871.033,"ProjectedLat":4875024.552,"PSA_NUM2025":81,"DIST_NUM2025":8,"TRACTCEN":34702,"BLKGRPCEN":1,"CenPOP2020":1848,"UniqueID":3470200010},"geometry":{"type":"Point","coordinates":[-75.026134,40.062471]}},{"type":"Feature","properties":{"ProjectedLong":-8352522.92,"ProjectedLat":4873758.632,"PSA_NUM2025":81,"DIST_NUM2025":8,"TRACTCEN":34702,"BLKGRPCEN":2,"CenPOP2020":1168,"UniqueID":3470200020},"geometry":{"type":"Point","coordinates":[-75.03199,40.053767]}},{"type":"Feature","properties":{"ProjectedLong":-8351813.37,"ProjectedLat":4873724.02,"PSA_NUM2025":81,"DIST_NUM2025":8,"TRACTCEN":34702,"BLKGRPCEN":3,"CenPOP2020":880,"UniqueID":3470200030},"geometry":{"type":"Point","coordinates":[-75.025616,40.053529]}},{"type":"Feature","properties":{"ProjectedLong":-8350640.396,"ProjectedLat":4873858.981,"PSA_NUM2025":81,"DIST_NUM2025":8,"TRACTCEN":34801,"BLKGRPCEN":1,"CenPOP2020":1209,"UniqueID":3480100010},"geometry":{"type":"Point","coordinates":[-75.015079,40.054457]}},{"type":"Feature","properties":{"ProjectedLong":-8351174.618,"ProjectedLat":4874515.634,"PSA_NUM2025":81,"DIST_NUM2025":8,"TRACTCEN":34801,"BLKGRPCEN":2,"CenPOP2020":1792,"UniqueID":3480100020},"geometry":{"type":"Point","coordinates":[-75.019878,40.058972]}},{"type":"Feature","properties":{"ProjectedLong":-8350453.713,"ProjectedLat":4873484.643,"PSA_NUM2025":81,"DIST_NUM2025":8,"TRACTCEN":34801,"BLKGRPCEN":3,"CenPOP2020":1552,"UniqueID":3480100030},"geometry":{"type":"Point","coordinates":[-75.013402,40.051883]}},{"type":"Feature","properties":{"ProjectedLong":-8350825.632,"ProjectedLat":4875645.063,"PSA_NUM2025":82,"DIST_NUM2025":8,"TRACTCEN":34802,"BLKGRPCEN":1,"CenPOP2020":2589,"UniqueID":3480200010},"geometry":{"type":"Point","coordinates":[-75.016743,40.066737]}},{"type":"Feature","properties":{"ProjectedLong":-8350405.289,"ProjectedLat":4875264.694,"PSA_NUM2025":82,"DIST_NUM2025":8,"TRACTCEN":34802,"BLKGRPCEN":2,"CenPOP2020":1435,"UniqueID":3480200020},"geometry":{"type":"Point","coordinates":[-75.012967,40.064122]}},{"type":"Feature","properties":{"ProjectedLong":-8350225.286,"ProjectedLat":4874884.193,"PSA_NUM2025":82,"DIST_NUM2025":8,"TRACTCEN":34802,"BLKGRPCEN":3,"CenPOP2020":1546,"UniqueID":3480200030},"geometry":{"type":"Point","coordinates":[-75.01135,40.061506]}},{"type":"Feature","properties":{"ProjectedLong":-8349248.012,"ProjectedLat":4874422.26,"PSA_NUM2025":82,"DIST_NUM2025":8,"TRACTCEN":34803,"BLKGRPCEN":1,"CenPOP2020":1154,"UniqueID":3480300010},"geometry":{"type":"Point","coordinates":[-75.002571,40.05833]}},{"type":"Feature","properties":{"ProjectedLong":-8349447.051,"ProjectedLat":4875379.312,"PSA_NUM2025":82,"DIST_NUM2025":8,"TRACTCEN":34803,"BLKGRPCEN":2,"CenPOP2020":2521,"UniqueID":3480300020},"geometry":{"type":"Point","coordinates":[-75.004359,40.06491]}},{"type":"Feature","properties":{"ProjectedLong":-8349876.299,"ProjectedLat":4874935.391,"PSA_NUM2025":82,"DIST_NUM2025":8,"TRACTCEN":34803,"BLKGRPCEN":3,"CenPOP2020":841,"UniqueID":3480300030},"geometry":{"type":"Point","coordinates":[-75.008215,40.061858]}},{"type":"Feature","properties":{"ProjectedLong":-8349769.878,"ProjectedLat":4873056.076,"PSA_NUM2025":81,"DIST_NUM2025":8,"TRACTCEN":34900,"BLKGRPCEN":1,"CenPOP2020":1094,"UniqueID":3490000010},"geometry":{"type":"Point","coordinates":[-75.007259,40.048936]}},{"type":"Feature","properties":{"ProjectedLong":-8350285.287,"ProjectedLat":4872578.669,"PSA_NUM2025":81,"DIST_NUM2025":8,"TRACTCEN":34900,"BLKGRPCEN":2,"CenPOP2020":2517,"UniqueID":3490000020},"geometry":{"type":"Point","coordinates":[-75.011889,40.045653]}},{"type":"Feature","properties":{"ProjectedLong":-8350558.465,"ProjectedLat":4871974.78,"PSA_NUM2025":81,"DIST_NUM2025":8,"TRACTCEN":34900,"BLKGRPCEN":3,"CenPOP2020":945,"UniqueID":3490000030},"geometry":{"type":"Point","coordinates":[-75.014343,40.0415]}},{"type":"Feature","properties":{"ProjectedLong":-8351003.409,"ProjectedLat":4871941.192,"PSA_NUM2025":81,"DIST_NUM2025":8,"TRACTCEN":34900,"BLKGRPCEN":4,"CenPOP2020":1184,"UniqueID":3490000040},"geometry":{"type":"Point","coordinates":[-75.01834,40.041269]}},{"type":"Feature","properties":{"ProjectedLong":-8347256.395,"ProjectedLat":4873023.211,"PSA_NUM2025":82,"DIST_NUM2025":8,"TRACTCEN":35100,"BLKGRPCEN":1,"CenPOP2020":919,"UniqueID":3510000010},"geometry":{"type":"Point","coordinates":[-74.98468,40.04871]}},{"type":"Feature","properties":{"ProjectedLong":-8347741.191,"ProjectedLat":4872934.504,"PSA_NUM2025":82,"DIST_NUM2025":8,"TRACTCEN":35100,"BLKGRPCEN":2,"CenPOP2020":1414,"UniqueID":3510000020},"geometry":{"type":"Point","coordinates":[-74.989035,40.0481]}},{"type":"Feature","properties":{"ProjectedLong":-8347576.661,"ProjectedLat":4872607.752,"PSA_NUM2025":82,"DIST_NUM2025":8,"TRACTCEN":35100,"BLKGRPCEN":3,"CenPOP2020":1935,"UniqueID":3510000030},"geometry":{"type":"Point","coordinates":[-74.987557,40.045853]}},{"type":"Feature","properties":{"ProjectedLong":-8347436.176,"ProjectedLat":4874705.439,"PSA_NUM2025":82,"DIST_NUM2025":8,"TRACTCEN":35200,"BLKGRPCEN":1,"CenPOP2020":2294,"UniqueID":3520000010},"geometry":{"type":"Point","coordinates":[-74.986295,40.060277]}},{"type":"Feature","properties":{"ProjectedLong":-8348369.478,"ProjectedLat":4873380.517,"PSA_NUM2025":82,"DIST_NUM2025":8,"TRACTCEN":35200,"BLKGRPCEN":2,"CenPOP2020":897,"UniqueID":3520000020},"geometry":{"type":"Point","coordinates":[-74.994679,40.051167]}},{"type":"Feature","properties":{"ProjectedLong":-8348921.623,"ProjectedLat":4873842.111,"PSA_NUM2025":81,"DIST_NUM2025":8,"TRACTCEN":35200,"BLKGRPCEN":3,"CenPOP2020":1680,"UniqueID":3520000030},"geometry":{"type":"Point","coordinates":[-74.999639,40.054341]}},{"type":"Feature","properties":{"ProjectedLong":-8347334.096,"ProjectedLat":4875983.844,"PSA_NUM2025":82,"DIST_NUM2025":8,"TRACTCEN":35301,"BLKGRPCEN":1,"CenPOP2020":2495,"UniqueID":3530100010},"geometry":{"type":"Point","coordinates":[-74.985378,40.069066]}},{"type":"Feature","properties":{"ProjectedLong":-8347910.063,"ProjectedLat":4876090.325,"PSA_NUM2025":82,"DIST_NUM2025":8,"TRACTCEN":35301,"BLKGRPCEN":2,"CenPOP2020":1967,"UniqueID":3530100020},"geometry":{"type":"Point","coordinates":[-74.990552,40.069798]}},{"type":"Feature","properties":{"ProjectedLong":-8347758.557,"ProjectedLat":4875102.95,"PSA_NUM2025":82,"DIST_NUM2025":8,"TRACTCEN":35301,"BLKGRPCEN":3,"CenPOP2020":798,"UniqueID":3530100030},"geometry":{"type":"Point","coordinates":[-74.989191,40.06301]}},{"type":"Feature","properties":{"ProjectedLong":-8348011.252,"ProjectedLat":4877113.44,"PSA_NUM2025":82,"DIST_NUM2025":8,"TRACTCEN":35302,"BLKGRPCEN":1,"CenPOP2020":2133,"UniqueID":3530200010},"geometry":{"type":"Point","coordinates":[-74.991461,40.076831]}},{"type":"Feature","properties":{"ProjectedLong":-8348531.114,"ProjectedLat":4876781.895,"PSA_NUM2025":82,"DIST_NUM2025":8,"TRACTCEN":35302,"BLKGRPCEN":2,"CenPOP2020":2586,"UniqueID":3530200020},"geometry":{"type":"Point","coordinates":[-74.996131,40.074552]}},{"type":"Feature","properties":{"ProjectedLong":-8347377.065,"ProjectedLat":4880054.05,"PSA_NUM2025":83,"DIST_NUM2025":8,"TRACTCEN":36100,"BLKGRPCEN":1,"CenPOP2020":982,"UniqueID":3610000010},"geometry":{"type":"Point","coordinates":[-74.985764,40.097041]}},{"type":"Feature","properties":{"ProjectedLong":-8348483.247,"ProjectedLat":4880917.774,"PSA_NUM2025":83,"DIST_NUM2025":8,"TRACTCEN":36100,"BLKGRPCEN":2,"CenPOP2020":1134,"UniqueID":3610000020},"geometry":{"type":"Point","coordinates":[-74.995701,40.102976]}},{"type":"Feature","properties":{"ProjectedLong":-8347368.271,"ProjectedLat":4879587.656,"PSA_NUM2025":83,"DIST_NUM2025":8,"TRACTCEN":36100,"BLKGRPCEN":3,"CenPOP2020":1913,"UniqueID":3610000030},"geometry":{"type":"Point","coordinates":[-74.985685,40.093836]}},{"type":"Feature","properties":{"ProjectedLong":-8347251.052,"ProjectedLat":4877513.522,"PSA_NUM2025":82,"DIST_NUM2025":8,"TRACTCEN":36201,"BLKGRPCEN":1,"CenPOP2020":1645,"UniqueID":3620100010},"geometry":{"type":"Point","coordinates":[-74.984632,40.079581]}},{"type":"Feature","properties":{"ProjectedLong":-8347264.966,"ProjectedLat":4878347.925,"PSA_NUM2025":83,"DIST_NUM2025":8,"TRACTCEN":36201,"BLKGRPCEN":2,"CenPOP2020":828,"UniqueID":3620100020},"geometry":{"type":"Point","coordinates":[-74.984757,40.085316]}},{"type":"Feature","properties":{"ProjectedLong":-8347922.753,"ProjectedLat":4877748.486,"PSA_NUM2025":82,"DIST_NUM2025":8,"TRACTCEN":36201,"BLKGRPCEN":3,"CenPOP2020":1439,"UniqueID":3620100030},"geometry":{"type":"Point","coordinates":[-74.990666,40.081196]}},{"type":"Feature","properties":{"ProjectedLong":-8347486.27,"ProjectedLat":4877257.613,"PSA_NUM2025":82,"DIST_NUM2025":8,"TRACTCEN":36201,"BLKGRPCEN":4,"CenPOP2020":1181,"UniqueID":3620100040},"geometry":{"type":"Point","coordinates":[-74.986745,40.077822]}},{"type":"Feature","properties":{"ProjectedLong":-8346808.111,"ProjectedLat":4877415.755,"PSA_NUM2025":82,"DIST_NUM2025":8,"TRACTCEN":36202,"BLKGRPCEN":1,"CenPOP2020":2263,"UniqueID":3620200010},"geometry":{"type":"Point","coordinates":[-74.980653,40.078909]}},{"type":"Feature","properties":{"ProjectedLong":-8346822.917,"ProjectedLat":4879127.395,"PSA_NUM2025":83,"DIST_NUM2025":8,"TRACTCEN":36202,"BLKGRPCEN":2,"CenPOP2020":1385,"UniqueID":3620200020},"geometry":{"type":"Point","coordinates":[-74.980786,40.090673]}},{"type":"Feature","properties":{"ProjectedLong":-8346406.805,"ProjectedLat":4878652.896,"PSA_NUM2025":83,"DIST_NUM2025":8,"TRACTCEN":36202,"BLKGRPCEN":3,"CenPOP2020":2543,"UniqueID":3620200030},"geometry":{"type":"Point","coordinates":[-74.977048,40.087412]}},{"type":"Feature","properties":{"ProjectedLong":-8345755.363,"ProjectedLat":4877907.654,"PSA_NUM2025":83,"DIST_NUM2025":8,"TRACTCEN":36203,"BLKGRPCEN":1,"CenPOP2020":1565,"UniqueID":3620300010},"geometry":{"type":"Point","coordinates":[-74.971196,40.08229]}},{"type":"Feature","properties":{"ProjectedLong":-8345598.625,"ProjectedLat":4877366.581,"PSA_NUM2025":83,"DIST_NUM2025":8,"TRACTCEN":36203,"BLKGRPCEN":2,"CenPOP2020":1094,"UniqueID":3620300020},"geometry":{"type":"Point","coordinates":[-74.969788,40.078571]}},{"type":"Feature","properties":{"ProjectedLong":-8346272.442,"ProjectedLat":4876852.887,"PSA_NUM2025":83,"DIST_NUM2025":8,"TRACTCEN":36203,"BLKGRPCEN":3,"CenPOP2020":2475,"UniqueID":3620300030},"geometry":{"type":"Point","coordinates":[-74.975841,40.07504]}},{"type":"Feature","properties":{"ProjectedLong":-8345622.447,"ProjectedLat":4879375.348,"PSA_NUM2025":83,"DIST_NUM2025":8,"TRACTCEN":36301,"BLKGRPCEN":1,"CenPOP2020":2103,"UniqueID":3630100010},"geometry":{"type":"Point","coordinates":[-74.970002,40.092377]}},{"type":"Feature","properties":{"ProjectedLong":-8345048.595,"ProjectedLat":4879685.88,"PSA_NUM2025":83,"DIST_NUM2025":8,"TRACTCEN":36301,"BLKGRPCEN":2,"CenPOP2020":1740,"UniqueID":3630100020},"geometry":{"type":"Point","coordinates":[-74.964847,40.094511]}},{"type":"Feature","properties":{"ProjectedLong":-8346554.859,"ProjectedLat":4879753.256,"PSA_NUM2025":83,"DIST_NUM2025":8,"TRACTCEN":36302,"BLKGRPCEN":1,"CenPOP2020":1482,"UniqueID":3630200010},"geometry":{"type":"Point","coordinates":[-74.978378,40.094974]}},{"type":"Feature","properties":{"ProjectedLong":-8346954.608,"ProjectedLat":4880311.486,"PSA_NUM2025":83,"DIST_NUM2025":8,"TRACTCEN":36302,"BLKGRPCEN":2,"CenPOP2020":2230,"UniqueID":3630200020},"geometry":{"type":"Point","coordinates":[-74.981969,40.09881]}},{"type":"Feature","properties":{"ProjectedLong":-8346276.115,"ProjectedLat":4881028.529,"PSA_NUM2025":83,"DIST_NUM2025":8,"TRACTCEN":36303,"BLKGRPCEN":1,"CenPOP2020":2158,"UniqueID":3630300010},"geometry":{"type":"Point","coordinates":[-74.975874,40.103737]}},{"type":"Feature","properties":{"ProjectedLong":-8345978.67,"ProjectedLat":4880554.666,"PSA_NUM2025":83,"DIST_NUM2025":8,"TRACTCEN":36303,"BLKGRPCEN":2,"CenPOP2020":1434,"UniqueID":3630300020},"geometry":{"type":"Point","coordinates":[-74.973202,40.100481]}},{"type":"Feature","properties":{"ProjectedLong":-8345801.227,"ProjectedLat":4880349.76,"PSA_NUM2025":83,"DIST_NUM2025":8,"TRACTCEN":36303,"BLKGRPCEN":3,"CenPOP2020":1616,"UniqueID":3630300030},"geometry":{"type":"Point","coordinates":[-74.971608,40.099073]}},{"type":"Feature","properties":{"ProjectedLong":-8345095.016,"ProjectedLat":4880471.859,"PSA_NUM2025":83,"DIST_NUM2025":8,"TRACTCEN":36303,"BLKGRPCEN":4,"CenPOP2020":1487,"UniqueID":3630300040},"geometry":{"type":"Point","coordinates":[-74.965264,40.099912]}},{"type":"Feature","properties":{"ProjectedLong":-8353550.51,"ProjectedLat":4874757.363,"PSA_NUM2025":81,"DIST_NUM2025":8,"TRACTCEN":980200,"BLKGRPCEN":1,"CenPOP2020":336,"UniqueID":98020000010},"geometry":{"type":"Point","coordinates":[-75.041221,40.060634]}},{"type":"Feature","properties":{"ProjectedLong":-8347814.328,"ProjectedLat":4878782.104,"PSA_NUM2025":83,"DIST_NUM2025":8,"TRACTCEN":980300,"BLKGRPCEN":1,"CenPOP2020":0,"UniqueID":98030000010},"geometry":{"type":"Point","coordinates":[-74.989692,40.0883]}},{"type":"Feature","properties":{"ProjectedLong":-8349724.905,"ProjectedLat":4880039.498,"PSA_NUM2025":83,"DIST_NUM2025":8,"TRACTCEN":980300,"BLKGRPCEN":2,"CenPOP2020":0,"UniqueID":98030000020},"geometry":{"type":"Point","coordinates":[-75.006855,40.096941]}},{"type":"Feature","properties":{"ProjectedLong":-8350225.842,"ProjectedLat":4877740.629,"PSA_NUM2025":82,"DIST_NUM2025":8,"TRACTCEN":980300,"BLKGRPCEN":3,"CenPOP2020":3,"UniqueID":98030000030},"geometry":{"type":"Point","coordinates":[-75.011355,40.081142]}},{"type":"Feature","properties":{"ProjectedLong":-8350542.324,"ProjectedLat":4870797.646,"PSA_NUM2025":81,"DIST_NUM2025":8,"TRACTCEN":989100,"BLKGRPCEN":1,"CenPOP2020":1857,"UniqueID":98910000010},"geometry":{"type":"Point","coordinates":[-75.014198,40.033404]}},{"type":"Feature","properties":{"ProjectedLong":-8350936.283,"ProjectedLat":4871367.003,"PSA_NUM2025":81,"DIST_NUM2025":8,"TRACTCEN":989100,"BLKGRPCEN":2,"CenPOP2020":1,"UniqueID":98910000020},"geometry":{"type":"Point","coordinates":[-75.017737,40.03732]}},{"type":"Feature","properties":{"ProjectedLong":-8350978.696,"ProjectedLat":4870365.27,"PSA_NUM2025":81,"DIST_NUM2025":8,"TRACTCEN":989100,"BLKGRPCEN":3,"CenPOP2020":1830,"UniqueID":98910000030},"geometry":{"type":"Point","coordinates":[-75.018118,40.03043]}},{"type":"Feature","properties":{"ProjectedLong":-8348689.411,"ProjectedLat":4871864.563,"PSA_NUM2025":81,"DIST_NUM2025":8,"TRACTCEN":989100,"BLKGRPCEN":4,"CenPOP2020":0,"UniqueID":98910000040},"geometry":{"type":"Point","coordinates":[-74.997553,40.040742]}},{"type":"Feature","properties":{"ProjectedLong":-8368357.672,"ProjectedLat":4859730.748,"PSA_NUM2025":93,"DIST_NUM2025":9,"TRACTCEN":300,"BLKGRPCEN":1,"CenPOP2020":1344,"UniqueID":30000010},"geometry":{"type":"Point","coordinates":[-75.174236,39.957242]}},{"type":"Feature","properties":{"ProjectedLong":-8368632.075,"ProjectedLat":4859632.72,"PSA_NUM2025":93,"DIST_NUM2025":9,"TRACTCEN":300,"BLKGRPCEN":2,"CenPOP2020":222,"UniqueID":30000020},"geometry":{"type":"Point","coordinates":[-75.176701,39.956567]}},{"type":"Feature","properties":{"ProjectedLong":-8367393.089,"ProjectedLat":4859691.101,"PSA_NUM2025":94,"DIST_NUM2025":9,"TRACTCEN":300,"BLKGRPCEN":3,"CenPOP2020":1096,"UniqueID":30000030},"geometry":{"type":"Point","coordinates":[-75.165571,39.956969]}},{"type":"Feature","properties":{"ProjectedLong":-8367895.251,"ProjectedLat":4859595.833,"PSA_NUM2025":93,"DIST_NUM2025":9,"TRACTCEN":300,"BLKGRPCEN":4,"CenPOP2020":751,"UniqueID":30000040},"geometry":{"type":"Point","coordinates":[-75.170082,39.956313]}},{"type":"Feature","properties":{"ProjectedLong":-8368701.538,"ProjectedLat":4859914.025,"PSA_NUM2025":93,"DIST_NUM2025":9,"TRACTCEN":300,"BLKGRPCEN":5,"CenPOP2020":1088,"UniqueID":30000050},"geometry":{"type":"Point","coordinates":[-75.177325,39.958504]}},{"type":"Feature","properties":{"ProjectedLong":-8368552.259,"ProjectedLat":4859393.973,"PSA_NUM2025":93,"DIST_NUM2025":9,"TRACTCEN":401,"BLKGRPCEN":1,"CenPOP2020":1314,"UniqueID":40100010},"geometry":{"type":"Point","coordinates":[-75.175984,39.954923]}},{"type":"Feature","properties":{"ProjectedLong":-8368363.572,"ProjectedLat":4859100.195,"PSA_NUM2025":93,"DIST_NUM2025":9,"TRACTCEN":401,"BLKGRPCEN":2,"CenPOP2020":760,"UniqueID":40100020},"geometry":{"type":"Point","coordinates":[-75.174289,39.9529]}},{"type":"Feature","properties":{"ProjectedLong":-8368637.307,"ProjectedLat":4859117.766,"PSA_NUM2025":93,"DIST_NUM2025":9,"TRACTCEN":401,"BLKGRPCEN":3,"CenPOP2020":1049,"UniqueID":40100030},"geometry":{"type":"Point","coordinates":[-75.176748,39.953021]}},{"type":"Feature","properties":{"ProjectedLong":-8367453.535,"ProjectedLat":4859029.91,"PSA_NUM2025":94,"DIST_NUM2025":9,"TRACTCEN":403,"BLKGRPCEN":1,"CenPOP2020":20,"UniqueID":40300010},"geometry":{"type":"Point","coordinates":[-75.166114,39.952416]}},{"type":"Feature","properties":{"ProjectedLong":-8367469.454,"ProjectedLat":4859035.864,"PSA_NUM2025":94,"DIST_NUM2025":9,"TRACTCEN":403,"BLKGRPCEN":2,"CenPOP2020":1119,"UniqueID":40300020},"geometry":{"type":"Point","coordinates":[-75.166257,39.952457]}},{"type":"Feature","properties":{"ProjectedLong":-8368127.798,"ProjectedLat":4859029.184,"PSA_NUM2025":93,"DIST_NUM2025":9,"TRACTCEN":404,"BLKGRPCEN":1,"CenPOP2020":1062,"UniqueID":40400010},"geometry":{"type":"Point","coordinates":[-75.172171,39.952411]}},{"type":"Feature","properties":{"ProjectedLong":-8368127.798,"ProjectedLat":4859336.03,"PSA_NUM2025":93,"DIST_NUM2025":9,"TRACTCEN":404,"BLKGRPCEN":2,"CenPOP2020":2036,"UniqueID":40400020},"geometry":{"type":"Point","coordinates":[-75.172171,39.954524]}},{"type":"Feature","properties":{"ProjectedLong":-8367943.452,"ProjectedLat":4859334.142,"PSA_NUM2025":93,"DIST_NUM2025":9,"TRACTCEN":404,"BLKGRPCEN":3,"CenPOP2020":724,"UniqueID":40400030},"geometry":{"type":"Point","coordinates":[-75.170515,39.954511]}},{"type":"Feature","properties":{"ProjectedLong":-8367204.959,"ProjectedLat":4859048.062,"PSA_NUM2025":94,"DIST_NUM2025":9,"TRACTCEN":500,"BLKGRPCEN":2,"CenPOP2020":33,"UniqueID":50000020},"geometry":{"type":"Point","coordinates":[-75.163881,39.952541]}},{"type":"Feature","properties":{"ProjectedLong":-8367965.605,"ProjectedLat":4858805.408,"PSA_NUM2025":93,"DIST_NUM2025":9,"TRACTCEN":701,"BLKGRPCEN":1,"CenPOP2020":679,"UniqueID":70100010},"geometry":{"type":"Point","coordinates":[-75.170714,39.95087]}},{"type":"Feature","properties":{"ProjectedLong":-8368202.604,"ProjectedLat":4858866.398,"PSA_NUM2025":93,"DIST_NUM2025":9,"TRACTCEN":701,"BLKGRPCEN":2,"CenPOP2020":849,"UniqueID":70100020},"geometry":{"type":"Point","coordinates":[-75.172843,39.95129]}},{"type":"Feature","properties":{"ProjectedLong":-8367501.737,"ProjectedLat":4858734.835,"PSA_NUM2025":94,"DIST_NUM2025":9,"TRACTCEN":701,"BLKGRPCEN":3,"CenPOP2020":1194,"UniqueID":70100030},"geometry":{"type":"Point","coordinates":[-75.166547,39.950384]}},{"type":"Feature","properties":{"ProjectedLong":-8368480.346,"ProjectedLat":4858859.863,"PSA_NUM2025":93,"DIST_NUM2025":9,"TRACTCEN":702,"BLKGRPCEN":1,"CenPOP2020":699,"UniqueID":70200010},"geometry":{"type":"Point","coordinates":[-75.175338,39.951245]}},{"type":"Feature","properties":{"ProjectedLong":-8368806.624,"ProjectedLat":4858954.398,"PSA_NUM2025":93,"DIST_NUM2025":9,"TRACTCEN":702,"BLKGRPCEN":2,"CenPOP2020":1313,"UniqueID":70200020},"geometry":{"type":"Point","coordinates":[-75.178269,39.951896]}},{"type":"Feature","properties":{"ProjectedLong":-8368793.265,"ProjectedLat":4858664.988,"PSA_NUM2025":93,"DIST_NUM2025":9,"TRACTCEN":801,"BLKGRPCEN":1,"CenPOP2020":515,"UniqueID":80100010},"geometry":{"type":"Point","coordinates":[-75.178149,39.949903]}},{"type":"Feature","properties":{"ProjectedLong":-8368996.646,"ProjectedLat":4858679.219,"PSA_NUM2025":93,"DIST_NUM2025":9,"TRACTCEN":801,"BLKGRPCEN":2,"CenPOP2020":1233,"UniqueID":80100020},"geometry":{"type":"Point","coordinates":[-75.179976,39.950001]}},{"type":"Feature","properties":{"ProjectedLong":-8368635.748,"ProjectedLat":4858657.437,"PSA_NUM2025":93,"DIST_NUM2025":9,"TRACTCEN":803,"BLKGRPCEN":1,"CenPOP2020":868,"UniqueID":80300010},"geometry":{"type":"Point","coordinates":[-75.176734,39.949851]}},{"type":"Feature","properties":{"ProjectedLong":-8368443.834,"ProjectedLat":4858641.174,"PSA_NUM2025":93,"DIST_NUM2025":9,"TRACTCEN":803,"BLKGRPCEN":2,"CenPOP2020":1314,"UniqueID":80300020},"geometry":{"type":"Point","coordinates":[-75.17501,39.949739]}},{"type":"Feature","properties":{"ProjectedLong":-8368143.271,"ProjectedLat":4858444.851,"PSA_NUM2025":93,"DIST_NUM2025":9,"TRACTCEN":803,"BLKGRPCEN":3,"CenPOP2020":917,"UniqueID":80300030},"geometry":{"type":"Point","coordinates":[-75.17231,39.948387]}},{"type":"Feature","properties":{"ProjectedLong":-8368269.953,"ProjectedLat":4858635.656,"PSA_NUM2025":93,"DIST_NUM2025":9,"TRACTCEN":803,"BLKGRPCEN":4,"CenPOP2020":1364,"UniqueID":80300040},"geometry":{"type":"Point","coordinates":[-75.173448,39.949701]}},{"type":"Feature","properties":{"ProjectedLong":-8367892.913,"ProjectedLat":4858578.588,"PSA_NUM2025":93,"DIST_NUM2025":9,"TRACTCEN":805,"BLKGRPCEN":1,"CenPOP2020":1912,"UniqueID":80500010},"geometry":{"type":"Point","coordinates":[-75.170061,39.949308]}},{"type":"Feature","properties":{"ProjectedLong":-8367725.155,"ProjectedLat":4858509.614,"PSA_NUM2025":94,"DIST_NUM2025":9,"TRACTCEN":805,"BLKGRPCEN":2,"CenPOP2020":675,"UniqueID":80500020},"geometry":{"type":"Point","coordinates":[-75.168554,39.948833]}},{"type":"Feature","properties":{"ProjectedLong":-8367382.18,"ProjectedLat":4858372.103,"PSA_NUM2025":94,"DIST_NUM2025":9,"TRACTCEN":806,"BLKGRPCEN":1,"CenPOP2020":1483,"UniqueID":80600010},"geometry":{"type":"Point","coordinates":[-75.165473,39.947886]}},{"type":"Feature","properties":{"ProjectedLong":-8367551.83,"ProjectedLat":4858431.347,"PSA_NUM2025":94,"DIST_NUM2025":9,"TRACTCEN":806,"BLKGRPCEN":2,"CenPOP2020":1219,"UniqueID":80600020},"geometry":{"type":"Point","coordinates":[-75.166997,39.948294]}},{"type":"Feature","properties":{"ProjectedLong":-8369229.749,"ProjectedLat":4858310.245,"PSA_NUM2025":93,"DIST_NUM2025":9,"TRACTCEN":1201,"BLKGRPCEN":1,"CenPOP2020":869,"UniqueID":120100010},"geometry":{"type":"Point","coordinates":[-75.18207,39.94746]}},{"type":"Feature","properties":{"ProjectedLong":-8368708.329,"ProjectedLat":4858367.456,"PSA_NUM2025":93,"DIST_NUM2025":9,"TRACTCEN":1201,"BLKGRPCEN":2,"CenPOP2020":1101,"UniqueID":120100020},"geometry":{"type":"Point","coordinates":[-75.177386,39.947854]}},{"type":"Feature","properties":{"ProjectedLong":-8368227.985,"ProjectedLat":4858045.974,"PSA_NUM2025":93,"DIST_NUM2025":9,"TRACTCEN":1203,"BLKGRPCEN":1,"CenPOP2020":995,"UniqueID":120300010},"geometry":{"type":"Point","coordinates":[-75.173071,39.94564]}},{"type":"Feature","properties":{"ProjectedLong":-8368196.482,"ProjectedLat":4858286.141,"PSA_NUM2025":93,"DIST_NUM2025":9,"TRACTCEN":1203,"BLKGRPCEN":2,"CenPOP2020":832,"UniqueID":120300020},"geometry":{"type":"Point","coordinates":[-75.172788,39.947294]}},{"type":"Feature","properties":{"ProjectedLong":-8367711.463,"ProjectedLat":4858196.695,"PSA_NUM2025":94,"DIST_NUM2025":9,"TRACTCEN":1204,"BLKGRPCEN":1,"CenPOP2020":1808,"UniqueID":120400010},"geometry":{"type":"Point","coordinates":[-75.168431,39.946678]}},{"type":"Feature","properties":{"ProjectedLong":-8367852.504,"ProjectedLat":4857999.364,"PSA_NUM2025":94,"DIST_NUM2025":9,"TRACTCEN":1204,"BLKGRPCEN":2,"CenPOP2020":1237,"UniqueID":120400020},"geometry":{"type":"Point","coordinates":[-75.169698,39.945319]}},{"type":"Feature","properties":{"ProjectedLong":-8367516.654,"ProjectedLat":4857941.429,"PSA_NUM2025":94,"DIST_NUM2025":9,"TRACTCEN":1204,"BLKGRPCEN":3,"CenPOP2020":969,"UniqueID":120400030},"geometry":{"type":"Point","coordinates":[-75.166681,39.94492]}},{"type":"Feature","properties":{"ProjectedLong":-8367540.476,"ProjectedLat":4860062.16,"PSA_NUM2025":91,"DIST_NUM2025":9,"TRACTCEN":12501,"BLKGRPCEN":1,"CenPOP2020":1498,"UniqueID":1250100010},"geometry":{"type":"Point","coordinates":[-75.166895,39.959524]}},{"type":"Feature","properties":{"ProjectedLong":-8367587.898,"ProjectedLat":4860382.545,"PSA_NUM2025":91,"DIST_NUM2025":9,"TRACTCEN":12501,"BLKGRPCEN":2,"CenPOP2020":4,"UniqueID":1250100020},"geometry":{"type":"Point","coordinates":[-75.167321,39.96173]}},{"type":"Feature","properties":{"ProjectedLong":-8367131.599,"ProjectedLat":4860426.261,"PSA_NUM2025":91,"DIST_NUM2025":9,"TRACTCEN":12501,"BLKGRPCEN":3,"CenPOP2020":615,"UniqueID":1250100030},"geometry":{"type":"Point","coordinates":[-75.163222,39.962031]}},{"type":"Feature","properties":{"ProjectedLong":-8367113.9,"ProjectedLat":4860004.503,"PSA_NUM2025":91,"DIST_NUM2025":9,"TRACTCEN":12501,"BLKGRPCEN":4,"CenPOP2020":818,"UniqueID":1250100040},"geometry":{"type":"Point","coordinates":[-75.163063,39.959127]}},{"type":"Feature","properties":{"ProjectedLong":-8368117.334,"ProjectedLat":4860568.449,"PSA_NUM2025":91,"DIST_NUM2025":9,"TRACTCEN":12502,"BLKGRPCEN":1,"CenPOP2020":957,"UniqueID":1250200010},"geometry":{"type":"Point","coordinates":[-75.172077,39.96301]}},{"type":"Feature","properties":{"ProjectedLong":-8368761.539,"ProjectedLat":4860383.997,"PSA_NUM2025":93,"DIST_NUM2025":9,"TRACTCEN":12502,"BLKGRPCEN":2,"CenPOP2020":2052,"UniqueID":1250200020},"geometry":{"type":"Point","coordinates":[-75.177864,39.96174]}},{"type":"Feature","properties":{"ProjectedLong":-8368448.398,"ProjectedLat":4860675.345,"PSA_NUM2025":91,"DIST_NUM2025":9,"TRACTCEN":12502,"BLKGRPCEN":3,"CenPOP2020":366,"UniqueID":1250200030},"geometry":{"type":"Point","coordinates":[-75.175051,39.963746]}},{"type":"Feature","properties":{"ProjectedLong":-8367830.797,"ProjectedLat":4860530.396,"PSA_NUM2025":91,"DIST_NUM2025":9,"TRACTCEN":12502,"BLKGRPCEN":4,"CenPOP2020":751,"UniqueID":1250200040},"geometry":{"type":"Point","coordinates":[-75.169503,39.962748]}},{"type":"Feature","properties":{"ProjectedLong":-8367873.766,"ProjectedLat":4860294.968,"PSA_NUM2025":91,"DIST_NUM2025":9,"TRACTCEN":12502,"BLKGRPCEN":5,"CenPOP2020":1015,"UniqueID":1250200050},"geometry":{"type":"Point","coordinates":[-75.169889,39.961127]}},{"type":"Feature","properties":{"ProjectedLong":-8367083.064,"ProjectedLat":4861365.695,"PSA_NUM2025":91,"DIST_NUM2025":9,"TRACTCEN":13300,"BLKGRPCEN":1,"CenPOP2020":2041,"UniqueID":1330000010},"geometry":{"type":"Point","coordinates":[-75.162786,39.968499]}},{"type":"Feature","properties":{"ProjectedLong":-8367219.208,"ProjectedLat":4860712.672,"PSA_NUM2025":91,"DIST_NUM2025":9,"TRACTCEN":13300,"BLKGRPCEN":2,"CenPOP2020":1068,"UniqueID":1330000020},"geometry":{"type":"Point","coordinates":[-75.164009,39.964003]}},{"type":"Feature","properties":{"ProjectedLong":-8367173.79,"ProjectedLat":4860959.584,"PSA_NUM2025":91,"DIST_NUM2025":9,"TRACTCEN":13300,"BLKGRPCEN":3,"CenPOP2020":948,"UniqueID":1330000030},"geometry":{"type":"Point","coordinates":[-75.163601,39.965703]}},{"type":"Feature","properties":{"ProjectedLong":-8368729.368,"ProjectedLat":4861089.869,"PSA_NUM2025":91,"DIST_NUM2025":9,"TRACTCEN":13401,"BLKGRPCEN":1,"CenPOP2020":1295,"UniqueID":1340100010},"geometry":{"type":"Point","coordinates":[-75.177575,39.9666]}},{"type":"Feature","properties":{"ProjectedLong":-8368327.171,"ProjectedLat":4860908.022,"PSA_NUM2025":91,"DIST_NUM2025":9,"TRACTCEN":13401,"BLKGRPCEN":2,"CenPOP2020":1676,"UniqueID":1340100020},"geometry":{"type":"Point","coordinates":[-75.173962,39.965348]}},{"type":"Feature","properties":{"ProjectedLong":-8367949.686,"ProjectedLat":4861010.855,"PSA_NUM2025":91,"DIST_NUM2025":9,"TRACTCEN":13402,"BLKGRPCEN":1,"CenPOP2020":1127,"UniqueID":1340200010},"geometry":{"type":"Point","coordinates":[-75.170571,39.966056]}},{"type":"Feature","properties":{"ProjectedLong":-8367514.65,"ProjectedLat":4861037.145,"PSA_NUM2025":91,"DIST_NUM2025":9,"TRACTCEN":13402,"BLKGRPCEN":2,"CenPOP2020":750,"UniqueID":1340200020},"geometry":{"type":"Point","coordinates":[-75.166663,39.966237]}},{"type":"Feature","properties":{"ProjectedLong":-8367769.905,"ProjectedLat":4860762.489,"PSA_NUM2025":91,"DIST_NUM2025":9,"TRACTCEN":13402,"BLKGRPCEN":3,"CenPOP2020":1758,"UniqueID":1340200030},"geometry":{"type":"Point","coordinates":[-75.168956,39.964346]}},{"type":"Feature","properties":{"ProjectedLong":-8367922.858,"ProjectedLat":4861501.07,"PSA_NUM2025":91,"DIST_NUM2025":9,"TRACTCEN":13500,"BLKGRPCEN":1,"CenPOP2020":735,"UniqueID":1350000010},"geometry":{"type":"Point","coordinates":[-75.17033,39.969431]}},{"type":"Feature","properties":{"ProjectedLong":-8367608.158,"ProjectedLat":4861484.366,"PSA_NUM2025":91,"DIST_NUM2025":9,"TRACTCEN":13500,"BLKGRPCEN":2,"CenPOP2020":2205,"UniqueID":1350000020},"geometry":{"type":"Point","coordinates":[-75.167503,39.969316]}},{"type":"Feature","properties":{"ProjectedLong":-8368189.914,"ProjectedLat":4861652.133,"PSA_NUM2025":91,"DIST_NUM2025":9,"TRACTCEN":13500,"BLKGRPCEN":3,"CenPOP2020":1312,"UniqueID":1350000030},"geometry":{"type":"Point","coordinates":[-75.172729,39.970471]}},{"type":"Feature","properties":{"ProjectedLong":-8368641.426,"ProjectedLat":4861391.114,"PSA_NUM2025":91,"DIST_NUM2025":9,"TRACTCEN":13601,"BLKGRPCEN":1,"CenPOP2020":1289,"UniqueID":1360100010},"geometry":{"type":"Point","coordinates":[-75.176785,39.968674]}},{"type":"Feature","properties":{"ProjectedLong":-8369046.74,"ProjectedLat":4861476.232,"PSA_NUM2025":91,"DIST_NUM2025":9,"TRACTCEN":13601,"BLKGRPCEN":2,"CenPOP2020":1622,"UniqueID":1360100020},"geometry":{"type":"Point","coordinates":[-75.180426,39.96926]}},{"type":"Feature","properties":{"ProjectedLong":-8368705.657,"ProjectedLat":4861750.616,"PSA_NUM2025":91,"DIST_NUM2025":9,"TRACTCEN":13602,"BLKGRPCEN":1,"CenPOP2020":758,"UniqueID":1360200010},"geometry":{"type":"Point","coordinates":[-75.177362,39.971149]}},{"type":"Feature","properties":{"ProjectedLong":-8369345.855,"ProjectedLat":4861880.912,"PSA_NUM2025":91,"DIST_NUM2025":9,"TRACTCEN":13602,"BLKGRPCEN":2,"CenPOP2020":1290,"UniqueID":1360200020},"geometry":{"type":"Point","coordinates":[-75.183113,39.972046]}},{"type":"Feature","properties":{"ProjectedLong":-8368950.337,"ProjectedLat":4861809.735,"PSA_NUM2025":91,"DIST_NUM2025":9,"TRACTCEN":13602,"BLKGRPCEN":3,"CenPOP2020":1036,"UniqueID":1360200030},"geometry":{"type":"Point","coordinates":[-75.17956,39.971556]}},{"type":"Feature","properties":{"ProjectedLong":-8368487.582,"ProjectedLat":4861731.733,"PSA_NUM2025":91,"DIST_NUM2025":9,"TRACTCEN":13602,"BLKGRPCEN":4,"CenPOP2020":692,"UniqueID":1360200040},"geometry":{"type":"Point","coordinates":[-75.175403,39.971019]}},{"type":"Feature","properties":{"ProjectedLong":-8369385.151,"ProjectedLat":4861212.022,"PSA_NUM2025":91,"DIST_NUM2025":9,"TRACTCEN":980001,"BLKGRPCEN":2,"CenPOP2020":3,"UniqueID":98000100020},"geometry":{"type":"Point","coordinates":[-75.183466,39.967441]}},{"type":"Feature","properties":{"ProjectedLong":-8377025.23,"ProjectedLat":4850375.604,"PSA_NUM2025":121,"DIST_NUM2025":12,"TRACTCEN":5400,"BLKGRPCEN":1,"CenPOP2020":1191,"UniqueID":540000010},"geometry":{"type":"Point","coordinates":[-75.252098,39.892794]}},{"type":"Feature","properties":{"ProjectedLong":-8376490.452,"ProjectedLat":4852822.698,"PSA_NUM2025":121,"DIST_NUM2025":12,"TRACTCEN":5500,"BLKGRPCEN":1,"CenPOP2020":1955,"UniqueID":550000010},"geometry":{"type":"Point","coordinates":[-75.247294,39.909658]}},{"type":"Feature","properties":{"ProjectedLong":-8376232.079,"ProjectedLat":4852745.201,"PSA_NUM2025":121,"DIST_NUM2025":12,"TRACTCEN":5500,"BLKGRPCEN":2,"CenPOP2020":1021,"UniqueID":550000020},"geometry":{"type":"Point","coordinates":[-75.244973,39.909124]}},{"type":"Feature","properties":{"ProjectedLong":-8376908.679,"ProjectedLat":4851627.081,"PSA_NUM2025":121,"DIST_NUM2025":12,"TRACTCEN":5500,"BLKGRPCEN":3,"CenPOP2020":917,"UniqueID":550000030},"geometry":{"type":"Point","coordinates":[-75.251051,39.901419]}},{"type":"Feature","properties":{"ProjectedLong":-8376187.329,"ProjectedLat":4852195.776,"PSA_NUM2025":121,"DIST_NUM2025":12,"TRACTCEN":5500,"BLKGRPCEN":4,"CenPOP2020":1605,"UniqueID":550000040},"geometry":{"type":"Point","coordinates":[-75.244571,39.905338]}},{"type":"Feature","properties":{"ProjectedLong":-8376288.407,"ProjectedLat":4851359.506,"PSA_NUM2025":121,"DIST_NUM2025":12,"TRACTCEN":5600,"BLKGRPCEN":1,"CenPOP2020":1061,"UniqueID":560000010},"geometry":{"type":"Point","coordinates":[-75.245479,39.899575]}},{"type":"Feature","properties":{"ProjectedLong":-8375495.812,"ProjectedLat":4853056.788,"PSA_NUM2025":121,"DIST_NUM2025":12,"TRACTCEN":6000,"BLKGRPCEN":1,"CenPOP2020":2332,"UniqueID":600000010},"geometry":{"type":"Point","coordinates":[-75.238359,39.911271]}},{"type":"Feature","properties":{"ProjectedLong":-8375055.432,"ProjectedLat":4852796.14,"PSA_NUM2025":121,"DIST_NUM2025":12,"TRACTCEN":6000,"BLKGRPCEN":2,"CenPOP2020":1403,"UniqueID":600000020},"geometry":{"type":"Point","coordinates":[-75.234403,39.909475]}},{"type":"Feature","properties":{"ProjectedLong":-8375342.525,"ProjectedLat":4853472.01,"PSA_NUM2025":121,"DIST_NUM2025":12,"TRACTCEN":6000,"BLKGRPCEN":3,"CenPOP2020":775,"UniqueID":600000030},"geometry":{"type":"Point","coordinates":[-75.236982,39.914132]}},{"type":"Feature","properties":{"ProjectedLong":-8375783.684,"ProjectedLat":4853502.634,"PSA_NUM2025":121,"DIST_NUM2025":12,"TRACTCEN":6000,"BLKGRPCEN":4,"CenPOP2020":1371,"UniqueID":600000040},"geometry":{"type":"Point","coordinates":[-75.240945,39.914343]}},{"type":"Feature","properties":{"ProjectedLong":-8375540.562,"ProjectedLat":4853897.265,"PSA_NUM2025":122,"DIST_NUM2025":12,"TRACTCEN":6000,"BLKGRPCEN":5,"CenPOP2020":726,"UniqueID":600000050},"geometry":{"type":"Point","coordinates":[-75.238761,39.917062]}},{"type":"Feature","properties":{"ProjectedLong":-8374527.332,"ProjectedLat":4853679.265,"PSA_NUM2025":123,"DIST_NUM2025":12,"TRACTCEN":6100,"BLKGRPCEN":1,"CenPOP2020":2271,"UniqueID":610000010},"geometry":{"type":"Point","coordinates":[-75.229659,39.91556]}},{"type":"Feature","properties":{"ProjectedLong":-8374342.208,"ProjectedLat":4854053.293,"PSA_NUM2025":123,"DIST_NUM2025":12,"TRACTCEN":6100,"BLKGRPCEN":2,"CenPOP2020":1109,"UniqueID":610000020},"geometry":{"type":"Point","coordinates":[-75.227996,39.918137]}},{"type":"Feature","properties":{"ProjectedLong":-8374536.683,"ProjectedLat":4854364.195,"PSA_NUM2025":123,"DIST_NUM2025":12,"TRACTCEN":6200,"BLKGRPCEN":1,"CenPOP2020":1036,"UniqueID":620000010},"geometry":{"type":"Point","coordinates":[-75.229743,39.920279]}},{"type":"Feature","properties":{"ProjectedLong":-8374742.736,"ProjectedLat":4854185.519,"PSA_NUM2025":123,"DIST_NUM2025":12,"TRACTCEN":6200,"BLKGRPCEN":2,"CenPOP2020":991,"UniqueID":620000020},"geometry":{"type":"Point","coordinates":[-75.231594,39.919048]}},{"type":"Feature","properties":{"ProjectedLong":-8374937.767,"ProjectedLat":4854008.444,"PSA_NUM2025":121,"DIST_NUM2025":12,"TRACTCEN":6200,"BLKGRPCEN":3,"CenPOP2020":913,"UniqueID":620000030},"geometry":{"type":"Point","coordinates":[-75.233346,39.917828]}},{"type":"Feature","properties":{"ProjectedLong":-8374977.842,"ProjectedLat":4854160.264,"PSA_NUM2025":123,"DIST_NUM2025":12,"TRACTCEN":6200,"BLKGRPCEN":4,"CenPOP2020":1558,"UniqueID":620000040},"geometry":{"type":"Point","coordinates":[-75.233706,39.918874]}},{"type":"Feature","properties":{"ProjectedLong":-8375123.671,"ProjectedLat":4855083.284,"PSA_NUM2025":122,"DIST_NUM2025":12,"TRACTCEN":6300,"BLKGRPCEN":1,"CenPOP2020":686,"UniqueID":630000010},"geometry":{"type":"Point","coordinates":[-75.235016,39.925233]}},{"type":"Feature","properties":{"ProjectedLong":-8375188.57,"ProjectedLat":4854919.837,"PSA_NUM2025":123,"DIST_NUM2025":12,"TRACTCEN":6300,"BLKGRPCEN":2,"CenPOP2020":965,"UniqueID":630000020},"geometry":{"type":"Point","coordinates":[-75.235599,39.924107]}},{"type":"Feature","properties":{"ProjectedLong":-8375356.774,"ProjectedLat":4854725.039,"PSA_NUM2025":122,"DIST_NUM2025":12,"TRACTCEN":6300,"BLKGRPCEN":3,"CenPOP2020":902,"UniqueID":630000030},"geometry":{"type":"Point","coordinates":[-75.23711,39.922765]}},{"type":"Feature","properties":{"ProjectedLong":-8375892.332,"ProjectedLat":4854263.027,"PSA_NUM2025":122,"DIST_NUM2025":12,"TRACTCEN":6300,"BLKGRPCEN":4,"CenPOP2020":1469,"UniqueID":630000040},"geometry":{"type":"Point","coordinates":[-75.241921,39.919582]}},{"type":"Feature","properties":{"ProjectedLong":-8375507.055,"ProjectedLat":4855547.511,"PSA_NUM2025":122,"DIST_NUM2025":12,"TRACTCEN":6400,"BLKGRPCEN":1,"CenPOP2020":1340,"UniqueID":640000010},"geometry":{"type":"Point","coordinates":[-75.23846,39.928431]}},{"type":"Feature","properties":{"ProjectedLong":-8375874.187,"ProjectedLat":4855511.656,"PSA_NUM2025":122,"DIST_NUM2025":12,"TRACTCEN":6400,"BLKGRPCEN":2,"CenPOP2020":1235,"UniqueID":640000020},"geometry":{"type":"Point","coordinates":[-75.241758,39.928184]}},{"type":"Feature","properties":{"ProjectedLong":-8375924.169,"ProjectedLat":4854928.401,"PSA_NUM2025":122,"DIST_NUM2025":12,"TRACTCEN":6400,"BLKGRPCEN":3,"CenPOP2020":1974,"UniqueID":640000030},"geometry":{"type":"Point","coordinates":[-75.242207,39.924166]}},{"type":"Feature","properties":{"ProjectedLong":-8374731.492,"ProjectedLat":4856323.45,"PSA_NUM2025":122,"DIST_NUM2025":12,"TRACTCEN":6500,"BLKGRPCEN":1,"CenPOP2020":1486,"UniqueID":650000010},"geometry":{"type":"Point","coordinates":[-75.231493,39.933776]}},{"type":"Feature","properties":{"ProjectedLong":-8375824.204,"ProjectedLat":4857781.13,"PSA_NUM2025":124,"DIST_NUM2025":12,"TRACTCEN":6500,"BLKGRPCEN":2,"CenPOP2020":1167,"UniqueID":650000020},"geometry":{"type":"Point","coordinates":[-75.241309,39.943816]}},{"type":"Feature","properties":{"ProjectedLong":-8374902.368,"ProjectedLat":4856837.824,"PSA_NUM2025":122,"DIST_NUM2025":12,"TRACTCEN":6500,"BLKGRPCEN":3,"CenPOP2020":2010,"UniqueID":650000030},"geometry":{"type":"Point","coordinates":[-75.233028,39.937319]}},{"type":"Feature","properties":{"ProjectedLong":-8375061.109,"ProjectedLat":4855465.929,"PSA_NUM2025":122,"DIST_NUM2025":12,"TRACTCEN":6600,"BLKGRPCEN":1,"CenPOP2020":875,"UniqueID":660000010},"geometry":{"type":"Point","coordinates":[-75.234454,39.927869]}},{"type":"Feature","properties":{"ProjectedLong":-8374759.879,"ProjectedLat":4855297.25,"PSA_NUM2025":123,"DIST_NUM2025":12,"TRACTCEN":6600,"BLKGRPCEN":2,"CenPOP2020":1233,"UniqueID":660000020},"geometry":{"type":"Point","coordinates":[-75.231748,39.926707]}},{"type":"Feature","properties":{"ProjectedLong":-8374406.217,"ProjectedLat":4856073.459,"PSA_NUM2025":122,"DIST_NUM2025":12,"TRACTCEN":6600,"BLKGRPCEN":3,"CenPOP2020":1484,"UniqueID":660000030},"geometry":{"type":"Point","coordinates":[-75.228571,39.932054]}},{"type":"Feature","properties":{"ProjectedLong":-8373774.479,"ProjectedLat":4855290.863,"PSA_NUM2025":123,"DIST_NUM2025":12,"TRACTCEN":6700,"BLKGRPCEN":1,"CenPOP2020":1413,"UniqueID":670000010},"geometry":{"type":"Point","coordinates":[-75.222896,39.926663]}},{"type":"Feature","properties":{"ProjectedLong":-8374460.541,"ProjectedLat":4854836.808,"PSA_NUM2025":123,"DIST_NUM2025":12,"TRACTCEN":6700,"BLKGRPCEN":2,"CenPOP2020":1290,"UniqueID":670000020},"geometry":{"type":"Point","coordinates":[-75.229059,39.923535]}},{"type":"Feature","properties":{"ProjectedLong":-8373933.443,"ProjectedLat":4854538.519,"PSA_NUM2025":123,"DIST_NUM2025":12,"TRACTCEN":6700,"BLKGRPCEN":3,"CenPOP2020":2942,"UniqueID":670000030},"geometry":{"type":"Point","coordinates":[-75.224324,39.92148]}},{"type":"Feature","properties":{"ProjectedLong":-8374168.55,"ProjectedLat":4855109.848,"PSA_NUM2025":123,"DIST_NUM2025":12,"TRACTCEN":6700,"BLKGRPCEN":4,"CenPOP2020":1805,"UniqueID":670000040},"geometry":{"type":"Point","coordinates":[-75.226436,39.925416]}},{"type":"Feature","properties":{"ProjectedLong":-8373456.105,"ProjectedLat":4856919.853,"PSA_NUM2025":123,"DIST_NUM2025":12,"TRACTCEN":7000,"BLKGRPCEN":1,"CenPOP2020":932,"UniqueID":700000010},"geometry":{"type":"Point","coordinates":[-75.220036,39.937884]}},{"type":"Feature","properties":{"ProjectedLong":-8373645.014,"ProjectedLat":4856759.57,"PSA_NUM2025":123,"DIST_NUM2025":12,"TRACTCEN":7000,"BLKGRPCEN":2,"CenPOP2020":714,"UniqueID":700000020},"geometry":{"type":"Point","coordinates":[-75.221733,39.93678]}},{"type":"Feature","properties":{"ProjectedLong":-8373936.003,"ProjectedLat":4856356.26,"PSA_NUM2025":123,"DIST_NUM2025":12,"TRACTCEN":7000,"BLKGRPCEN":3,"CenPOP2020":824,"UniqueID":700000030},"geometry":{"type":"Point","coordinates":[-75.224347,39.934002]}},{"type":"Feature","properties":{"ProjectedLong":-8373893.479,"ProjectedLat":4856521.908,"PSA_NUM2025":123,"DIST_NUM2025":12,"TRACTCEN":7000,"BLKGRPCEN":4,"CenPOP2020":614,"UniqueID":700000040},"geometry":{"type":"Point","coordinates":[-75.223965,39.935143]}},{"type":"Feature","properties":{"ProjectedLong":-8373400.223,"ProjectedLat":4856571.124,"PSA_NUM2025":123,"DIST_NUM2025":12,"TRACTCEN":7000,"BLKGRPCEN":5,"CenPOP2020":808,"UniqueID":700000050},"geometry":{"type":"Point","coordinates":[-75.219534,39.935482]}},{"type":"Feature","properties":{"ProjectedLong":-8374278.088,"ProjectedLat":4856718.628,"PSA_NUM2025":124,"DIST_NUM2025":12,"TRACTCEN":7101,"BLKGRPCEN":1,"CenPOP2020":822,"UniqueID":710100010},"geometry":{"type":"Point","coordinates":[-75.22742,39.936498]}},{"type":"Feature","properties":{"ProjectedLong":-8374057.008,"ProjectedLat":4856936.985,"PSA_NUM2025":124,"DIST_NUM2025":12,"TRACTCEN":7101,"BLKGRPCEN":2,"CenPOP2020":888,"UniqueID":710100020},"geometry":{"type":"Point","coordinates":[-75.225434,39.938002]}},{"type":"Feature","properties":{"ProjectedLong":-8373810.658,"ProjectedLat":4857171.608,"PSA_NUM2025":124,"DIST_NUM2025":12,"TRACTCEN":7101,"BLKGRPCEN":3,"CenPOP2020":727,"UniqueID":710100030},"geometry":{"type":"Point","coordinates":[-75.223221,39.939618]}},{"type":"Feature","properties":{"ProjectedLong":-8374045.764,"ProjectedLat":4857632.884,"PSA_NUM2025":124,"DIST_NUM2025":12,"TRACTCEN":7102,"BLKGRPCEN":1,"CenPOP2020":972,"UniqueID":710200010},"geometry":{"type":"Point","coordinates":[-75.225333,39.942795]}},{"type":"Feature","properties":{"ProjectedLong":-8374479.91,"ProjectedLat":4857039.777,"PSA_NUM2025":124,"DIST_NUM2025":12,"TRACTCEN":7102,"BLKGRPCEN":2,"CenPOP2020":1161,"UniqueID":710200020},"geometry":{"type":"Point","coordinates":[-75.229233,39.93871]}},{"type":"Feature","properties":{"ProjectedLong":-8374192.929,"ProjectedLat":4857283.694,"PSA_NUM2025":124,"DIST_NUM2025":12,"TRACTCEN":7102,"BLKGRPCEN":3,"CenPOP2020":922,"UniqueID":710200030},"geometry":{"type":"Point","coordinates":[-75.226655,39.94039]}},{"type":"Feature","properties":{"ProjectedLong":-8374422.469,"ProjectedLat":4857587.438,"PSA_NUM2025":124,"DIST_NUM2025":12,"TRACTCEN":7102,"BLKGRPCEN":4,"CenPOP2020":827,"UniqueID":710200040},"geometry":{"type":"Point","coordinates":[-75.228717,39.942482]}},{"type":"Feature","properties":{"ProjectedLong":-8374687.855,"ProjectedLat":4857303.44,"PSA_NUM2025":124,"DIST_NUM2025":12,"TRACTCEN":7102,"BLKGRPCEN":5,"CenPOP2020":792,"UniqueID":710200050},"geometry":{"type":"Point","coordinates":[-75.231101,39.940526]}},{"type":"Feature","properties":{"ProjectedLong":-8375009.568,"ProjectedLat":4857549.106,"PSA_NUM2025":124,"DIST_NUM2025":12,"TRACTCEN":7200,"BLKGRPCEN":1,"CenPOP2020":891,"UniqueID":720000010},"geometry":{"type":"Point","coordinates":[-75.233991,39.942218]}},{"type":"Feature","properties":{"ProjectedLong":-8374730.157,"ProjectedLat":4858156.183,"PSA_NUM2025":124,"DIST_NUM2025":12,"TRACTCEN":7200,"BLKGRPCEN":2,"CenPOP2020":728,"UniqueID":720000020},"geometry":{"type":"Point","coordinates":[-75.231481,39.946399]}},{"type":"Feature","properties":{"ProjectedLong":-8374714.794,"ProjectedLat":4857664.827,"PSA_NUM2025":124,"DIST_NUM2025":12,"TRACTCEN":7200,"BLKGRPCEN":3,"CenPOP2020":572,"UniqueID":720000030},"geometry":{"type":"Point","coordinates":[-75.231343,39.943015]}},{"type":"Feature","properties":{"ProjectedLong":-8374458.871,"ProjectedLat":4857883.495,"PSA_NUM2025":124,"DIST_NUM2025":12,"TRACTCEN":7200,"BLKGRPCEN":4,"CenPOP2020":640,"UniqueID":720000040},"geometry":{"type":"Point","coordinates":[-75.229044,39.944521]}},{"type":"Feature","properties":{"ProjectedLong":-8374841.476,"ProjectedLat":4857857.359,"PSA_NUM2025":124,"DIST_NUM2025":12,"TRACTCEN":7200,"BLKGRPCEN":5,"CenPOP2020":743,"UniqueID":720000050},"geometry":{"type":"Point","coordinates":[-75.232481,39.944341]}},{"type":"Feature","properties":{"ProjectedLong":-8375197.142,"ProjectedLat":4857974.099,"PSA_NUM2025":124,"DIST_NUM2025":12,"TRACTCEN":7200,"BLKGRPCEN":6,"CenPOP2020":928,"UniqueID":720000060},"geometry":{"type":"Point","coordinates":[-75.235676,39.945145]}},{"type":"Feature","properties":{"ProjectedLong":-8373473.693,"ProjectedLat":4857693.721,"PSA_NUM2025":124,"DIST_NUM2025":12,"TRACTCEN":7300,"BLKGRPCEN":1,"CenPOP2020":900,"UniqueID":730000010},"geometry":{"type":"Point","coordinates":[-75.220194,39.943214]}},{"type":"Feature","properties":{"ProjectedLong":-8373734.96,"ProjectedLat":4857606.603,"PSA_NUM2025":124,"DIST_NUM2025":12,"TRACTCEN":7300,"BLKGRPCEN":2,"CenPOP2020":782,"UniqueID":730000020},"geometry":{"type":"Point","coordinates":[-75.222541,39.942614]}},{"type":"Feature","properties":{"ProjectedLong":-8373654.142,"ProjectedLat":4857972.357,"PSA_NUM2025":124,"DIST_NUM2025":12,"TRACTCEN":7300,"BLKGRPCEN":3,"CenPOP2020":645,"UniqueID":730000030},"geometry":{"type":"Point","coordinates":[-75.221815,39.945133]}},{"type":"Feature","properties":{"ProjectedLong":-8374027.285,"ProjectedLat":4858105.652,"PSA_NUM2025":124,"DIST_NUM2025":12,"TRACTCEN":7300,"BLKGRPCEN":4,"CenPOP2020":880,"UniqueID":730000040},"geometry":{"type":"Point","coordinates":[-75.225167,39.946051]}},{"type":"Feature","properties":{"ProjectedLong":-8372945.371,"ProjectedLat":4857431.354,"PSA_NUM2025":123,"DIST_NUM2025":12,"TRACTCEN":7400,"BLKGRPCEN":3,"CenPOP2020":725,"UniqueID":740000030},"geometry":{"type":"Point","coordinates":[-75.215448,39.941407]}},{"type":"Feature","properties":{"ProjectedLong":-8373293.801,"ProjectedLat":4857278.903,"PSA_NUM2025":123,"DIST_NUM2025":12,"TRACTCEN":7400,"BLKGRPCEN":4,"CenPOP2020":1471,"UniqueID":740000040},"geometry":{"type":"Point","coordinates":[-75.218578,39.940357]}},{"type":"Feature","properties":{"ProjectedLong":-8373060.476,"ProjectedLat":4856913.465,"PSA_NUM2025":123,"DIST_NUM2025":12,"TRACTCEN":7400,"BLKGRPCEN":5,"CenPOP2020":650,"UniqueID":740000050},"geometry":{"type":"Point","coordinates":[-75.216482,39.93784]}},{"type":"Feature","properties":{"ProjectedLong":-8373457.886,"ProjectedLat":4858122.35,"PSA_NUM2025":124,"DIST_NUM2025":12,"TRACTCEN":7800,"BLKGRPCEN":3,"CenPOP2020":836,"UniqueID":780000030},"geometry":{"type":"Point","coordinates":[-75.220052,39.946166]}},{"type":"Feature","properties":{"ProjectedLong":-8372162.906,"ProjectedLat":4856800.657,"PSA_NUM2025":123,"DIST_NUM2025":12,"TRACTCEN":39100,"BLKGRPCEN":1,"CenPOP2020":0,"UniqueID":3910000010},"geometry":{"type":"Point","coordinates":[-75.208419,39.937063]}},{"type":"Feature","properties":{"ProjectedLong":-8372922.105,"ProjectedLat":4856002.179,"PSA_NUM2025":123,"DIST_NUM2025":12,"TRACTCEN":39100,"BLKGRPCEN":2,"CenPOP2020":1142,"UniqueID":3910000020},"geometry":{"type":"Point","coordinates":[-75.215239,39.931563]}},{"type":"Feature","properties":{"ProjectedLong":-8373306.269,"ProjectedLat":4855903.027,"PSA_NUM2025":123,"DIST_NUM2025":12,"TRACTCEN":39100,"BLKGRPCEN":3,"CenPOP2020":752,"UniqueID":3910000030},"geometry":{"type":"Point","coordinates":[-75.21869,39.93088]}},{"type":"Feature","properties":{"ProjectedLong":-8373244.821,"ProjectedLat":4856127.754,"PSA_NUM2025":123,"DIST_NUM2025":12,"TRACTCEN":39100,"BLKGRPCEN":4,"CenPOP2020":683,"UniqueID":3910000040},"geometry":{"type":"Point","coordinates":[-75.218138,39.932428]}},{"type":"Feature","properties":{"ProjectedLong":-8376365.106,"ProjectedLat":4849633.062,"PSA_NUM2025":121,"DIST_NUM2025":12,"TRACTCEN":980901,"BLKGRPCEN":1,"CenPOP2020":29,"UniqueID":98090100010},"geometry":{"type":"Point","coordinates":[-75.246168,39.887676]}},{"type":"Feature","properties":{"ProjectedLong":-8373611.618,"ProjectedLat":4851392.88,"PSA_NUM2025":121,"DIST_NUM2025":12,"TRACTCEN":980901,"BLKGRPCEN":2,"CenPOP2020":0,"UniqueID":98090100020},"geometry":{"type":"Point","coordinates":[-75.221433,39.899805]}},{"type":"Feature","properties":{"ProjectedLong":-8372582.581,"ProjectedLat":4850110.818,"PSA_NUM2025":121,"DIST_NUM2025":12,"TRACTCEN":980901,"BLKGRPCEN":3,"CenPOP2020":0,"UniqueID":98090100030},"geometry":{"type":"Point","coordinates":[-75.212189,39.890969]}},{"type":"Feature","properties":{"ProjectedLong":-8372698.242,"ProjectedLat":4854650.14,"PSA_NUM2025":123,"DIST_NUM2025":12,"TRACTCEN":980901,"BLKGRPCEN":4,"CenPOP2020":3,"UniqueID":98090100040},"geometry":{"type":"Point","coordinates":[-75.213228,39.922249]}},{"type":"Feature","properties":{"ProjectedLong":-8372643.25,"ProjectedLat":4853391.896,"PSA_NUM2025":121,"DIST_NUM2025":12,"TRACTCEN":980901,"BLKGRPCEN":5,"CenPOP2020":0,"UniqueID":98090100050},"geometry":{"type":"Point","coordinates":[-75.212734,39.91358]}},{"type":"Feature","properties":{"ProjectedLong":-8375173.319,"ProjectedLat":4851164.198,"PSA_NUM2025":121,"DIST_NUM2025":12,"TRACTCEN":980901,"BLKGRPCEN":6,"CenPOP2020":10,"UniqueID":98090100060},"geometry":{"type":"Point","coordinates":[-75.235462,39.898229]}},{"type":"Feature","properties":{"ProjectedLong":-8372076.634,"ProjectedLat":4848551.558,"PSA_NUM2025":121,"DIST_NUM2025":12,"TRACTCEN":980901,"BLKGRPCEN":7,"CenPOP2020":0,"UniqueID":98090100070},"geometry":{"type":"Point","coordinates":[-75.207644,39.880221]}},{"type":"Feature","properties":{"ProjectedLong":-8375256.698,"ProjectedLat":4851910.336,"PSA_NUM2025":121,"DIST_NUM2025":12,"TRACTCEN":980901,"BLKGRPCEN":8,"CenPOP2020":2,"UniqueID":98090100080},"geometry":{"type":"Point","coordinates":[-75.236211,39.903371]}},{"type":"Feature","properties":{"ProjectedLong":-8371507.569,"ProjectedLat":4875812.197,"PSA_NUM2025":144,"DIST_NUM2025":14,"TRACTCEN":23100,"BLKGRPCEN":1,"CenPOP2020":1285,"UniqueID":2310000010},"geometry":{"type":"Point","coordinates":[-75.202532,40.067886]}},{"type":"Feature","properties":{"ProjectedLong":-8370881.174,"ProjectedLat":4871230.767,"PSA_NUM2025":143,"DIST_NUM2025":14,"TRACTCEN":23500,"BLKGRPCEN":1,"CenPOP2020":1108,"UniqueID":2350000010},"geometry":{"type":"Point","coordinates":[-75.196905,40.036383]}},{"type":"Feature","properties":{"ProjectedLong":-8370519.497,"ProjectedLat":4871952.097,"PSA_NUM2025":143,"DIST_NUM2025":14,"TRACTCEN":23600,"BLKGRPCEN":1,"CenPOP2020":1713,"UniqueID":2360000010},"geometry":{"type":"Point","coordinates":[-75.193656,40.041344]}},{"type":"Feature","properties":{"ProjectedLong":-8370727.108,"ProjectedLat":4872814.388,"PSA_NUM2025":143,"DIST_NUM2025":14,"TRACTCEN":23600,"BLKGRPCEN":2,"CenPOP2020":985,"UniqueID":2360000020},"geometry":{"type":"Point","coordinates":[-75.195521,40.047274]}},{"type":"Feature","properties":{"ProjectedLong":-8370061.417,"ProjectedLat":4873522.308,"PSA_NUM2025":143,"DIST_NUM2025":14,"TRACTCEN":23700,"BLKGRPCEN":1,"CenPOP2020":2107,"UniqueID":2370000010},"geometry":{"type":"Point","coordinates":[-75.189541,40.052142]}},{"type":"Feature","properties":{"ProjectedLong":-8369690.278,"ProjectedLat":4872316.344,"PSA_NUM2025":143,"DIST_NUM2025":14,"TRACTCEN":23700,"BLKGRPCEN":2,"CenPOP2020":900,"UniqueID":2370000020},"geometry":{"type":"Point","coordinates":[-75.186207,40.043849]}},{"type":"Feature","properties":{"ProjectedLong":-8369851.802,"ProjectedLat":4872734.409,"PSA_NUM2025":143,"DIST_NUM2025":14,"TRACTCEN":23700,"BLKGRPCEN":3,"CenPOP2020":1843,"UniqueID":2370000030},"geometry":{"type":"Point","coordinates":[-75.187658,40.046724]}},{"type":"Feature","properties":{"ProjectedLong":-8369335.725,"ProjectedLat":4872222.264,"PSA_NUM2025":143,"DIST_NUM2025":14,"TRACTCEN":23800,"BLKGRPCEN":1,"CenPOP2020":776,"UniqueID":2380000010},"geometry":{"type":"Point","coordinates":[-75.183022,40.043202]}},{"type":"Feature","properties":{"ProjectedLong":-8369171.64,"ProjectedLat":4871689.644,"PSA_NUM2025":143,"DIST_NUM2025":14,"TRACTCEN":23800,"BLKGRPCEN":2,"CenPOP2020":749,"UniqueID":2380000020},"geometry":{"type":"Point","coordinates":[-75.181548,40.039539]}},{"type":"Feature","properties":{"ProjectedLong":-8368956.015,"ProjectedLat":4871167.23,"PSA_NUM2025":143,"DIST_NUM2025":14,"TRACTCEN":23800,"BLKGRPCEN":3,"CenPOP2020":843,"UniqueID":2380000030},"geometry":{"type":"Point","coordinates":[-75.179611,40.035946]}},{"type":"Feature","properties":{"ProjectedLong":-8369448.715,"ProjectedLat":4871265.808,"PSA_NUM2025":143,"DIST_NUM2025":14,"TRACTCEN":23800,"BLKGRPCEN":4,"CenPOP2020":922,"UniqueID":2380000040},"geometry":{"type":"Point","coordinates":[-75.184037,40.036624]}},{"type":"Feature","properties":{"ProjectedLong":-8369687.606,"ProjectedLat":4871754.929,"PSA_NUM2025":143,"DIST_NUM2025":14,"TRACTCEN":23800,"BLKGRPCEN":5,"CenPOP2020":1151,"UniqueID":2380000050},"geometry":{"type":"Point","coordinates":[-75.186183,40.039988]}},{"type":"Feature","properties":{"ProjectedLong":-8369724.342,"ProjectedLat":4871080.866,"PSA_NUM2025":143,"DIST_NUM2025":14,"TRACTCEN":23900,"BLKGRPCEN":1,"CenPOP2020":1021,"UniqueID":2390000010},"geometry":{"type":"Point","coordinates":[-75.186513,40.035352]}},{"type":"Feature","properties":{"ProjectedLong":-8368566.396,"ProjectedLat":4870708.087,"PSA_NUM2025":143,"DIST_NUM2025":14,"TRACTCEN":24100,"BLKGRPCEN":1,"CenPOP2020":1343,"UniqueID":2410000010},"geometry":{"type":"Point","coordinates":[-75.176111,40.032788]}},{"type":"Feature","properties":{"ProjectedLong":-8366981.763,"ProjectedLat":4871227.859,"PSA_NUM2025":142,"DIST_NUM2025":14,"TRACTCEN":24500,"BLKGRPCEN":1,"CenPOP2020":2085,"UniqueID":2450000010},"geometry":{"type":"Point","coordinates":[-75.161876,40.036363]}},{"type":"Feature","properties":{"ProjectedLong":-8366998.35,"ProjectedLat":4870450.464,"PSA_NUM2025":142,"DIST_NUM2025":14,"TRACTCEN":24500,"BLKGRPCEN":2,"CenPOP2020":2166,"UniqueID":2450000020},"geometry":{"type":"Point","coordinates":[-75.162025,40.031016]}},{"type":"Feature","properties":{"ProjectedLong":-8367770.573,"ProjectedLat":4871029.543,"PSA_NUM2025":142,"DIST_NUM2025":14,"TRACTCEN":24600,"BLKGRPCEN":1,"CenPOP2020":806,"UniqueID":2460000010},"geometry":{"type":"Point","coordinates":[-75.168962,40.034999]}},{"type":"Feature","properties":{"ProjectedLong":-8368069.689,"ProjectedLat":4872178.496,"PSA_NUM2025":142,"DIST_NUM2025":14,"TRACTCEN":24600,"BLKGRPCEN":2,"CenPOP2020":1264,"UniqueID":2460000020},"geometry":{"type":"Point","coordinates":[-75.171649,40.042901]}},{"type":"Feature","properties":{"ProjectedLong":-8368333.739,"ProjectedLat":4871724.25,"PSA_NUM2025":142,"DIST_NUM2025":14,"TRACTCEN":24600,"BLKGRPCEN":3,"CenPOP2020":886,"UniqueID":2460000030},"geometry":{"type":"Point","coordinates":[-75.174021,40.039777]}},{"type":"Feature","properties":{"ProjectedLong":-8367573.093,"ProjectedLat":4871653.73,"PSA_NUM2025":142,"DIST_NUM2025":14,"TRACTCEN":24700,"BLKGRPCEN":1,"CenPOP2020":1590,"UniqueID":2470000010},"geometry":{"type":"Point","coordinates":[-75.167188,40.039292]}},{"type":"Feature","properties":{"ProjectedLong":-8367182.584,"ProjectedLat":4872112.19,"PSA_NUM2025":142,"DIST_NUM2025":14,"TRACTCEN":24700,"BLKGRPCEN":2,"CenPOP2020":1591,"UniqueID":2470000020},"geometry":{"type":"Point","coordinates":[-75.16368,40.042445]}},{"type":"Feature","properties":{"ProjectedLong":-8366926.104,"ProjectedLat":4872587.393,"PSA_NUM2025":141,"DIST_NUM2025":14,"TRACTCEN":24700,"BLKGRPCEN":3,"CenPOP2020":1308,"UniqueID":2470000030},"geometry":{"type":"Point","coordinates":[-75.161376,40.045713]}},{"type":"Feature","properties":{"ProjectedLong":-8367252.047,"ProjectedLat":4872958.499,"PSA_NUM2025":141,"DIST_NUM2025":14,"TRACTCEN":24800,"BLKGRPCEN":1,"CenPOP2020":740,"UniqueID":2480000010},"geometry":{"type":"Point","coordinates":[-75.164304,40.048265]}},{"type":"Feature","properties":{"ProjectedLong":-8367567.193,"ProjectedLat":4872676.242,"PSA_NUM2025":142,"DIST_NUM2025":14,"TRACTCEN":24800,"BLKGRPCEN":2,"CenPOP2020":1172,"UniqueID":2480000020},"geometry":{"type":"Point","coordinates":[-75.167135,40.046324]}},{"type":"Feature","properties":{"ProjectedLong":-8366703.131,"ProjectedLat":4873769.685,"PSA_NUM2025":141,"DIST_NUM2025":14,"TRACTCEN":24900,"BLKGRPCEN":1,"CenPOP2020":1232,"UniqueID":2490000010},"geometry":{"type":"Point","coordinates":[-75.159373,40.053843]}},{"type":"Feature","properties":{"ProjectedLong":-8366625.207,"ProjectedLat":4873304.023,"PSA_NUM2025":141,"DIST_NUM2025":14,"TRACTCEN":24900,"BLKGRPCEN":2,"CenPOP2020":643,"UniqueID":2490000020},"geometry":{"type":"Point","coordinates":[-75.158673,40.050641]}},{"type":"Feature","properties":{"ProjectedLong":-8366729.959,"ProjectedLat":4872958.062,"PSA_NUM2025":141,"DIST_NUM2025":14,"TRACTCEN":24900,"BLKGRPCEN":3,"CenPOP2020":729,"UniqueID":2490000030},"geometry":{"type":"Point","coordinates":[-75.159614,40.048262]}},{"type":"Feature","properties":{"ProjectedLong":-8366954.156,"ProjectedLat":4873322.783,"PSA_NUM2025":141,"DIST_NUM2025":14,"TRACTCEN":24900,"BLKGRPCEN":4,"CenPOP2020":808,"UniqueID":2490000040},"geometry":{"type":"Point","coordinates":[-75.161628,40.05077]}},{"type":"Feature","properties":{"ProjectedLong":-8368325.056,"ProjectedLat":4872409.262,"PSA_NUM2025":142,"DIST_NUM2025":14,"TRACTCEN":25200,"BLKGRPCEN":1,"CenPOP2020":931,"UniqueID":2520000010},"geometry":{"type":"Point","coordinates":[-75.173943,40.044488]}},{"type":"Feature","properties":{"ProjectedLong":-8368834.676,"ProjectedLat":4872070.894,"PSA_NUM2025":142,"DIST_NUM2025":14,"TRACTCEN":25200,"BLKGRPCEN":2,"CenPOP2020":820,"UniqueID":2520000020},"geometry":{"type":"Point","coordinates":[-75.178521,40.042161]}},{"type":"Feature","properties":{"ProjectedLong":-8368788.479,"ProjectedLat":4872487.349,"PSA_NUM2025":142,"DIST_NUM2025":14,"TRACTCEN":25200,"BLKGRPCEN":3,"CenPOP2020":969,"UniqueID":2520000030},"geometry":{"type":"Point","coordinates":[-75.178106,40.045025]}},{"type":"Feature","properties":{"ProjectedLong":-8368619.162,"ProjectedLat":4872721.03,"PSA_NUM2025":142,"DIST_NUM2025":14,"TRACTCEN":25200,"BLKGRPCEN":4,"CenPOP2020":1112,"UniqueID":2520000040},"geometry":{"type":"Point","coordinates":[-75.176585,40.046632]}},{"type":"Feature","properties":{"ProjectedLong":-8368253.7,"ProjectedLat":4872916.618,"PSA_NUM2025":142,"DIST_NUM2025":14,"TRACTCEN":25200,"BLKGRPCEN":5,"CenPOP2020":922,"UniqueID":2520000050},"geometry":{"type":"Point","coordinates":[-75.173302,40.047977]}},{"type":"Feature","properties":{"ProjectedLong":-8369043.178,"ProjectedLat":4873121.37,"PSA_NUM2025":142,"DIST_NUM2025":14,"TRACTCEN":25200,"BLKGRPCEN":6,"CenPOP2020":1317,"UniqueID":2520000060},"geometry":{"type":"Point","coordinates":[-75.180394,40.049385]}},{"type":"Feature","properties":{"ProjectedLong":-8368586.879,"ProjectedLat":4873191.755,"PSA_NUM2025":142,"DIST_NUM2025":14,"TRACTCEN":25200,"BLKGRPCEN":7,"CenPOP2020":1196,"UniqueID":2520000070},"geometry":{"type":"Point","coordinates":[-75.176295,40.049869]}},{"type":"Feature","properties":{"ProjectedLong":-8368881.764,"ProjectedLat":4873807.352,"PSA_NUM2025":142,"DIST_NUM2025":14,"TRACTCEN":25300,"BLKGRPCEN":1,"CenPOP2020":968,"UniqueID":2530000010},"geometry":{"type":"Point","coordinates":[-75.178944,40.054102]}},{"type":"Feature","properties":{"ProjectedLong":-8369272.162,"ProjectedLat":4873389.824,"PSA_NUM2025":142,"DIST_NUM2025":14,"TRACTCEN":25300,"BLKGRPCEN":2,"CenPOP2020":787,"UniqueID":2530000020},"geometry":{"type":"Point","coordinates":[-75.182451,40.051231]}},{"type":"Feature","properties":{"ProjectedLong":-8369515.284,"ProjectedLat":4873718.93,"PSA_NUM2025":142,"DIST_NUM2025":14,"TRACTCEN":25300,"BLKGRPCEN":3,"CenPOP2020":732,"UniqueID":2530000030},"geometry":{"type":"Point","coordinates":[-75.184635,40.053494]}},{"type":"Feature","properties":{"ProjectedLong":-8369426.562,"ProjectedLat":4874208.172,"PSA_NUM2025":142,"DIST_NUM2025":14,"TRACTCEN":25300,"BLKGRPCEN":4,"CenPOP2020":747,"UniqueID":2530000040},"geometry":{"type":"Point","coordinates":[-75.183838,40.056858]}},{"type":"Feature","properties":{"ProjectedLong":-8369181.103,"ProjectedLat":4874012.123,"PSA_NUM2025":142,"DIST_NUM2025":14,"TRACTCEN":25300,"BLKGRPCEN":5,"CenPOP2020":625,"UniqueID":2530000050},"geometry":{"type":"Point","coordinates":[-75.181633,40.05551]}},{"type":"Feature","properties":{"ProjectedLong":-8368058.891,"ProjectedLat":4874677.513,"PSA_NUM2025":141,"DIST_NUM2025":14,"TRACTCEN":25400,"BLKGRPCEN":1,"CenPOP2020":744,"UniqueID":2540000010},"geometry":{"type":"Point","coordinates":[-75.171552,40.060085]}},{"type":"Feature","properties":{"ProjectedLong":-8368679.497,"ProjectedLat":4874325.833,"PSA_NUM2025":141,"DIST_NUM2025":14,"TRACTCEN":25400,"BLKGRPCEN":2,"CenPOP2020":1195,"UniqueID":2540000020},"geometry":{"type":"Point","coordinates":[-75.177127,40.057667]}},{"type":"Feature","properties":{"ProjectedLong":-8369087.372,"ProjectedLat":4874589.083,"PSA_NUM2025":141,"DIST_NUM2025":14,"TRACTCEN":25400,"BLKGRPCEN":3,"CenPOP2020":876,"UniqueID":2540000030},"geometry":{"type":"Point","coordinates":[-75.180791,40.059477]}},{"type":"Feature","properties":{"ProjectedLong":-8368492.48,"ProjectedLat":4875046.224,"PSA_NUM2025":141,"DIST_NUM2025":14,"TRACTCEN":25400,"BLKGRPCEN":4,"CenPOP2020":1337,"UniqueID":2540000040},"geometry":{"type":"Point","coordinates":[-75.175447,40.06262]}},{"type":"Feature","properties":{"ProjectedLong":-8369605.898,"ProjectedLat":4875154.877,"PSA_NUM2025":144,"DIST_NUM2025":14,"TRACTCEN":25500,"BLKGRPCEN":1,"CenPOP2020":690,"UniqueID":2550000010},"geometry":{"type":"Point","coordinates":[-75.185449,40.063367]}},{"type":"Feature","properties":{"ProjectedLong":-8369232.866,"ProjectedLat":4875176.404,"PSA_NUM2025":144,"DIST_NUM2025":14,"TRACTCEN":25500,"BLKGRPCEN":2,"CenPOP2020":1202,"UniqueID":2550000020},"geometry":{"type":"Point","coordinates":[-75.182098,40.063515]}},{"type":"Feature","properties":{"ProjectedLong":-8369876.404,"ProjectedLat":4874615.699,"PSA_NUM2025":144,"DIST_NUM2025":14,"TRACTCEN":25500,"BLKGRPCEN":3,"CenPOP2020":775,"UniqueID":2550000030},"geometry":{"type":"Point","coordinates":[-75.187879,40.05966]}},{"type":"Feature","properties":{"ProjectedLong":-8369642.967,"ProjectedLat":4875913.294,"PSA_NUM2025":144,"DIST_NUM2025":14,"TRACTCEN":25600,"BLKGRPCEN":1,"CenPOP2020":1029,"UniqueID":2560000010},"geometry":{"type":"Point","coordinates":[-75.185782,40.068581]}},{"type":"Feature","properties":{"ProjectedLong":-8370009.431,"ProjectedLat":4875208.549,"PSA_NUM2025":144,"DIST_NUM2025":14,"TRACTCEN":25600,"BLKGRPCEN":2,"CenPOP2020":722,"UniqueID":2560000020},"geometry":{"type":"Point","coordinates":[-75.189074,40.063736]}},{"type":"Feature","properties":{"ProjectedLong":-8370405.617,"ProjectedLat":4875542.806,"PSA_NUM2025":144,"DIST_NUM2025":14,"TRACTCEN":25600,"BLKGRPCEN":3,"CenPOP2020":858,"UniqueID":2560000030},"geometry":{"type":"Point","coordinates":[-75.192633,40.066034]}},{"type":"Feature","properties":{"ProjectedLong":-8370957.094,"ProjectedLat":4876417.338,"PSA_NUM2025":144,"DIST_NUM2025":14,"TRACTCEN":25700,"BLKGRPCEN":1,"CenPOP2020":842,"UniqueID":2570000010},"geometry":{"type":"Point","coordinates":[-75.197587,40.072046]}},{"type":"Feature","properties":{"ProjectedLong":-8371243.519,"ProjectedLat":4876391.88,"PSA_NUM2025":144,"DIST_NUM2025":14,"TRACTCEN":25700,"BLKGRPCEN":2,"CenPOP2020":715,"UniqueID":2570000020},"geometry":{"type":"Point","coordinates":[-75.20016,40.071871]}},{"type":"Feature","properties":{"ProjectedLong":-8370311.107,"ProjectedLat":4876396.39,"PSA_NUM2025":144,"DIST_NUM2025":14,"TRACTCEN":25700,"BLKGRPCEN":3,"CenPOP2020":744,"UniqueID":2570000030},"geometry":{"type":"Point","coordinates":[-75.191784,40.071902]}},{"type":"Feature","properties":{"ProjectedLong":-8370618.126,"ProjectedLat":4876772.875,"PSA_NUM2025":144,"DIST_NUM2025":14,"TRACTCEN":25700,"BLKGRPCEN":4,"CenPOP2020":1155,"UniqueID":2570000040},"geometry":{"type":"Point","coordinates":[-75.194542,40.07449]}},{"type":"Feature","properties":{"ProjectedLong":-8369299.435,"ProjectedLat":4876647.766,"PSA_NUM2025":144,"DIST_NUM2025":14,"TRACTCEN":25800,"BLKGRPCEN":1,"CenPOP2020":1663,"UniqueID":2580000010},"geometry":{"type":"Point","coordinates":[-75.182696,40.07363]}},{"type":"Feature","properties":{"ProjectedLong":-8368219.413,"ProjectedLat":4877601.978,"PSA_NUM2025":144,"DIST_NUM2025":14,"TRACTCEN":25900,"BLKGRPCEN":1,"CenPOP2020":737,"UniqueID":2590000010},"geometry":{"type":"Point","coordinates":[-75.172994,40.080189]}},{"type":"Feature","properties":{"ProjectedLong":-8368423.239,"ProjectedLat":4877307.514,"PSA_NUM2025":144,"DIST_NUM2025":14,"TRACTCEN":25900,"BLKGRPCEN":2,"CenPOP2020":751,"UniqueID":2590000020},"geometry":{"type":"Point","coordinates":[-75.174825,40.078165]}},{"type":"Feature","properties":{"ProjectedLong":-8368700.648,"ProjectedLat":4877185.599,"PSA_NUM2025":144,"DIST_NUM2025":14,"TRACTCEN":25900,"BLKGRPCEN":3,"CenPOP2020":795,"UniqueID":2590000030},"geometry":{"type":"Point","coordinates":[-75.177317,40.077327]}},{"type":"Feature","properties":{"ProjectedLong":-8368902.581,"ProjectedLat":4877515.849,"PSA_NUM2025":144,"DIST_NUM2025":14,"TRACTCEN":25900,"BLKGRPCEN":4,"CenPOP2020":884,"UniqueID":2590000040},"geometry":{"type":"Point","coordinates":[-75.179131,40.079597]}},{"type":"Feature","properties":{"ProjectedLong":-8368614.041,"ProjectedLat":4877861.533,"PSA_NUM2025":144,"DIST_NUM2025":14,"TRACTCEN":25900,"BLKGRPCEN":5,"CenPOP2020":1507,"UniqueID":2590000050},"geometry":{"type":"Point","coordinates":[-75.176539,40.081973]}},{"type":"Feature","properties":{"ProjectedLong":-8367800.63,"ProjectedLat":4877134.535,"PSA_NUM2025":144,"DIST_NUM2025":14,"TRACTCEN":26000,"BLKGRPCEN":1,"CenPOP2020":807,"UniqueID":2600000010},"geometry":{"type":"Point","coordinates":[-75.169232,40.076976]}},{"type":"Feature","properties":{"ProjectedLong":-8367807.754,"ProjectedLat":4876718.322,"PSA_NUM2025":144,"DIST_NUM2025":14,"TRACTCEN":26000,"BLKGRPCEN":2,"CenPOP2020":844,"UniqueID":2600000020},"geometry":{"type":"Point","coordinates":[-75.169296,40.074115]}},{"type":"Feature","properties":{"ProjectedLong":-8368180.118,"ProjectedLat":4876945.702,"PSA_NUM2025":144,"DIST_NUM2025":14,"TRACTCEN":26000,"BLKGRPCEN":3,"CenPOP2020":1199,"UniqueID":2600000030},"geometry":{"type":"Point","coordinates":[-75.172641,40.075678]}},{"type":"Feature","properties":{"ProjectedLong":-8368306.911,"ProjectedLat":4876202.625,"PSA_NUM2025":144,"DIST_NUM2025":14,"TRACTCEN":26100,"BLKGRPCEN":1,"CenPOP2020":1086,"UniqueID":2610000010},"geometry":{"type":"Point","coordinates":[-75.17378,40.07057]}},{"type":"Feature","properties":{"ProjectedLong":-8368672.818,"ProjectedLat":4875745.867,"PSA_NUM2025":144,"DIST_NUM2025":14,"TRACTCEN":26100,"BLKGRPCEN":2,"CenPOP2020":678,"UniqueID":2610000020},"geometry":{"type":"Point","coordinates":[-75.177067,40.06743]}},{"type":"Feature","properties":{"ProjectedLong":-8368688.959,"ProjectedLat":4876548.99,"PSA_NUM2025":144,"DIST_NUM2025":14,"TRACTCEN":26100,"BLKGRPCEN":3,"CenPOP2020":1296,"UniqueID":2610000030},"geometry":{"type":"Point","coordinates":[-75.177212,40.072951]}},{"type":"Feature","properties":{"ProjectedLong":-8367284.886,"ProjectedLat":4875803.324,"PSA_NUM2025":141,"DIST_NUM2025":14,"TRACTCEN":26200,"BLKGRPCEN":1,"CenPOP2020":668,"UniqueID":2620000010},"geometry":{"type":"Point","coordinates":[-75.164599,40.067825]}},{"type":"Feature","properties":{"ProjectedLong":-8367662.037,"ProjectedLat":4876066.759,"PSA_NUM2025":141,"DIST_NUM2025":14,"TRACTCEN":26200,"BLKGRPCEN":2,"CenPOP2020":891,"UniqueID":2620000020},"geometry":{"type":"Point","coordinates":[-75.167987,40.069636]}},{"type":"Feature","properties":{"ProjectedLong":-8367799.516,"ProjectedLat":4875759.249,"PSA_NUM2025":141,"DIST_NUM2025":14,"TRACTCEN":26200,"BLKGRPCEN":3,"CenPOP2020":1179,"UniqueID":2620000030},"geometry":{"type":"Point","coordinates":[-75.169222,40.067522]}},{"type":"Feature","properties":{"ProjectedLong":-8368021.933,"ProjectedLat":4875370.585,"PSA_NUM2025":141,"DIST_NUM2025":14,"TRACTCEN":26200,"BLKGRPCEN":4,"CenPOP2020":1338,"UniqueID":2620000040},"geometry":{"type":"Point","coordinates":[-75.17122,40.06485]}},{"type":"Feature","properties":{"ProjectedLong":-8367325.741,"ProjectedLat":4876449.923,"PSA_NUM2025":141,"DIST_NUM2025":14,"TRACTCEN":26301,"BLKGRPCEN":1,"CenPOP2020":1222,"UniqueID":2630100010},"geometry":{"type":"Point","coordinates":[-75.164966,40.07227]}},{"type":"Feature","properties":{"ProjectedLong":-8367193.938,"ProjectedLat":4876828.011,"PSA_NUM2025":141,"DIST_NUM2025":14,"TRACTCEN":26301,"BLKGRPCEN":2,"CenPOP2020":842,"UniqueID":2630100020},"geometry":{"type":"Point","coordinates":[-75.163782,40.074869]}},{"type":"Feature","properties":{"ProjectedLong":-8366919.981,"ProjectedLat":4876631.182,"PSA_NUM2025":141,"DIST_NUM2025":14,"TRACTCEN":26301,"BLKGRPCEN":3,"CenPOP2020":941,"UniqueID":2630100030},"geometry":{"type":"Point","coordinates":[-75.161321,40.073516]}},{"type":"Feature","properties":{"ProjectedLong":-8367258.726,"ProjectedLat":4876177.896,"PSA_NUM2025":141,"DIST_NUM2025":14,"TRACTCEN":26301,"BLKGRPCEN":4,"CenPOP2020":721,"UniqueID":2630100040},"geometry":{"type":"Point","coordinates":[-75.164364,40.0704]}},{"type":"Feature","properties":{"ProjectedLong":-8366107.571,"ProjectedLat":4876012.646,"PSA_NUM2025":141,"DIST_NUM2025":14,"TRACTCEN":26302,"BLKGRPCEN":1,"CenPOP2020":1365,"UniqueID":2630200010},"geometry":{"type":"Point","coordinates":[-75.154023,40.069264]}},{"type":"Feature","properties":{"ProjectedLong":-8366256.962,"ProjectedLat":4875479.531,"PSA_NUM2025":141,"DIST_NUM2025":14,"TRACTCEN":26302,"BLKGRPCEN":2,"CenPOP2020":1356,"UniqueID":2630200020},"geometry":{"type":"Point","coordinates":[-75.155365,40.065599]}},{"type":"Feature","properties":{"ProjectedLong":-8366851.408,"ProjectedLat":4875881.583,"PSA_NUM2025":141,"DIST_NUM2025":14,"TRACTCEN":26302,"BLKGRPCEN":3,"CenPOP2020":759,"UniqueID":2630200030},"geometry":{"type":"Point","coordinates":[-75.160705,40.068363]}},{"type":"Feature","properties":{"ProjectedLong":-8366559.974,"ProjectedLat":4876270.122,"PSA_NUM2025":141,"DIST_NUM2025":14,"TRACTCEN":26302,"BLKGRPCEN":4,"CenPOP2020":1873,"UniqueID":2630200040},"geometry":{"type":"Point","coordinates":[-75.158087,40.071034]}},{"type":"Feature","properties":{"ProjectedLong":-8366686.989,"ProjectedLat":4875079.387,"PSA_NUM2025":141,"DIST_NUM2025":14,"TRACTCEN":26400,"BLKGRPCEN":1,"CenPOP2020":2236,"UniqueID":2640000010},"geometry":{"type":"Point","coordinates":[-75.159228,40.062848]}},{"type":"Feature","properties":{"ProjectedLong":-8366911.855,"ProjectedLat":4874563.34,"PSA_NUM2025":141,"DIST_NUM2025":14,"TRACTCEN":26400,"BLKGRPCEN":2,"CenPOP2020":1270,"UniqueID":2640000020},"geometry":{"type":"Point","coordinates":[-75.161248,40.0593]}},{"type":"Feature","properties":{"ProjectedLong":-8367166.331,"ProjectedLat":4875257.276,"PSA_NUM2025":141,"DIST_NUM2025":14,"TRACTCEN":26400,"BLKGRPCEN":3,"CenPOP2020":1693,"UniqueID":2640000030},"geometry":{"type":"Point","coordinates":[-75.163534,40.064071]}},{"type":"Feature","properties":{"ProjectedLong":-8366100.224,"ProjectedLat":4875000.553,"PSA_NUM2025":141,"DIST_NUM2025":14,"TRACTCEN":26500,"BLKGRPCEN":1,"CenPOP2020":618,"UniqueID":2650000010},"geometry":{"type":"Point","coordinates":[-75.153957,40.062306]}},{"type":"Feature","properties":{"ProjectedLong":-8366204.976,"ProjectedLat":4874698.167,"PSA_NUM2025":141,"DIST_NUM2025":14,"TRACTCEN":26500,"BLKGRPCEN":2,"CenPOP2020":919,"UniqueID":2650000020},"geometry":{"type":"Point","coordinates":[-75.154898,40.060227]}},{"type":"Feature","properties":{"ProjectedLong":-8365851.425,"ProjectedLat":4874632.862,"PSA_NUM2025":141,"DIST_NUM2025":14,"TRACTCEN":26500,"BLKGRPCEN":3,"CenPOP2020":628,"UniqueID":2650000030},"geometry":{"type":"Point","coordinates":[-75.151722,40.059778]}},{"type":"Feature","properties":{"ProjectedLong":-8366585.021,"ProjectedLat":4874264.166,"PSA_NUM2025":141,"DIST_NUM2025":14,"TRACTCEN":26500,"BLKGRPCEN":4,"CenPOP2020":920,"UniqueID":2650000040},"geometry":{"type":"Point","coordinates":[-75.158312,40.057243]}},{"type":"Feature","properties":{"ProjectedLong":-8366077.626,"ProjectedLat":4874167.886,"PSA_NUM2025":141,"DIST_NUM2025":14,"TRACTCEN":26500,"BLKGRPCEN":5,"CenPOP2020":1200,"UniqueID":2650000050},"geometry":{"type":"Point","coordinates":[-75.153754,40.056581]}},{"type":"Feature","properties":{"ProjectedLong":-8365709.382,"ProjectedLat":4875609.716,"PSA_NUM2025":141,"DIST_NUM2025":14,"TRACTCEN":26600,"BLKGRPCEN":1,"CenPOP2020":2631,"UniqueID":2660000010},"geometry":{"type":"Point","coordinates":[-75.150446,40.066494]}},{"type":"Feature","properties":{"ProjectedLong":-8365644.26,"ProjectedLat":4874997.207,"PSA_NUM2025":141,"DIST_NUM2025":14,"TRACTCEN":26600,"BLKGRPCEN":2,"CenPOP2020":1454,"UniqueID":2660000020},"geometry":{"type":"Point","coordinates":[-75.149861,40.062283]}},{"type":"Feature","properties":{"ProjectedLong":-8365248.296,"ProjectedLat":4875374.076,"PSA_NUM2025":141,"DIST_NUM2025":14,"TRACTCEN":26600,"BLKGRPCEN":3,"CenPOP2020":2324,"UniqueID":2660000030},"geometry":{"type":"Point","coordinates":[-75.146304,40.064874]}},{"type":"Feature","properties":{"ProjectedLong":-8372407.03,"ProjectedLat":4876720.067,"PSA_NUM2025":144,"DIST_NUM2025":14,"TRACTCEN":38500,"BLKGRPCEN":1,"CenPOP2020":1855,"UniqueID":3850000010},"geometry":{"type":"Point","coordinates":[-75.210612,40.074127]}},{"type":"Feature","properties":{"ProjectedLong":-8372153.667,"ProjectedLat":4873995.689,"PSA_NUM2025":144,"DIST_NUM2025":14,"TRACTCEN":38600,"BLKGRPCEN":1,"CenPOP2020":1338,"UniqueID":3860000010},"geometry":{"type":"Point","coordinates":[-75.208336,40.055397]}},{"type":"Feature","properties":{"ProjectedLong":-8371901.862,"ProjectedLat":4877414.882,"PSA_NUM2025":144,"DIST_NUM2025":14,"TRACTCEN":38700,"BLKGRPCEN":1,"CenPOP2020":1594,"UniqueID":3870000010},"geometry":{"type":"Point","coordinates":[-75.206074,40.078903]}},{"type":"Feature","properties":{"ProjectedLong":-8374098.975,"ProjectedLat":4878547.697,"PSA_NUM2025":144,"DIST_NUM2025":14,"TRACTCEN":38700,"BLKGRPCEN":2,"CenPOP2020":655,"UniqueID":3870000020},"geometry":{"type":"Point","coordinates":[-75.225811,40.086689]}},{"type":"Feature","properties":{"ProjectedLong":-8370791.784,"ProjectedLat":4874670.096,"PSA_NUM2025":144,"DIST_NUM2025":14,"TRACTCEN":38800,"BLKGRPCEN":1,"CenPOP2020":734,"UniqueID":3880000010},"geometry":{"type":"Point","coordinates":[-75.196102,40.060034]}},{"type":"Feature","properties":{"ProjectedLong":-8370580.166,"ProjectedLat":4874277.111,"PSA_NUM2025":143,"DIST_NUM2025":14,"TRACTCEN":38800,"BLKGRPCEN":2,"CenPOP2020":1161,"UniqueID":3880000020},"geometry":{"type":"Point","coordinates":[-75.194201,40.057332]}},{"type":"Feature","properties":{"ProjectedLong":-8370329.697,"ProjectedLat":4874151.452,"PSA_NUM2025":143,"DIST_NUM2025":14,"TRACTCEN":38800,"BLKGRPCEN":3,"CenPOP2020":798,"UniqueID":3880000030},"geometry":{"type":"Point","coordinates":[-75.191951,40.056468]}},{"type":"Feature","properties":{"ProjectedLong":-8370852.008,"ProjectedLat":4873532.052,"PSA_NUM2025":143,"DIST_NUM2025":14,"TRACTCEN":38800,"BLKGRPCEN":4,"CenPOP2020":1190,"UniqueID":3880000040},"geometry":{"type":"Point","coordinates":[-75.196643,40.052209]}},{"type":"Feature","properties":{"ProjectedLong":-8367549.493,"ProjectedLat":4873661.775,"PSA_NUM2025":141,"DIST_NUM2025":14,"TRACTCEN":38900,"BLKGRPCEN":1,"CenPOP2020":926,"UniqueID":3890000010},"geometry":{"type":"Point","coordinates":[-75.166976,40.053101]}},{"type":"Feature","properties":{"ProjectedLong":-8367772.243,"ProjectedLat":4874424.151,"PSA_NUM2025":141,"DIST_NUM2025":14,"TRACTCEN":38900,"BLKGRPCEN":2,"CenPOP2020":1078,"UniqueID":3890000020},"geometry":{"type":"Point","coordinates":[-75.168977,40.058343]}},{"type":"Feature","properties":{"ProjectedLong":-8368418.898,"ProjectedLat":4873836.73,"PSA_NUM2025":141,"DIST_NUM2025":14,"TRACTCEN":38900,"BLKGRPCEN":3,"CenPOP2020":984,"UniqueID":3890000030},"geometry":{"type":"Point","coordinates":[-75.174786,40.054304]}},{"type":"Feature","properties":{"ProjectedLong":-8372173.259,"ProjectedLat":4872338.592,"PSA_NUM2025":143,"DIST_NUM2025":14,"TRACTCEN":980100,"BLKGRPCEN":1,"CenPOP2020":52,"UniqueID":98010000010},"geometry":{"type":"Point","coordinates":[-75.208512,40.044002]}},{"type":"Feature","properties":{"ProjectedLong":-8357110.841,"ProjectedLat":4865331.385,"PSA_NUM2025":151,"DIST_NUM2025":15,"TRACTCEN":18300,"BLKGRPCEN":1,"CenPOP2020":669,"UniqueID":1830000010},"geometry":{"type":"Point","coordinates":[-75.073204,39.995796]}},{"type":"Feature","properties":{"ProjectedLong":-8356964.345,"ProjectedLat":4865710.356,"PSA_NUM2025":151,"DIST_NUM2025":15,"TRACTCEN":18300,"BLKGRPCEN":2,"CenPOP2020":1328,"UniqueID":1830000020},"geometry":{"type":"Point","coordinates":[-75.071888,39.998404]}},{"type":"Feature","properties":{"ProjectedLong":-8357320.456,"ProjectedLat":4865937.048,"PSA_NUM2025":151,"DIST_NUM2025":15,"TRACTCEN":18300,"BLKGRPCEN":3,"CenPOP2020":1532,"UniqueID":1830000030},"geometry":{"type":"Point","coordinates":[-75.075087,39.999964]}},{"type":"Feature","properties":{"ProjectedLong":-8357568.031,"ProjectedLat":4865431.648,"PSA_NUM2025":151,"DIST_NUM2025":15,"TRACTCEN":18300,"BLKGRPCEN":4,"CenPOP2020":797,"UniqueID":1830000040},"geometry":{"type":"Point","coordinates":[-75.077311,39.996486]}},{"type":"Feature","properties":{"ProjectedLong":-8356848.573,"ProjectedLat":4866389.286,"PSA_NUM2025":151,"DIST_NUM2025":15,"TRACTCEN":18400,"BLKGRPCEN":1,"CenPOP2020":663,"UniqueID":1840000010},"geometry":{"type":"Point","coordinates":[-75.070848,40.003076]}},{"type":"Feature","properties":{"ProjectedLong":-8356393.387,"ProjectedLat":4866174.354,"PSA_NUM2025":151,"DIST_NUM2025":15,"TRACTCEN":18400,"BLKGRPCEN":2,"CenPOP2020":1615,"UniqueID":1840000020},"geometry":{"type":"Point","coordinates":[-75.066759,40.001597]}},{"type":"Feature","properties":{"ProjectedLong":-8361035.076,"ProjectedLat":4869814.433,"PSA_NUM2025":151,"DIST_NUM2025":15,"TRACTCEN":29200,"BLKGRPCEN":1,"CenPOP2020":2140,"UniqueID":2920000010},"geometry":{"type":"Point","coordinates":[-75.108456,40.026641]}},{"type":"Feature","properties":{"ProjectedLong":-8360246.489,"ProjectedLat":4869521.944,"PSA_NUM2025":151,"DIST_NUM2025":15,"TRACTCEN":29200,"BLKGRPCEN":2,"CenPOP2020":1301,"UniqueID":2920000020},"geometry":{"type":"Point","coordinates":[-75.101372,40.024629]}},{"type":"Feature","properties":{"ProjectedLong":-8358976.779,"ProjectedLat":4869957.482,"PSA_NUM2025":151,"DIST_NUM2025":15,"TRACTCEN":29200,"BLKGRPCEN":3,"CenPOP2020":764,"UniqueID":2920000030},"geometry":{"type":"Point","coordinates":[-75.089966,40.027625]}},{"type":"Feature","properties":{"ProjectedLong":-8358947.613,"ProjectedLat":4868177.22,"PSA_NUM2025":151,"DIST_NUM2025":15,"TRACTCEN":29300,"BLKGRPCEN":1,"CenPOP2020":1150,"UniqueID":2930000010},"geometry":{"type":"Point","coordinates":[-75.089704,40.015378]}},{"type":"Feature","properties":{"ProjectedLong":-8359120.604,"ProjectedLat":4867607.174,"PSA_NUM2025":151,"DIST_NUM2025":15,"TRACTCEN":29300,"BLKGRPCEN":2,"CenPOP2020":1876,"UniqueID":2930000020},"geometry":{"type":"Point","coordinates":[-75.091258,40.011456]}},{"type":"Feature","properties":{"ProjectedLong":-8358198.433,"ProjectedLat":4867709.931,"PSA_NUM2025":151,"DIST_NUM2025":15,"TRACTCEN":29400,"BLKGRPCEN":1,"CenPOP2020":711,"UniqueID":2940000010},"geometry":{"type":"Point","coordinates":[-75.082974,40.012163]}},{"type":"Feature","properties":{"ProjectedLong":-8358663.526,"ProjectedLat":4867168.833,"PSA_NUM2025":151,"DIST_NUM2025":15,"TRACTCEN":29400,"BLKGRPCEN":2,"CenPOP2020":1421,"UniqueID":2940000020},"geometry":{"type":"Point","coordinates":[-75.087152,40.00844]}},{"type":"Feature","properties":{"ProjectedLong":-8358308.083,"ProjectedLat":4867490.756,"PSA_NUM2025":151,"DIST_NUM2025":15,"TRACTCEN":29400,"BLKGRPCEN":3,"CenPOP2020":1176,"UniqueID":2940000030},"geometry":{"type":"Point","coordinates":[-75.083959,40.010655]}},{"type":"Feature","properties":{"ProjectedLong":-8356664.45,"ProjectedLat":4868856.028,"PSA_NUM2025":152,"DIST_NUM2025":15,"TRACTCEN":29800,"BLKGRPCEN":1,"CenPOP2020":1086,"UniqueID":2980000010},"geometry":{"type":"Point","coordinates":[-75.069194,40.020048]}},{"type":"Feature","properties":{"ProjectedLong":-8356154.941,"ProjectedLat":4868198.005,"PSA_NUM2025":152,"DIST_NUM2025":15,"TRACTCEN":29800,"BLKGRPCEN":2,"CenPOP2020":1117,"UniqueID":2980000020},"geometry":{"type":"Point","coordinates":[-75.064617,40.015521]}},{"type":"Feature","properties":{"ProjectedLong":-8356597.881,"ProjectedLat":4868301.495,"PSA_NUM2025":152,"DIST_NUM2025":15,"TRACTCEN":29800,"BLKGRPCEN":3,"CenPOP2020":799,"UniqueID":2980000030},"geometry":{"type":"Point","coordinates":[-75.068596,40.016233]}},{"type":"Feature","properties":{"ProjectedLong":-8356376.689,"ProjectedLat":4867962.25,"PSA_NUM2025":152,"DIST_NUM2025":15,"TRACTCEN":29800,"BLKGRPCEN":4,"CenPOP2020":1067,"UniqueID":2980000040},"geometry":{"type":"Point","coordinates":[-75.066609,40.013899]}},{"type":"Feature","properties":{"ProjectedLong":-8356792.134,"ProjectedLat":4868149.604,"PSA_NUM2025":152,"DIST_NUM2025":15,"TRACTCEN":29800,"BLKGRPCEN":5,"CenPOP2020":778,"UniqueID":2980000050},"geometry":{"type":"Point","coordinates":[-75.070341,40.015188]}},{"type":"Feature","properties":{"ProjectedLong":-8357556.787,"ProjectedLat":4867869.664,"PSA_NUM2025":151,"DIST_NUM2025":15,"TRACTCEN":29900,"BLKGRPCEN":1,"CenPOP2020":1314,"UniqueID":2990000010},"geometry":{"type":"Point","coordinates":[-75.07721,40.013262]}},{"type":"Feature","properties":{"ProjectedLong":-8357369.437,"ProjectedLat":4867453.258,"PSA_NUM2025":151,"DIST_NUM2025":15,"TRACTCEN":29900,"BLKGRPCEN":2,"CenPOP2020":860,"UniqueID":2990000020},"geometry":{"type":"Point","coordinates":[-75.075527,40.010397]}},{"type":"Feature","properties":{"ProjectedLong":-8356966.349,"ProjectedLat":4867809.056,"PSA_NUM2025":151,"DIST_NUM2025":15,"TRACTCEN":29900,"BLKGRPCEN":3,"CenPOP2020":795,"UniqueID":2990000030},"geometry":{"type":"Point","coordinates":[-75.071906,40.012845]}},{"type":"Feature","properties":{"ProjectedLong":-8357096.481,"ProjectedLat":4868304.984,"PSA_NUM2025":151,"DIST_NUM2025":15,"TRACTCEN":29900,"BLKGRPCEN":4,"CenPOP2020":1648,"UniqueID":2990000040},"geometry":{"type":"Point","coordinates":[-75.073075,40.016257]}},{"type":"Feature","properties":{"ProjectedLong":-8357190.101,"ProjectedLat":4869096.166,"PSA_NUM2025":152,"DIST_NUM2025":15,"TRACTCEN":30000,"BLKGRPCEN":1,"CenPOP2020":2169,"UniqueID":3000000010},"geometry":{"type":"Point","coordinates":[-75.073916,40.0217]}},{"type":"Feature","properties":{"ProjectedLong":-8357778.87,"ProjectedLat":4868533.189,"PSA_NUM2025":151,"DIST_NUM2025":15,"TRACTCEN":30000,"BLKGRPCEN":2,"CenPOP2020":1943,"UniqueID":3000000020},"geometry":{"type":"Point","coordinates":[-75.079205,40.017827]}},{"type":"Feature","properties":{"ProjectedLong":-8357581.5,"ProjectedLat":4868845.271,"PSA_NUM2025":151,"DIST_NUM2025":15,"TRACTCEN":30000,"BLKGRPCEN":3,"CenPOP2020":1416,"UniqueID":3000000030},"geometry":{"type":"Point","coordinates":[-75.077432,40.019974]}},{"type":"Feature","properties":{"ProjectedLong":-8358036.908,"ProjectedLat":4868119.807,"PSA_NUM2025":151,"DIST_NUM2025":15,"TRACTCEN":30000,"BLKGRPCEN":4,"CenPOP2020":1874,"UniqueID":3000000040},"geometry":{"type":"Point","coordinates":[-75.081523,40.014983]}},{"type":"Feature","properties":{"ProjectedLong":-8358321.441,"ProjectedLat":4868913.445,"PSA_NUM2025":151,"DIST_NUM2025":15,"TRACTCEN":30100,"BLKGRPCEN":1,"CenPOP2020":1063,"UniqueID":3010000010},"geometry":{"type":"Point","coordinates":[-75.084079,40.020443]}},{"type":"Feature","properties":{"ProjectedLong":-8358593.061,"ProjectedLat":4868569.382,"PSA_NUM2025":151,"DIST_NUM2025":15,"TRACTCEN":30100,"BLKGRPCEN":2,"CenPOP2020":2137,"UniqueID":3010000020},"geometry":{"type":"Point","coordinates":[-75.086519,40.018076]}},{"type":"Feature","properties":{"ProjectedLong":-8358949.617,"ProjectedLat":4868828.555,"PSA_NUM2025":151,"DIST_NUM2025":15,"TRACTCEN":30100,"BLKGRPCEN":3,"CenPOP2020":781,"UniqueID":3010000030},"geometry":{"type":"Point","coordinates":[-75.089722,40.019859]}},{"type":"Feature","properties":{"ProjectedLong":-8359210.438,"ProjectedLat":4868881.902,"PSA_NUM2025":151,"DIST_NUM2025":15,"TRACTCEN":30100,"BLKGRPCEN":4,"CenPOP2020":797,"UniqueID":3010000040},"geometry":{"type":"Point","coordinates":[-75.092065,40.020226]}},{"type":"Feature","properties":{"ProjectedLong":-8358832.286,"ProjectedLat":4869259.119,"PSA_NUM2025":151,"DIST_NUM2025":15,"TRACTCEN":30100,"BLKGRPCEN":5,"CenPOP2020":1437,"UniqueID":3010000050},"geometry":{"type":"Point","coordinates":[-75.088668,40.022821]}},{"type":"Feature","properties":{"ProjectedLong":-8358125.741,"ProjectedLat":4869340.815,"PSA_NUM2025":151,"DIST_NUM2025":15,"TRACTCEN":30200,"BLKGRPCEN":1,"CenPOP2020":1768,"UniqueID":3020000010},"geometry":{"type":"Point","coordinates":[-75.082321,40.023383]}},{"type":"Feature","properties":{"ProjectedLong":-8358195.205,"ProjectedLat":4870174.24,"PSA_NUM2025":152,"DIST_NUM2025":15,"TRACTCEN":30200,"BLKGRPCEN":2,"CenPOP2020":1910,"UniqueID":3020000020},"geometry":{"type":"Point","coordinates":[-75.082945,40.029116]}},{"type":"Feature","properties":{"ProjectedLong":-8358538.514,"ProjectedLat":4869769.367,"PSA_NUM2025":151,"DIST_NUM2025":15,"TRACTCEN":30200,"BLKGRPCEN":3,"CenPOP2020":1400,"UniqueID":3020000030},"geometry":{"type":"Point","coordinates":[-75.086029,40.026331]}},{"type":"Feature","properties":{"ProjectedLong":-8357906.219,"ProjectedLat":4869792.481,"PSA_NUM2025":152,"DIST_NUM2025":15,"TRACTCEN":30200,"BLKGRPCEN":4,"CenPOP2020":2353,"UniqueID":3020000040},"geometry":{"type":"Point","coordinates":[-75.080349,40.02649]}},{"type":"Feature","properties":{"ProjectedLong":-8354634.317,"ProjectedLat":4870942.454,"PSA_NUM2025":153,"DIST_NUM2025":15,"TRACTCEN":31501,"BLKGRPCEN":1,"CenPOP2020":1661,"UniqueID":3150100010},"geometry":{"type":"Point","coordinates":[-75.050957,40.0344]}},{"type":"Feature","properties":{"ProjectedLong":-8354130.596,"ProjectedLat":4871497.716,"PSA_NUM2025":153,"DIST_NUM2025":15,"TRACTCEN":31501,"BLKGRPCEN":2,"CenPOP2020":3703,"UniqueID":3150100020},"geometry":{"type":"Point","coordinates":[-75.046432,40.038219]}},{"type":"Feature","properties":{"ProjectedLong":-8354366.259,"ProjectedLat":4871223.207,"PSA_NUM2025":153,"DIST_NUM2025":15,"TRACTCEN":31501,"BLKGRPCEN":3,"CenPOP2020":2017,"UniqueID":3150100030},"geometry":{"type":"Point","coordinates":[-75.048549,40.036331]}},{"type":"Feature","properties":{"ProjectedLong":-8355221.75,"ProjectedLat":4871548.896,"PSA_NUM2025":153,"DIST_NUM2025":15,"TRACTCEN":31502,"BLKGRPCEN":1,"CenPOP2020":2261,"UniqueID":3150200010},"geometry":{"type":"Point","coordinates":[-75.056234,40.038571]}},{"type":"Feature","properties":{"ProjectedLong":-8354804.302,"ProjectedLat":4872017.384,"PSA_NUM2025":153,"DIST_NUM2025":15,"TRACTCEN":31502,"BLKGRPCEN":2,"CenPOP2020":989,"UniqueID":3150200020},"geometry":{"type":"Point","coordinates":[-75.052484,40.041793]}},{"type":"Feature","properties":{"ProjectedLong":-8355113.992,"ProjectedLat":4871182.933,"PSA_NUM2025":153,"DIST_NUM2025":15,"TRACTCEN":31502,"BLKGRPCEN":3,"CenPOP2020":1496,"UniqueID":3150200030},"geometry":{"type":"Point","coordinates":[-75.055266,40.036054]}},{"type":"Feature","properties":{"ProjectedLong":-8355395.965,"ProjectedLat":4870986.653,"PSA_NUM2025":153,"DIST_NUM2025":15,"TRACTCEN":31600,"BLKGRPCEN":1,"CenPOP2020":960,"UniqueID":3160000010},"geometry":{"type":"Point","coordinates":[-75.057799,40.034704]}},{"type":"Feature","properties":{"ProjectedLong":-8355258.596,"ProjectedLat":4870500.476,"PSA_NUM2025":152,"DIST_NUM2025":15,"TRACTCEN":31600,"BLKGRPCEN":2,"CenPOP2020":870,"UniqueID":3160000020},"geometry":{"type":"Point","coordinates":[-75.056565,40.03136]}},{"type":"Feature","properties":{"ProjectedLong":-8355625.06,"ProjectedLat":4870156.649,"PSA_NUM2025":152,"DIST_NUM2025":15,"TRACTCEN":31600,"BLKGRPCEN":3,"CenPOP2020":756,"UniqueID":3160000030},"geometry":{"type":"Point","coordinates":[-75.059857,40.028995]}},{"type":"Feature","properties":{"ProjectedLong":-8355848.367,"ProjectedLat":4870428.802,"PSA_NUM2025":152,"DIST_NUM2025":15,"TRACTCEN":31600,"BLKGRPCEN":4,"CenPOP2020":854,"UniqueID":3160000040},"geometry":{"type":"Point","coordinates":[-75.061863,40.030867]}},{"type":"Feature","properties":{"ProjectedLong":-8355590.885,"ProjectedLat":4870713.902,"PSA_NUM2025":152,"DIST_NUM2025":15,"TRACTCEN":31600,"BLKGRPCEN":5,"CenPOP2020":927,"UniqueID":3160000050},"geometry":{"type":"Point","coordinates":[-75.05955,40.032828]}},{"type":"Feature","properties":{"ProjectedLong":-8355037.405,"ProjectedLat":4870729.459,"PSA_NUM2025":153,"DIST_NUM2025":15,"TRACTCEN":31600,"BLKGRPCEN":6,"CenPOP2020":1097,"UniqueID":3160000060},"geometry":{"type":"Point","coordinates":[-75.054578,40.032935]}},{"type":"Feature","properties":{"ProjectedLong":-8355784.136,"ProjectedLat":4871088.427,"PSA_NUM2025":153,"DIST_NUM2025":15,"TRACTCEN":31600,"BLKGRPCEN":7,"CenPOP2020":1265,"UniqueID":3160000070},"geometry":{"type":"Point","coordinates":[-75.061286,40.035404]}},{"type":"Feature","properties":{"ProjectedLong":-8356328.377,"ProjectedLat":4870184.998,"PSA_NUM2025":152,"DIST_NUM2025":15,"TRACTCEN":31700,"BLKGRPCEN":1,"CenPOP2020":1479,"UniqueID":3170000010},"geometry":{"type":"Point","coordinates":[-75.066175,40.02919]}},{"type":"Feature","properties":{"ProjectedLong":-8356729.35,"ProjectedLat":4870645.28,"PSA_NUM2025":152,"DIST_NUM2025":15,"TRACTCEN":31700,"BLKGRPCEN":2,"CenPOP2020":1647,"UniqueID":3170000020},"geometry":{"type":"Point","coordinates":[-75.069777,40.032356]}},{"type":"Feature","properties":{"ProjectedLong":-8356087.704,"ProjectedLat":4870167.989,"PSA_NUM2025":152,"DIST_NUM2025":15,"TRACTCEN":31700,"BLKGRPCEN":3,"CenPOP2020":740,"UniqueID":3170000030},"geometry":{"type":"Point","coordinates":[-75.064013,40.029073]}},{"type":"Feature","properties":{"ProjectedLong":-8356259.581,"ProjectedLat":4870690.059,"PSA_NUM2025":152,"DIST_NUM2025":15,"TRACTCEN":31700,"BLKGRPCEN":4,"CenPOP2020":1571,"UniqueID":3170000040},"geometry":{"type":"Point","coordinates":[-75.065557,40.032664]}},{"type":"Feature","properties":{"ProjectedLong":-8356774.434,"ProjectedLat":4870198.082,"PSA_NUM2025":152,"DIST_NUM2025":15,"TRACTCEN":31700,"BLKGRPCEN":5,"CenPOP2020":1160,"UniqueID":3170000050},"geometry":{"type":"Point","coordinates":[-75.070182,40.02928]}},{"type":"Feature","properties":{"ProjectedLong":-8357422.759,"ProjectedLat":4870671.74,"PSA_NUM2025":152,"DIST_NUM2025":15,"TRACTCEN":31800,"BLKGRPCEN":1,"CenPOP2020":1441,"UniqueID":3180000010},"geometry":{"type":"Point","coordinates":[-75.076006,40.032538]}},{"type":"Feature","properties":{"ProjectedLong":-8357495.673,"ProjectedLat":4870159.411,"PSA_NUM2025":152,"DIST_NUM2025":15,"TRACTCEN":31800,"BLKGRPCEN":2,"CenPOP2020":1096,"UniqueID":3180000020},"geometry":{"type":"Point","coordinates":[-75.076661,40.029014]}},{"type":"Feature","properties":{"ProjectedLong":-8357750.706,"ProjectedLat":4870331.105,"PSA_NUM2025":152,"DIST_NUM2025":15,"TRACTCEN":31800,"BLKGRPCEN":3,"CenPOP2020":742,"UniqueID":3180000030},"geometry":{"type":"Point","coordinates":[-75.078952,40.030195]}},{"type":"Feature","properties":{"ProjectedLong":-8358024.218,"ProjectedLat":4870444.358,"PSA_NUM2025":152,"DIST_NUM2025":15,"TRACTCEN":31800,"BLKGRPCEN":4,"CenPOP2020":814,"UniqueID":3180000040},"geometry":{"type":"Point","coordinates":[-75.081409,40.030974]}},{"type":"Feature","properties":{"ProjectedLong":-8355911.151,"ProjectedLat":4869604.951,"PSA_NUM2025":152,"DIST_NUM2025":15,"TRACTCEN":31900,"BLKGRPCEN":1,"CenPOP2020":1167,"UniqueID":3190000010},"geometry":{"type":"Point","coordinates":[-75.062427,40.0252]}},{"type":"Feature","properties":{"ProjectedLong":-8355671.926,"ProjectedLat":4869160.562,"PSA_NUM2025":152,"DIST_NUM2025":15,"TRACTCEN":31900,"BLKGRPCEN":2,"CenPOP2020":1160,"UniqueID":3190000020},"geometry":{"type":"Point","coordinates":[-75.060278,40.022143]}},{"type":"Feature","properties":{"ProjectedLong":-8356106.183,"ProjectedLat":4868796.14,"PSA_NUM2025":152,"DIST_NUM2025":15,"TRACTCEN":31900,"BLKGRPCEN":3,"CenPOP2020":838,"UniqueID":3190000030},"geometry":{"type":"Point","coordinates":[-75.064179,40.019636]}},{"type":"Feature","properties":{"ProjectedLong":-8356259.804,"ProjectedLat":4869135.269,"PSA_NUM2025":152,"DIST_NUM2025":15,"TRACTCEN":31900,"BLKGRPCEN":4,"CenPOP2020":779,"UniqueID":3190000040},"geometry":{"type":"Point","coordinates":[-75.065559,40.021969]}},{"type":"Feature","properties":{"ProjectedLong":-8356256.798,"ProjectedLat":4869513.949,"PSA_NUM2025":152,"DIST_NUM2025":15,"TRACTCEN":31900,"BLKGRPCEN":5,"CenPOP2020":1189,"UniqueID":3190000050},"geometry":{"type":"Point","coordinates":[-75.065532,40.024574]}},{"type":"Feature","properties":{"ProjectedLong":-8354639.771,"ProjectedLat":4870033.804,"PSA_NUM2025":152,"DIST_NUM2025":15,"TRACTCEN":32000,"BLKGRPCEN":1,"CenPOP2020":904,"UniqueID":3200000010},"geometry":{"type":"Point","coordinates":[-75.051006,40.02815]}},{"type":"Feature","properties":{"ProjectedLong":-8354934.879,"ProjectedLat":4869840.745,"PSA_NUM2025":152,"DIST_NUM2025":15,"TRACTCEN":32000,"BLKGRPCEN":2,"CenPOP2020":1025,"UniqueID":3200000020},"geometry":{"type":"Point","coordinates":[-75.053657,40.026822]}},{"type":"Feature","properties":{"ProjectedLong":-8355242.789,"ProjectedLat":4869976.962,"PSA_NUM2025":152,"DIST_NUM2025":15,"TRACTCEN":32000,"BLKGRPCEN":3,"CenPOP2020":1131,"UniqueID":3200000030},"geometry":{"type":"Point","coordinates":[-75.056423,40.027759]}},{"type":"Feature","properties":{"ProjectedLong":-8355385.723,"ProjectedLat":4869346.63,"PSA_NUM2025":152,"DIST_NUM2025":15,"TRACTCEN":32000,"BLKGRPCEN":4,"CenPOP2020":965,"UniqueID":3200000040},"geometry":{"type":"Point","coordinates":[-75.057707,40.023423]}},{"type":"Feature","properties":{"ProjectedLong":-8355613.594,"ProjectedLat":4869734.332,"PSA_NUM2025":152,"DIST_NUM2025":15,"TRACTCEN":32000,"BLKGRPCEN":5,"CenPOP2020":1123,"UniqueID":3200000050},"geometry":{"type":"Point","coordinates":[-75.059754,40.02609]}},{"type":"Feature","properties":{"ProjectedLong":-8355191.248,"ProjectedLat":4869529.649,"PSA_NUM2025":152,"DIST_NUM2025":15,"TRACTCEN":32000,"BLKGRPCEN":6,"CenPOP2020":1138,"UniqueID":3200000060},"geometry":{"type":"Point","coordinates":[-75.05596,40.024682]}},{"type":"Feature","properties":{"ProjectedLong":-8354916.289,"ProjectedLat":4870218.144,"PSA_NUM2025":152,"DIST_NUM2025":15,"TRACTCEN":32000,"BLKGRPCEN":7,"CenPOP2020":1041,"UniqueID":3200000070},"geometry":{"type":"Point","coordinates":[-75.05349,40.029418]}},{"type":"Feature","properties":{"ProjectedLong":-8355608.14,"ProjectedLat":4868160.214,"PSA_NUM2025":152,"DIST_NUM2025":15,"TRACTCEN":32100,"BLKGRPCEN":1,"CenPOP2020":1426,"UniqueID":3210000010},"geometry":{"type":"Point","coordinates":[-75.059705,40.015261]}},{"type":"Feature","properties":{"ProjectedLong":-8355257.595,"ProjectedLat":4868494.524,"PSA_NUM2025":152,"DIST_NUM2025":15,"TRACTCEN":32100,"BLKGRPCEN":2,"CenPOP2020":1127,"UniqueID":3210000020},"geometry":{"type":"Point","coordinates":[-75.056556,40.017561]}},{"type":"Feature","properties":{"ProjectedLong":-8355629.179,"ProjectedLat":4868671.859,"PSA_NUM2025":152,"DIST_NUM2025":15,"TRACTCEN":32100,"BLKGRPCEN":3,"CenPOP2020":1432,"UniqueID":3210000030},"geometry":{"type":"Point","coordinates":[-75.059894,40.018781]}},{"type":"Feature","properties":{"ProjectedLong":-8354689.754,"ProjectedLat":4868783.058,"PSA_NUM2025":152,"DIST_NUM2025":15,"TRACTCEN":32300,"BLKGRPCEN":1,"CenPOP2020":715,"UniqueID":3230000010},"geometry":{"type":"Point","coordinates":[-75.051455,40.019546]}},{"type":"Feature","properties":{"ProjectedLong":-8355025.605,"ProjectedLat":4869092.386,"PSA_NUM2025":152,"DIST_NUM2025":15,"TRACTCEN":32300,"BLKGRPCEN":2,"CenPOP2020":1494,"UniqueID":3230000020},"geometry":{"type":"Point","coordinates":[-75.054472,40.021674]}},{"type":"Feature","properties":{"ProjectedLong":-8354493.72,"ProjectedLat":4869160.271,"PSA_NUM2025":152,"DIST_NUM2025":15,"TRACTCEN":32300,"BLKGRPCEN":3,"CenPOP2020":1869,"UniqueID":3230000030},"geometry":{"type":"Point","coordinates":[-75.049694,40.022141]}},{"type":"Feature","properties":{"ProjectedLong":-8354209.744,"ProjectedLat":4870414.7,"PSA_NUM2025":153,"DIST_NUM2025":15,"TRACTCEN":32500,"BLKGRPCEN":1,"CenPOP2020":1107,"UniqueID":3250000010},"geometry":{"type":"Point","coordinates":[-75.047143,40.03077]}},{"type":"Feature","properties":{"ProjectedLong":-8354152.415,"ProjectedLat":4869785.939,"PSA_NUM2025":152,"DIST_NUM2025":15,"TRACTCEN":32500,"BLKGRPCEN":2,"CenPOP2020":2646,"UniqueID":3250000020},"geometry":{"type":"Point","coordinates":[-75.046628,40.026445]}},{"type":"Feature","properties":{"ProjectedLong":-8353865.322,"ProjectedLat":4869386.17,"PSA_NUM2025":153,"DIST_NUM2025":15,"TRACTCEN":32500,"BLKGRPCEN":3,"CenPOP2020":2457,"UniqueID":3250000030},"geometry":{"type":"Point","coordinates":[-75.044049,40.023695]}},{"type":"Feature","properties":{"ProjectedLong":-8353329.096,"ProjectedLat":4870367.887,"PSA_NUM2025":153,"DIST_NUM2025":15,"TRACTCEN":32600,"BLKGRPCEN":1,"CenPOP2020":3039,"UniqueID":3260000010},"geometry":{"type":"Point","coordinates":[-75.039232,40.030448]}},{"type":"Feature","properties":{"ProjectedLong":-8353624.76,"ProjectedLat":4870807.387,"PSA_NUM2025":153,"DIST_NUM2025":15,"TRACTCEN":32600,"BLKGRPCEN":2,"CenPOP2020":2850,"UniqueID":3260000020},"geometry":{"type":"Point","coordinates":[-75.041888,40.033471]}},{"type":"Feature","properties":{"ProjectedLong":-8353084.972,"ProjectedLat":4869902.094,"PSA_NUM2025":153,"DIST_NUM2025":15,"TRACTCEN":32600,"BLKGRPCEN":3,"CenPOP2020":1872,"UniqueID":3260000030},"geometry":{"type":"Point","coordinates":[-75.037039,40.027244]}},{"type":"Feature","properties":{"ProjectedLong":-8352007.956,"ProjectedLat":4870893.603,"PSA_NUM2025":153,"DIST_NUM2025":15,"TRACTCEN":32900,"BLKGRPCEN":1,"CenPOP2020":1504,"UniqueID":3290000010},"geometry":{"type":"Point","coordinates":[-75.027364,40.034064]}},{"type":"Feature","properties":{"ProjectedLong":-8352249.185,"ProjectedLat":4871490.882,"PSA_NUM2025":153,"DIST_NUM2025":15,"TRACTCEN":32900,"BLKGRPCEN":3,"CenPOP2020":1693,"UniqueID":3290000030},"geometry":{"type":"Point","coordinates":[-75.029531,40.038172]}},{"type":"Feature","properties":{"ProjectedLong":-8352756.914,"ProjectedLat":4871443.628,"PSA_NUM2025":153,"DIST_NUM2025":15,"TRACTCEN":33000,"BLKGRPCEN":1,"CenPOP2020":783,"UniqueID":3300000010},"geometry":{"type":"Point","coordinates":[-75.034092,40.037847]}},{"type":"Feature","properties":{"ProjectedLong":-8352604.406,"ProjectedLat":4871180.606,"PSA_NUM2025":153,"DIST_NUM2025":15,"TRACTCEN":33000,"BLKGRPCEN":2,"CenPOP2020":836,"UniqueID":3300000020},"geometry":{"type":"Point","coordinates":[-75.032722,40.036038]}},{"type":"Feature","properties":{"ProjectedLong":-8353051.131,"ProjectedLat":4871287.181,"PSA_NUM2025":153,"DIST_NUM2025":15,"TRACTCEN":33000,"BLKGRPCEN":3,"CenPOP2020":1151,"UniqueID":3300000030},"geometry":{"type":"Point","coordinates":[-75.036735,40.036771]}},{"type":"Feature","properties":{"ProjectedLong":-8352364.958,"ProjectedLat":4870670.868,"PSA_NUM2025":153,"DIST_NUM2025":15,"TRACTCEN":33000,"BLKGRPCEN":4,"CenPOP2020":1949,"UniqueID":3300000040},"geometry":{"type":"Point","coordinates":[-75.030571,40.032532]}},{"type":"Feature","properties":{"ProjectedLong":-8352731.087,"ProjectedLat":4870672.613,"PSA_NUM2025":153,"DIST_NUM2025":15,"TRACTCEN":33000,"BLKGRPCEN":5,"CenPOP2020":1579,"UniqueID":3300000050},"geometry":{"type":"Point","coordinates":[-75.03386,40.032544]}},{"type":"Feature","properties":{"ProjectedLong":-8353178.48,"ProjectedLat":4870995.521,"PSA_NUM2025":153,"DIST_NUM2025":15,"TRACTCEN":33000,"BLKGRPCEN":6,"CenPOP2020":1109,"UniqueID":3300000060},"geometry":{"type":"Point","coordinates":[-75.037879,40.034765]}},{"type":"Feature","properties":{"ProjectedLong":-8352791.089,"ProjectedLat":4871035.068,"PSA_NUM2025":153,"DIST_NUM2025":15,"TRACTCEN":33000,"BLKGRPCEN":7,"CenPOP2020":806,"UniqueID":3300000070},"geometry":{"type":"Point","coordinates":[-75.034399,40.035037]}},{"type":"Feature","properties":{"ProjectedLong":-8352947.938,"ProjectedLat":4871932.904,"PSA_NUM2025":153,"DIST_NUM2025":15,"TRACTCEN":33101,"BLKGRPCEN":1,"CenPOP2020":3143,"UniqueID":3310100010},"geometry":{"type":"Point","coordinates":[-75.035808,40.041212]}},{"type":"Feature","properties":{"ProjectedLong":-8353530.473,"ProjectedLat":4871638.608,"PSA_NUM2025":153,"DIST_NUM2025":15,"TRACTCEN":33101,"BLKGRPCEN":2,"CenPOP2020":2255,"UniqueID":3310100020},"geometry":{"type":"Point","coordinates":[-75.041041,40.039188]}},{"type":"Feature","properties":{"ProjectedLong":-8352418.725,"ProjectedLat":4872121.787,"PSA_NUM2025":153,"DIST_NUM2025":15,"TRACTCEN":33102,"BLKGRPCEN":3,"CenPOP2020":847,"UniqueID":3310200030},"geometry":{"type":"Point","coordinates":[-75.031054,40.042511]}},{"type":"Feature","properties":{"ProjectedLong":-8354342.103,"ProjectedLat":4872419.586,"PSA_NUM2025":153,"DIST_NUM2025":15,"TRACTCEN":33200,"BLKGRPCEN":1,"CenPOP2020":1873,"UniqueID":3320000010},"geometry":{"type":"Point","coordinates":[-75.048332,40.044559]}},{"type":"Feature","properties":{"ProjectedLong":-8354270.525,"ProjectedLat":4872032.361,"PSA_NUM2025":153,"DIST_NUM2025":15,"TRACTCEN":33200,"BLKGRPCEN":2,"CenPOP2020":1419,"UniqueID":3320000020},"geometry":{"type":"Point","coordinates":[-75.047689,40.041896]}},{"type":"Feature","properties":{"ProjectedLong":-8353810.775,"ProjectedLat":4873739.29,"PSA_NUM2025":153,"DIST_NUM2025":15,"TRACTCEN":33300,"BLKGRPCEN":2,"CenPOP2020":1473,"UniqueID":3330000020},"geometry":{"type":"Point","coordinates":[-75.043559,40.053634]}},{"type":"Feature","properties":{"ProjectedLong":-8354290.674,"ProjectedLat":4873544.995,"PSA_NUM2025":153,"DIST_NUM2025":15,"TRACTCEN":33300,"BLKGRPCEN":3,"CenPOP2020":1256,"UniqueID":3330000030},"geometry":{"type":"Point","coordinates":[-75.04787,40.052298]}},{"type":"Feature","properties":{"ProjectedLong":-8357856.682,"ProjectedLat":4866691.128,"PSA_NUM2025":151,"DIST_NUM2025":15,"TRACTCEN":38000,"BLKGRPCEN":1,"CenPOP2020":1218,"UniqueID":3800000010},"geometry":{"type":"Point","coordinates":[-75.079904,40.005153]}},{"type":"Feature","properties":{"ProjectedLong":-8357396.153,"ProjectedLat":4867022.191,"PSA_NUM2025":151,"DIST_NUM2025":15,"TRACTCEN":38000,"BLKGRPCEN":2,"CenPOP2020":1284,"UniqueID":3800000020},"geometry":{"type":"Point","coordinates":[-75.075767,40.007431]}},{"type":"Feature","properties":{"ProjectedLong":-8355166.313,"ProjectedLat":4868020.098,"PSA_NUM2025":152,"DIST_NUM2025":15,"TRACTCEN":38100,"BLKGRPCEN":1,"CenPOP2020":753,"UniqueID":3810000010},"geometry":{"type":"Point","coordinates":[-75.055736,40.014297]}},{"type":"Feature","properties":{"ProjectedLong":-8370125.092,"ProjectedLat":4860059.691,"PSA_NUM2025":161,"DIST_NUM2025":16,"TRACTCEN":9000,"BLKGRPCEN":1,"CenPOP2020":2323,"UniqueID":900000010},"geometry":{"type":"Point","coordinates":[-75.190113,39.959507]}},{"type":"Feature","properties":{"ProjectedLong":-8370149.693,"ProjectedLat":4860396.778,"PSA_NUM2025":161,"DIST_NUM2025":16,"TRACTCEN":9000,"BLKGRPCEN":2,"CenPOP2020":1900,"UniqueID":900000020},"geometry":{"type":"Point","coordinates":[-75.190334,39.961828]}},{"type":"Feature","properties":{"ProjectedLong":-8370158.822,"ProjectedLat":4859833.133,"PSA_NUM2025":161,"DIST_NUM2025":16,"TRACTCEN":9000,"BLKGRPCEN":3,"CenPOP2020":3471,"UniqueID":900000030},"geometry":{"type":"Point","coordinates":[-75.190416,39.957947]}},{"type":"Feature","properties":{"ProjectedLong":-8370863.14,"ProjectedLat":4860376.155,"PSA_NUM2025":161,"DIST_NUM2025":16,"TRACTCEN":9100,"BLKGRPCEN":1,"CenPOP2020":983,"UniqueID":910000010},"geometry":{"type":"Point","coordinates":[-75.196743,39.961686]}},{"type":"Feature","properties":{"ProjectedLong":-8370772.971,"ProjectedLat":4859934.067,"PSA_NUM2025":161,"DIST_NUM2025":16,"TRACTCEN":9100,"BLKGRPCEN":2,"CenPOP2020":1397,"UniqueID":910000020},"geometry":{"type":"Point","coordinates":[-75.195933,39.958642]}},{"type":"Feature","properties":{"ProjectedLong":-8371320.441,"ProjectedLat":4860038.923,"PSA_NUM2025":161,"DIST_NUM2025":16,"TRACTCEN":9100,"BLKGRPCEN":3,"CenPOP2020":1554,"UniqueID":910000030},"geometry":{"type":"Point","coordinates":[-75.200851,39.959364]}},{"type":"Feature","properties":{"ProjectedLong":-8372210.44,"ProjectedLat":4860083.509,"PSA_NUM2025":162,"DIST_NUM2025":16,"TRACTCEN":9200,"BLKGRPCEN":1,"CenPOP2020":1773,"UniqueID":920000010},"geometry":{"type":"Point","coordinates":[-75.208846,39.959671]}},{"type":"Feature","properties":{"ProjectedLong":-8371684.567,"ProjectedLat":4860253.431,"PSA_NUM2025":162,"DIST_NUM2025":16,"TRACTCEN":9200,"BLKGRPCEN":2,"CenPOP2020":2201,"UniqueID":920000020},"geometry":{"type":"Point","coordinates":[-75.204122,39.960841]}},{"type":"Feature","properties":{"ProjectedLong":-8373675.516,"ProjectedLat":4860646.878,"PSA_NUM2025":162,"DIST_NUM2025":16,"TRACTCEN":9300,"BLKGRPCEN":1,"CenPOP2020":599,"UniqueID":930000010},"geometry":{"type":"Point","coordinates":[-75.222007,39.96355]}},{"type":"Feature","properties":{"ProjectedLong":-8373672.955,"ProjectedLat":4860423.792,"PSA_NUM2025":162,"DIST_NUM2025":16,"TRACTCEN":9300,"BLKGRPCEN":2,"CenPOP2020":890,"UniqueID":930000020},"geometry":{"type":"Point","coordinates":[-75.221984,39.962014]}},{"type":"Feature","properties":{"ProjectedLong":-8373671.62,"ProjectedLat":4860193.74,"PSA_NUM2025":162,"DIST_NUM2025":16,"TRACTCEN":9300,"BLKGRPCEN":3,"CenPOP2020":741,"UniqueID":930000030},"geometry":{"type":"Point","coordinates":[-75.221972,39.96043]}},{"type":"Feature","properties":{"ProjectedLong":-8373378.293,"ProjectedLat":4861054.284,"PSA_NUM2025":162,"DIST_NUM2025":16,"TRACTCEN":10400,"BLKGRPCEN":1,"CenPOP2020":1455,"UniqueID":1040000010},"geometry":{"type":"Point","coordinates":[-75.219337,39.966355]}},{"type":"Feature","properties":{"ProjectedLong":-8373248.383,"ProjectedLat":4860625.382,"PSA_NUM2025":162,"DIST_NUM2025":16,"TRACTCEN":10400,"BLKGRPCEN":2,"CenPOP2020":873,"UniqueID":1040000020},"geometry":{"type":"Point","coordinates":[-75.21817,39.963402]}},{"type":"Feature","properties":{"ProjectedLong":-8373460.558,"ProjectedLat":4861383.706,"PSA_NUM2025":162,"DIST_NUM2025":16,"TRACTCEN":10400,"BLKGRPCEN":3,"CenPOP2020":1245,"UniqueID":1040000030},"geometry":{"type":"Point","coordinates":[-75.220076,39.968623]}},{"type":"Feature","properties":{"ProjectedLong":-8372763.698,"ProjectedLat":4861605.797,"PSA_NUM2025":162,"DIST_NUM2025":16,"TRACTCEN":10500,"BLKGRPCEN":1,"CenPOP2020":1604,"UniqueID":1050000010},"geometry":{"type":"Point","coordinates":[-75.213816,39.970152]}},{"type":"Feature","properties":{"ProjectedLong":-8372713.381,"ProjectedLat":4860841.791,"PSA_NUM2025":162,"DIST_NUM2025":16,"TRACTCEN":10500,"BLKGRPCEN":2,"CenPOP2020":1759,"UniqueID":1050000020},"geometry":{"type":"Point","coordinates":[-75.213364,39.964892]}},{"type":"Feature","properties":{"ProjectedLong":-8372337.901,"ProjectedLat":4860907.006,"PSA_NUM2025":162,"DIST_NUM2025":16,"TRACTCEN":10600,"BLKGRPCEN":1,"CenPOP2020":685,"UniqueID":1060000010},"geometry":{"type":"Point","coordinates":[-75.209991,39.965341]}},{"type":"Feature","properties":{"ProjectedLong":-8371940.267,"ProjectedLat":4860682.752,"PSA_NUM2025":162,"DIST_NUM2025":16,"TRACTCEN":10600,"BLKGRPCEN":2,"CenPOP2020":791,"UniqueID":1060000020},"geometry":{"type":"Point","coordinates":[-75.206419,39.963797]}},{"type":"Feature","properties":{"ProjectedLong":-8371900.526,"ProjectedLat":4861162.638,"PSA_NUM2025":162,"DIST_NUM2025":16,"TRACTCEN":10700,"BLKGRPCEN":1,"CenPOP2020":1219,"UniqueID":1070000010},"geometry":{"type":"Point","coordinates":[-75.206062,39.967101]}},{"type":"Feature","properties":{"ProjectedLong":-8371894.293,"ProjectedLat":4861486.69,"PSA_NUM2025":162,"DIST_NUM2025":16,"TRACTCEN":10700,"BLKGRPCEN":2,"CenPOP2020":1013,"UniqueID":1070000020},"geometry":{"type":"Point","coordinates":[-75.206006,39.969332]}},{"type":"Feature","properties":{"ProjectedLong":-8372318.865,"ProjectedLat":4861705.151,"PSA_NUM2025":162,"DIST_NUM2025":16,"TRACTCEN":10700,"BLKGRPCEN":3,"CenPOP2020":1247,"UniqueID":1070000030},"geometry":{"type":"Point","coordinates":[-75.20982,39.970836]}},{"type":"Feature","properties":{"ProjectedLong":-8371200.661,"ProjectedLat":4860647.459,"PSA_NUM2025":161,"DIST_NUM2025":16,"TRACTCEN":10800,"BLKGRPCEN":1,"CenPOP2020":1557,"UniqueID":1080000010},"geometry":{"type":"Point","coordinates":[-75.199775,39.963554]}},{"type":"Feature","properties":{"ProjectedLong":-8370817.833,"ProjectedLat":4860838.16,"PSA_NUM2025":161,"DIST_NUM2025":16,"TRACTCEN":10800,"BLKGRPCEN":2,"CenPOP2020":1190,"UniqueID":1080000020},"geometry":{"type":"Point","coordinates":[-75.196336,39.964867]}},{"type":"Feature","properties":{"ProjectedLong":-8371264.781,"ProjectedLat":4861186.168,"PSA_NUM2025":161,"DIST_NUM2025":16,"TRACTCEN":10800,"BLKGRPCEN":3,"CenPOP2020":1189,"UniqueID":1080000030},"geometry":{"type":"Point","coordinates":[-75.200351,39.967263]}},{"type":"Feature","properties":{"ProjectedLong":-8370324.02,"ProjectedLat":4860977.159,"PSA_NUM2025":161,"DIST_NUM2025":16,"TRACTCEN":10900,"BLKGRPCEN":1,"CenPOP2020":1029,"UniqueID":1090000010},"geometry":{"type":"Point","coordinates":[-75.1919,39.965824]}},{"type":"Feature","properties":{"ProjectedLong":-8370059.413,"ProjectedLat":4860751.596,"PSA_NUM2025":161,"DIST_NUM2025":16,"TRACTCEN":10900,"BLKGRPCEN":2,"CenPOP2020":639,"UniqueID":1090000020},"geometry":{"type":"Point","coordinates":[-75.189523,39.964271]}},{"type":"Feature","properties":{"ProjectedLong":-8370330.142,"ProjectedLat":4860690.595,"PSA_NUM2025":161,"DIST_NUM2025":16,"TRACTCEN":10900,"BLKGRPCEN":3,"CenPOP2020":973,"UniqueID":1090000030},"geometry":{"type":"Point","coordinates":[-75.191955,39.963851]}},{"type":"Feature","properties":{"ProjectedLong":-8371932.809,"ProjectedLat":4861952.088,"PSA_NUM2025":162,"DIST_NUM2025":16,"TRACTCEN":11000,"BLKGRPCEN":1,"CenPOP2020":551,"UniqueID":1100000010},"geometry":{"type":"Point","coordinates":[-75.206352,39.972536]}},{"type":"Feature","properties":{"ProjectedLong":-8372479.499,"ProjectedLat":4862360.565,"PSA_NUM2025":162,"DIST_NUM2025":16,"TRACTCEN":11000,"BLKGRPCEN":2,"CenPOP2020":797,"UniqueID":1100000020},"geometry":{"type":"Point","coordinates":[-75.211263,39.975348]}},{"type":"Feature","properties":{"ProjectedLong":-8372051.587,"ProjectedLat":4862230.118,"PSA_NUM2025":162,"DIST_NUM2025":16,"TRACTCEN":11000,"BLKGRPCEN":3,"CenPOP2020":872,"UniqueID":1100000030},"geometry":{"type":"Point","coordinates":[-75.207419,39.97445]}},{"type":"Feature","properties":{"ProjectedLong":-8371382.668,"ProjectedLat":4862027.623,"PSA_NUM2025":161,"DIST_NUM2025":16,"TRACTCEN":11000,"BLKGRPCEN":4,"CenPOP2020":1158,"UniqueID":1100000040},"geometry":{"type":"Point","coordinates":[-75.20141,39.973056]}},{"type":"Feature","properties":{"ProjectedLong":-8371746.238,"ProjectedLat":4865151.64,"PSA_NUM2025":161,"DIST_NUM2025":16,"TRACTCEN":980002,"BLKGRPCEN":1,"CenPOP2020":12,"UniqueID":98000200010},"geometry":{"type":"Point","coordinates":[-75.204676,39.994559]}},{"type":"Feature","properties":{"ProjectedLong":-8370563.691,"ProjectedLat":4862040.551,"PSA_NUM2025":161,"DIST_NUM2025":16,"TRACTCEN":980002,"BLKGRPCEN":2,"CenPOP2020":0,"UniqueID":98000200020},"geometry":{"type":"Point","coordinates":[-75.194053,39.973145]}},{"type":"Feature","properties":{"ProjectedLong":-8369320.029,"ProjectedLat":4859941.764,"PSA_NUM2025":161,"DIST_NUM2025":16,"TRACTCEN":980003,"BLKGRPCEN":1,"CenPOP2020":0,"UniqueID":98000300010},"geometry":{"type":"Point","coordinates":[-75.182881,39.958695]}},{"type":"Feature","properties":{"ProjectedLong":-8369454.503,"ProjectedLat":4859466.003,"PSA_NUM2025":161,"DIST_NUM2025":16,"TRACTCEN":980003,"BLKGRPCEN":2,"CenPOP2020":21,"UniqueID":98000300020},"geometry":{"type":"Point","coordinates":[-75.184089,39.955419]}},{"type":"Feature","properties":{"ProjectedLong":-8368630.516,"ProjectedLat":4858100.57,"PSA_NUM2025":171,"DIST_NUM2025":17,"TRACTCEN":1201,"BLKGRPCEN":3,"CenPOP2020":1020,"UniqueID":120100030},"geometry":{"type":"Point","coordinates":[-75.176687,39.946016]}},{"type":"Feature","properties":{"ProjectedLong":-8369000.208,"ProjectedLat":4858171.284,"PSA_NUM2025":93,"DIST_NUM2025":9,"TRACTCEN":1201,"BLKGRPCEN":4,"CenPOP2020":963,"UniqueID":120100040},"geometry":{"type":"Point","coordinates":[-75.180008,39.946503]}},{"type":"Feature","properties":{"ProjectedLong":-8368960.913,"ProjectedLat":4857352.805,"PSA_NUM2025":171,"DIST_NUM2025":17,"TRACTCEN":1301,"BLKGRPCEN":1,"CenPOP2020":877,"UniqueID":130100010},"geometry":{"type":"Point","coordinates":[-75.179655,39.940866]}},{"type":"Feature","properties":{"ProjectedLong":-8369412.536,"ProjectedLat":4857399.267,"PSA_NUM2025":171,"DIST_NUM2025":17,"TRACTCEN":1301,"BLKGRPCEN":2,"CenPOP2020":794,"UniqueID":130100020},"geometry":{"type":"Point","coordinates":[-75.183712,39.941186]}},{"type":"Feature","properties":{"ProjectedLong":-8368870.076,"ProjectedLat":4857851.406,"PSA_NUM2025":171,"DIST_NUM2025":17,"TRACTCEN":1302,"BLKGRPCEN":1,"CenPOP2020":810,"UniqueID":130200010},"geometry":{"type":"Point","coordinates":[-75.178839,39.9443]}},{"type":"Feature","properties":{"ProjectedLong":-8368904.14,"ProjectedLat":4857605.006,"PSA_NUM2025":171,"DIST_NUM2025":17,"TRACTCEN":1302,"BLKGRPCEN":2,"CenPOP2020":963,"UniqueID":130200020},"geometry":{"type":"Point","coordinates":[-75.179145,39.942603]}},{"type":"Feature","properties":{"ProjectedLong":-8369217.393,"ProjectedLat":4857650.162,"PSA_NUM2025":171,"DIST_NUM2025":17,"TRACTCEN":1302,"BLKGRPCEN":3,"CenPOP2020":882,"UniqueID":130200030},"geometry":{"type":"Point","coordinates":[-75.181959,39.942914]}},{"type":"Feature","properties":{"ProjectedLong":-8369487.342,"ProjectedLat":4857844.291,"PSA_NUM2025":171,"DIST_NUM2025":17,"TRACTCEN":1302,"BLKGRPCEN":4,"CenPOP2020":2447,"UniqueID":130200040},"geometry":{"type":"Point","coordinates":[-75.184384,39.944251]}},{"type":"Feature","properties":{"ProjectedLong":-8368292.328,"ProjectedLat":4857677.604,"PSA_NUM2025":171,"DIST_NUM2025":17,"TRACTCEN":1400,"BLKGRPCEN":1,"CenPOP2020":1672,"UniqueID":140000010},"geometry":{"type":"Point","coordinates":[-75.173649,39.943103]}},{"type":"Feature","properties":{"ProjectedLong":-8368587.213,"ProjectedLat":4857759.495,"PSA_NUM2025":171,"DIST_NUM2025":17,"TRACTCEN":1400,"BLKGRPCEN":2,"CenPOP2020":849,"UniqueID":140000020},"geometry":{"type":"Point","coordinates":[-75.176298,39.943667]}},{"type":"Feature","properties":{"ProjectedLong":-8367757.215,"ProjectedLat":4857610.959,"PSA_NUM2025":171,"DIST_NUM2025":17,"TRACTCEN":1400,"BLKGRPCEN":3,"CenPOP2020":2215,"UniqueID":140000030},"geometry":{"type":"Point","coordinates":[-75.168842,39.942644]}},{"type":"Feature","properties":{"ProjectedLong":-8368140.822,"ProjectedLat":4857341.916,"PSA_NUM2025":171,"DIST_NUM2025":17,"TRACTCEN":1900,"BLKGRPCEN":1,"CenPOP2020":1101,"UniqueID":190000010},"geometry":{"type":"Point","coordinates":[-75.172288,39.940791]}},{"type":"Feature","properties":{"ProjectedLong":-8368454.298,"ProjectedLat":4857255.237,"PSA_NUM2025":171,"DIST_NUM2025":17,"TRACTCEN":1900,"BLKGRPCEN":2,"CenPOP2020":1758,"UniqueID":190000020},"geometry":{"type":"Point","coordinates":[-75.175104,39.940194]}},{"type":"Feature","properties":{"ProjectedLong":-8367719.144,"ProjectedLat":4857165.945,"PSA_NUM2025":171,"DIST_NUM2025":17,"TRACTCEN":1900,"BLKGRPCEN":3,"CenPOP2020":1224,"UniqueID":190000030},"geometry":{"type":"Point","coordinates":[-75.1685,39.939579]}},{"type":"Feature","properties":{"ProjectedLong":-8369259.583,"ProjectedLat":4856875.717,"PSA_NUM2025":173,"DIST_NUM2025":17,"TRACTCEN":2000,"BLKGRPCEN":1,"CenPOP2020":1543,"UniqueID":200000010},"geometry":{"type":"Point","coordinates":[-75.182338,39.93758]}},{"type":"Feature","properties":{"ProjectedLong":-8369744.824,"ProjectedLat":4856956.875,"PSA_NUM2025":172,"DIST_NUM2025":17,"TRACTCEN":2000,"BLKGRPCEN":2,"CenPOP2020":994,"UniqueID":200000020},"geometry":{"type":"Point","coordinates":[-75.186697,39.938139]}},{"type":"Feature","properties":{"ProjectedLong":-8368894.566,"ProjectedLat":4856796.882,"PSA_NUM2025":173,"DIST_NUM2025":17,"TRACTCEN":2100,"BLKGRPCEN":1,"CenPOP2020":812,"UniqueID":210000010},"geometry":{"type":"Point","coordinates":[-75.179059,39.937037]}},{"type":"Feature","properties":{"ProjectedLong":-8368546.47,"ProjectedLat":4856758.408,"PSA_NUM2025":173,"DIST_NUM2025":17,"TRACTCEN":2100,"BLKGRPCEN":2,"CenPOP2020":1650,"UniqueID":210000020},"geometry":{"type":"Point","coordinates":[-75.175932,39.936772]}},{"type":"Feature","properties":{"ProjectedLong":-8367719.255,"ProjectedLat":4856799.786,"PSA_NUM2025":171,"DIST_NUM2025":17,"TRACTCEN":2200,"BLKGRPCEN":1,"CenPOP2020":848,"UniqueID":220000010},"geometry":{"type":"Point","coordinates":[-75.168501,39.937057]}},{"type":"Feature","properties":{"ProjectedLong":-8367886.346,"ProjectedLat":4856532.506,"PSA_NUM2025":173,"DIST_NUM2025":17,"TRACTCEN":2200,"BLKGRPCEN":2,"CenPOP2020":700,"UniqueID":220000020},"geometry":{"type":"Point","coordinates":[-75.170002,39.935216]}},{"type":"Feature","properties":{"ProjectedLong":-8368106.202,"ProjectedLat":4856720.661,"PSA_NUM2025":171,"DIST_NUM2025":17,"TRACTCEN":2200,"BLKGRPCEN":3,"CenPOP2020":1202,"UniqueID":220000030},"geometry":{"type":"Point","coordinates":[-75.171977,39.936512]}},{"type":"Feature","properties":{"ProjectedLong":-8367877.217,"ProjectedLat":4855782.682,"PSA_NUM2025":173,"DIST_NUM2025":17,"TRACTCEN":3001,"BLKGRPCEN":1,"CenPOP2020":707,"UniqueID":300100010},"geometry":{"type":"Point","coordinates":[-75.16992,39.930051]}},{"type":"Feature","properties":{"ProjectedLong":-8368128.354,"ProjectedLat":4855556.221,"PSA_NUM2025":173,"DIST_NUM2025":17,"TRACTCEN":3001,"BLKGRPCEN":3,"CenPOP2020":998,"UniqueID":300100030},"geometry":{"type":"Point","coordinates":[-75.172176,39.928491]}},{"type":"Feature","properties":{"ProjectedLong":-8368356.225,"ProjectedLat":4855595.997,"PSA_NUM2025":173,"DIST_NUM2025":17,"TRACTCEN":3001,"BLKGRPCEN":4,"CenPOP2020":1073,"UniqueID":300100040},"geometry":{"type":"Point","coordinates":[-75.174223,39.928765]}},{"type":"Feature","properties":{"ProjectedLong":-8368167.427,"ProjectedLat":4855841.04,"PSA_NUM2025":173,"DIST_NUM2025":17,"TRACTCEN":3001,"BLKGRPCEN":5,"CenPOP2020":616,"UniqueID":300100050},"geometry":{"type":"Point","coordinates":[-75.172527,39.930453]}},{"type":"Feature","properties":{"ProjectedLong":-8367826.122,"ProjectedLat":4856225.892,"PSA_NUM2025":173,"DIST_NUM2025":17,"TRACTCEN":3002,"BLKGRPCEN":1,"CenPOP2020":928,"UniqueID":300200010},"geometry":{"type":"Point","coordinates":[-75.169461,39.933104]}},{"type":"Feature","properties":{"ProjectedLong":-8368062.008,"ProjectedLat":4856272.348,"PSA_NUM2025":173,"DIST_NUM2025":17,"TRACTCEN":3002,"BLKGRPCEN":2,"CenPOP2020":836,"UniqueID":300200020},"geometry":{"type":"Point","coordinates":[-75.17158,39.933424]}},{"type":"Feature","properties":{"ProjectedLong":-8368283.645,"ProjectedLat":4856205.277,"PSA_NUM2025":173,"DIST_NUM2025":17,"TRACTCEN":3002,"BLKGRPCEN":3,"CenPOP2020":855,"UniqueID":300200030},"geometry":{"type":"Point","coordinates":[-75.173571,39.932962]}},{"type":"Feature","properties":{"ProjectedLong":-8367959.594,"ProjectedLat":4855977.936,"PSA_NUM2025":173,"DIST_NUM2025":17,"TRACTCEN":3002,"BLKGRPCEN":4,"CenPOP2020":910,"UniqueID":300200040},"geometry":{"type":"Point","coordinates":[-75.17066,39.931396]}},{"type":"Feature","properties":{"ProjectedLong":-8368618.271,"ProjectedLat":4856346.243,"PSA_NUM2025":173,"DIST_NUM2025":17,"TRACTCEN":3100,"BLKGRPCEN":1,"CenPOP2020":1382,"UniqueID":310000010},"geometry":{"type":"Point","coordinates":[-75.176577,39.933933]}},{"type":"Feature","properties":{"ProjectedLong":-8368501.942,"ProjectedLat":4855975.177,"PSA_NUM2025":173,"DIST_NUM2025":17,"TRACTCEN":3100,"BLKGRPCEN":2,"CenPOP2020":592,"UniqueID":310000020},"geometry":{"type":"Point","coordinates":[-75.175532,39.931377]}},{"type":"Feature","properties":{"ProjectedLong":-8368626.732,"ProjectedLat":4855725.921,"PSA_NUM2025":173,"DIST_NUM2025":17,"TRACTCEN":3100,"BLKGRPCEN":3,"CenPOP2020":595,"UniqueID":310000030},"geometry":{"type":"Point","coordinates":[-75.176653,39.92966]}},{"type":"Feature","properties":{"ProjectedLong":-8368976.275,"ProjectedLat":4855822.749,"PSA_NUM2025":173,"DIST_NUM2025":17,"TRACTCEN":3100,"BLKGRPCEN":4,"CenPOP2020":887,"UniqueID":310000040},"geometry":{"type":"Point","coordinates":[-75.179793,39.930327]}},{"type":"Feature","properties":{"ProjectedLong":-8368780.575,"ProjectedLat":4856065.474,"PSA_NUM2025":173,"DIST_NUM2025":17,"TRACTCEN":3100,"BLKGRPCEN":5,"CenPOP2020":960,"UniqueID":310000050},"geometry":{"type":"Point","coordinates":[-75.178035,39.931999]}},{"type":"Feature","properties":{"ProjectedLong":-8369030.487,"ProjectedLat":4856273.945,"PSA_NUM2025":173,"DIST_NUM2025":17,"TRACTCEN":3100,"BLKGRPCEN":6,"CenPOP2020":673,"UniqueID":310000060},"geometry":{"type":"Point","coordinates":[-75.18028,39.933435]}},{"type":"Feature","properties":{"ProjectedLong":-8369255.909,"ProjectedLat":4856443.366,"PSA_NUM2025":173,"DIST_NUM2025":17,"TRACTCEN":3200,"BLKGRPCEN":1,"CenPOP2020":795,"UniqueID":320000010},"geometry":{"type":"Point","coordinates":[-75.182305,39.934602]}},{"type":"Feature","properties":{"ProjectedLong":-8369328.044,"ProjectedLat":4856203.97,"PSA_NUM2025":173,"DIST_NUM2025":17,"TRACTCEN":3200,"BLKGRPCEN":2,"CenPOP2020":555,"UniqueID":320000020},"geometry":{"type":"Point","coordinates":[-75.182953,39.932953]}},{"type":"Feature","properties":{"ProjectedLong":-8369397.396,"ProjectedLat":4855949.482,"PSA_NUM2025":173,"DIST_NUM2025":17,"TRACTCEN":3200,"BLKGRPCEN":3,"CenPOP2020":967,"UniqueID":320000030},"geometry":{"type":"Point","coordinates":[-75.183576,39.9312]}},{"type":"Feature","properties":{"ProjectedLong":-8369674.137,"ProjectedLat":4856424.203,"PSA_NUM2025":173,"DIST_NUM2025":17,"TRACTCEN":3200,"BLKGRPCEN":4,"CenPOP2020":885,"UniqueID":320000040},"geometry":{"type":"Point","coordinates":[-75.186062,39.93447]}},{"type":"Feature","properties":{"ProjectedLong":-8369652.875,"ProjectedLat":4856000.147,"PSA_NUM2025":173,"DIST_NUM2025":17,"TRACTCEN":3200,"BLKGRPCEN":5,"CenPOP2020":475,"UniqueID":320000050},"geometry":{"type":"Point","coordinates":[-75.185871,39.931549]}},{"type":"Feature","properties":{"ProjectedLong":-8369974.699,"ProjectedLat":4856337.677,"PSA_NUM2025":172,"DIST_NUM2025":17,"TRACTCEN":3200,"BLKGRPCEN":6,"CenPOP2020":834,"UniqueID":320000060},"geometry":{"type":"Point","coordinates":[-75.188762,39.933874]}},{"type":"Feature","properties":{"ProjectedLong":-8370195.112,"ProjectedLat":4856271.332,"PSA_NUM2025":172,"DIST_NUM2025":17,"TRACTCEN":3300,"BLKGRPCEN":1,"CenPOP2020":1776,"UniqueID":330000010},"geometry":{"type":"Point","coordinates":[-75.190742,39.933417]}},{"type":"Feature","properties":{"ProjectedLong":-8370762.396,"ProjectedLat":4856811.691,"PSA_NUM2025":172,"DIST_NUM2025":17,"TRACTCEN":3300,"BLKGRPCEN":2,"CenPOP2020":664,"UniqueID":330000020},"geometry":{"type":"Point","coordinates":[-75.195838,39.937139]}},{"type":"Feature","properties":{"ProjectedLong":-8370273.258,"ProjectedLat":4856736.195,"PSA_NUM2025":172,"DIST_NUM2025":17,"TRACTCEN":3300,"BLKGRPCEN":3,"CenPOP2020":738,"UniqueID":330000030},"geometry":{"type":"Point","coordinates":[-75.191444,39.936619]}},{"type":"Feature","properties":{"ProjectedLong":-8370693.267,"ProjectedLat":4856953.972,"PSA_NUM2025":172,"DIST_NUM2025":17,"TRACTCEN":3300,"BLKGRPCEN":4,"CenPOP2020":1169,"UniqueID":330000040},"geometry":{"type":"Point","coordinates":[-75.195217,39.938119]}},{"type":"Feature","properties":{"ProjectedLong":-8370412.296,"ProjectedLat":4856380.069,"PSA_NUM2025":172,"DIST_NUM2025":17,"TRACTCEN":3300,"BLKGRPCEN":5,"CenPOP2020":998,"UniqueID":330000050},"geometry":{"type":"Point","coordinates":[-75.192693,39.934166]}},{"type":"Feature","properties":{"ProjectedLong":-8370775.754,"ProjectedLat":4856502.745,"PSA_NUM2025":172,"DIST_NUM2025":17,"TRACTCEN":3300,"BLKGRPCEN":6,"CenPOP2020":962,"UniqueID":330000060},"geometry":{"type":"Point","coordinates":[-75.195958,39.935011]}},{"type":"Feature","properties":{"ProjectedLong":-8370849.114,"ProjectedLat":4855890.688,"PSA_NUM2025":172,"DIST_NUM2025":17,"TRACTCEN":3600,"BLKGRPCEN":2,"CenPOP2020":1128,"UniqueID":360000020},"geometry":{"type":"Point","coordinates":[-75.196617,39.930795]}},{"type":"Feature","properties":{"ProjectedLong":-8370635.492,"ProjectedLat":4856019.31,"PSA_NUM2025":172,"DIST_NUM2025":17,"TRACTCEN":3600,"BLKGRPCEN":4,"CenPOP2020":1340,"UniqueID":360000040},"geometry":{"type":"Point","coordinates":[-75.194698,39.931681]}},{"type":"Feature","properties":{"ProjectedLong":-8371741.34,"ProjectedLat":4856446.996,"PSA_NUM2025":172,"DIST_NUM2025":17,"TRACTCEN":980902,"BLKGRPCEN":1,"CenPOP2020":0,"UniqueID":98090200010},"geometry":{"type":"Point","coordinates":[-75.204632,39.934627]}},{"type":"Feature","properties":{"ProjectedLong":-8371064.628,"ProjectedLat":4856903.883,"PSA_NUM2025":172,"DIST_NUM2025":17,"TRACTCEN":980903,"BLKGRPCEN":1,"CenPOP2020":6,"UniqueID":98090300010},"geometry":{"type":"Point","coordinates":[-75.198553,39.937774]}},{"type":"Feature","properties":{"ProjectedLong":-8372360.387,"ProjectedLat":4857778.661,"PSA_NUM2025":183,"DIST_NUM2025":18,"TRACTCEN":7400,"BLKGRPCEN":1,"CenPOP2020":659,"UniqueID":740000010},"geometry":{"type":"Point","coordinates":[-75.210193,39.943799]}},{"type":"Feature","properties":{"ProjectedLong":-8372581.913,"ProjectedLat":4857485.656,"PSA_NUM2025":183,"DIST_NUM2025":18,"TRACTCEN":7400,"BLKGRPCEN":2,"CenPOP2020":720,"UniqueID":740000020},"geometry":{"type":"Point","coordinates":[-75.212183,39.941781]}},{"type":"Feature","properties":{"ProjectedLong":-8372046.466,"ProjectedLat":4858499.595,"PSA_NUM2025":183,"DIST_NUM2025":18,"TRACTCEN":7700,"BLKGRPCEN":1,"CenPOP2020":1667,"UniqueID":770000010},"geometry":{"type":"Point","coordinates":[-75.207373,39.948764]}},{"type":"Feature","properties":{"ProjectedLong":-8372176.821,"ProjectedLat":4857904.258,"PSA_NUM2025":183,"DIST_NUM2025":18,"TRACTCEN":7700,"BLKGRPCEN":2,"CenPOP2020":635,"UniqueID":770000020},"geometry":{"type":"Point","coordinates":[-75.208544,39.944664]}},{"type":"Feature","properties":{"ProjectedLong":-8372707.036,"ProjectedLat":4858015.046,"PSA_NUM2025":183,"DIST_NUM2025":18,"TRACTCEN":7800,"BLKGRPCEN":1,"CenPOP2020":893,"UniqueID":780000010},"geometry":{"type":"Point","coordinates":[-75.213307,39.945427]}},{"type":"Feature","properties":{"ProjectedLong":-8373043.666,"ProjectedLat":4857998.929,"PSA_NUM2025":183,"DIST_NUM2025":18,"TRACTCEN":7800,"BLKGRPCEN":2,"CenPOP2020":543,"UniqueID":780000020},"geometry":{"type":"Point","coordinates":[-75.216331,39.945316]}},{"type":"Feature","properties":{"ProjectedLong":-8373244.041,"ProjectedLat":4858262.327,"PSA_NUM2025":183,"DIST_NUM2025":18,"TRACTCEN":7800,"BLKGRPCEN":4,"CenPOP2020":969,"UniqueID":780000040},"geometry":{"type":"Point","coordinates":[-75.218131,39.94713]}},{"type":"Feature","properties":{"ProjectedLong":-8372779.728,"ProjectedLat":4858326.217,"PSA_NUM2025":183,"DIST_NUM2025":18,"TRACTCEN":7800,"BLKGRPCEN":5,"CenPOP2020":1117,"UniqueID":780000050},"geometry":{"type":"Point","coordinates":[-75.21396,39.94757]}},{"type":"Feature","properties":{"ProjectedLong":-8372930.677,"ProjectedLat":4858890.648,"PSA_NUM2025":183,"DIST_NUM2025":18,"TRACTCEN":7900,"BLKGRPCEN":1,"CenPOP2020":1078,"UniqueID":790000010},"geometry":{"type":"Point","coordinates":[-75.215316,39.951457]}},{"type":"Feature","properties":{"ProjectedLong":-8373032.423,"ProjectedLat":4858636.091,"PSA_NUM2025":183,"DIST_NUM2025":18,"TRACTCEN":7900,"BLKGRPCEN":2,"CenPOP2020":1457,"UniqueID":790000020},"geometry":{"type":"Point","coordinates":[-75.21623,39.949704]}},{"type":"Feature","properties":{"ProjectedLong":-8373566.311,"ProjectedLat":4858591.367,"PSA_NUM2025":182,"DIST_NUM2025":18,"TRACTCEN":7900,"BLKGRPCEN":3,"CenPOP2020":1073,"UniqueID":790000030},"geometry":{"type":"Point","coordinates":[-75.221026,39.949396]}},{"type":"Feature","properties":{"ProjectedLong":-8373500.41,"ProjectedLat":4858927.243,"PSA_NUM2025":183,"DIST_NUM2025":18,"TRACTCEN":7900,"BLKGRPCEN":4,"CenPOP2020":1114,"UniqueID":790000040},"geometry":{"type":"Point","coordinates":[-75.220434,39.951709]}},{"type":"Feature","properties":{"ProjectedLong":-8373929.992,"ProjectedLat":4858899.071,"PSA_NUM2025":182,"DIST_NUM2025":18,"TRACTCEN":8000,"BLKGRPCEN":1,"CenPOP2020":1068,"UniqueID":800000010},"geometry":{"type":"Point","coordinates":[-75.224293,39.951515]}},{"type":"Feature","properties":{"ProjectedLong":-8374031.849,"ProjectedLat":4858538.22,"PSA_NUM2025":182,"DIST_NUM2025":18,"TRACTCEN":8000,"BLKGRPCEN":2,"CenPOP2020":933,"UniqueID":800000020},"geometry":{"type":"Point","coordinates":[-75.225208,39.94903]}},{"type":"Feature","properties":{"ProjectedLong":-8374484.252,"ProjectedLat":4858509.324,"PSA_NUM2025":182,"DIST_NUM2025":18,"TRACTCEN":8000,"BLKGRPCEN":3,"CenPOP2020":746,"UniqueID":800000030},"geometry":{"type":"Point","coordinates":[-75.229272,39.948831]}},{"type":"Feature","properties":{"ProjectedLong":-8374375.604,"ProjectedLat":4858940.747,"PSA_NUM2025":182,"DIST_NUM2025":18,"TRACTCEN":8000,"BLKGRPCEN":4,"CenPOP2020":1195,"UniqueID":800000040},"geometry":{"type":"Point","coordinates":[-75.228296,39.951802]}},{"type":"Feature","properties":{"ProjectedLong":-8374935.986,"ProjectedLat":4858468.811,"PSA_NUM2025":182,"DIST_NUM2025":18,"TRACTCEN":8101,"BLKGRPCEN":1,"CenPOP2020":1051,"UniqueID":810100010},"geometry":{"type":"Point","coordinates":[-75.23333,39.948552]}},{"type":"Feature","properties":{"ProjectedLong":-8375432.694,"ProjectedLat":4858436.284,"PSA_NUM2025":181,"DIST_NUM2025":18,"TRACTCEN":8101,"BLKGRPCEN":2,"CenPOP2020":1664,"UniqueID":810100020},"geometry":{"type":"Point","coordinates":[-75.237792,39.948328]}},{"type":"Feature","properties":{"ProjectedLong":-8375346.867,"ProjectedLat":4858811.798,"PSA_NUM2025":182,"DIST_NUM2025":18,"TRACTCEN":8102,"BLKGRPCEN":1,"CenPOP2020":858,"UniqueID":810200010},"geometry":{"type":"Point","coordinates":[-75.237021,39.950914]}},{"type":"Feature","properties":{"ProjectedLong":-8374900.587,"ProjectedLat":4858748.485,"PSA_NUM2025":182,"DIST_NUM2025":18,"TRACTCEN":8102,"BLKGRPCEN":2,"CenPOP2020":869,"UniqueID":810200020},"geometry":{"type":"Point","coordinates":[-75.233012,39.950478]}},{"type":"Feature","properties":{"ProjectedLong":-8374816.986,"ProjectedLat":4859092.643,"PSA_NUM2025":182,"DIST_NUM2025":18,"TRACTCEN":8102,"BLKGRPCEN":3,"CenPOP2020":1455,"UniqueID":810200030},"geometry":{"type":"Point","coordinates":[-75.232261,39.952848]}},{"type":"Feature","properties":{"ProjectedLong":-8375290.205,"ProjectedLat":4859144.486,"PSA_NUM2025":182,"DIST_NUM2025":18,"TRACTCEN":8102,"BLKGRPCEN":4,"CenPOP2020":1852,"UniqueID":810200040},"geometry":{"type":"Point","coordinates":[-75.236512,39.953205]}},{"type":"Feature","properties":{"ProjectedLong":-8375779.565,"ProjectedLat":4858840.84,"PSA_NUM2025":181,"DIST_NUM2025":18,"TRACTCEN":8200,"BLKGRPCEN":1,"CenPOP2020":1015,"UniqueID":820000010},"geometry":{"type":"Point","coordinates":[-75.240908,39.951114]}},{"type":"Feature","properties":{"ProjectedLong":-8375810.512,"ProjectedLat":4858548.385,"PSA_NUM2025":181,"DIST_NUM2025":18,"TRACTCEN":8200,"BLKGRPCEN":2,"CenPOP2020":1047,"UniqueID":820000020},"geometry":{"type":"Point","coordinates":[-75.241186,39.9491]}},{"type":"Feature","properties":{"ProjectedLong":-8375871.627,"ProjectedLat":4858273.072,"PSA_NUM2025":181,"DIST_NUM2025":18,"TRACTCEN":8200,"BLKGRPCEN":3,"CenPOP2020":1104,"UniqueID":820000030},"geometry":{"type":"Point","coordinates":[-75.241735,39.947204]}},{"type":"Feature","properties":{"ProjectedLong":-8376195.678,"ProjectedLat":4857988.765,"PSA_NUM2025":181,"DIST_NUM2025":18,"TRACTCEN":8200,"BLKGRPCEN":4,"CenPOP2020":787,"UniqueID":820000040},"geometry":{"type":"Point","coordinates":[-75.244646,39.945246]}},{"type":"Feature","properties":{"ProjectedLong":-8376321.246,"ProjectedLat":4858971.243,"PSA_NUM2025":181,"DIST_NUM2025":18,"TRACTCEN":8200,"BLKGRPCEN":5,"CenPOP2020":729,"UniqueID":820000050},"geometry":{"type":"Point","coordinates":[-75.245774,39.952012]}},{"type":"Feature","properties":{"ProjectedLong":-8376413.085,"ProjectedLat":4858459.517,"PSA_NUM2025":181,"DIST_NUM2025":18,"TRACTCEN":8200,"BLKGRPCEN":6,"CenPOP2020":1370,"UniqueID":820000060},"geometry":{"type":"Point","coordinates":[-75.246599,39.948488]}},{"type":"Feature","properties":{"ProjectedLong":-8376365.329,"ProjectedLat":4858758.214,"PSA_NUM2025":181,"DIST_NUM2025":18,"TRACTCEN":8200,"BLKGRPCEN":7,"CenPOP2020":883,"UniqueID":820000070},"geometry":{"type":"Point","coordinates":[-75.24617,39.950545]}},{"type":"Feature","properties":{"ProjectedLong":-8376248.666,"ProjectedLat":4860250.962,"PSA_NUM2025":181,"DIST_NUM2025":18,"TRACTCEN":8301,"BLKGRPCEN":1,"CenPOP2020":1276,"UniqueID":830100010},"geometry":{"type":"Point","coordinates":[-75.245122,39.960824]}},{"type":"Feature","properties":{"ProjectedLong":-8376321.246,"ProjectedLat":4859859.564,"PSA_NUM2025":181,"DIST_NUM2025":18,"TRACTCEN":8301,"BLKGRPCEN":2,"CenPOP2020":1797,"UniqueID":830100020},"geometry":{"type":"Point","coordinates":[-75.245774,39.958129]}},{"type":"Feature","properties":{"ProjectedLong":-8376398.168,"ProjectedLat":4859438.992,"PSA_NUM2025":181,"DIST_NUM2025":18,"TRACTCEN":8301,"BLKGRPCEN":3,"CenPOP2020":1237,"UniqueID":830100030},"geometry":{"type":"Point","coordinates":[-75.246465,39.955233]}},{"type":"Feature","properties":{"ProjectedLong":-8375784.909,"ProjectedLat":4859124.736,"PSA_NUM2025":181,"DIST_NUM2025":18,"TRACTCEN":8302,"BLKGRPCEN":1,"CenPOP2020":983,"UniqueID":830200010},"geometry":{"type":"Point","coordinates":[-75.240956,39.953069]}},{"type":"Feature","properties":{"ProjectedLong":-8375813.295,"ProjectedLat":4860107.036,"PSA_NUM2025":181,"DIST_NUM2025":18,"TRACTCEN":8302,"BLKGRPCEN":2,"CenPOP2020":1982,"UniqueID":830200020},"geometry":{"type":"Point","coordinates":[-75.241211,39.959833]}},{"type":"Feature","properties":{"ProjectedLong":-8375885.764,"ProjectedLat":4859643.176,"PSA_NUM2025":181,"DIST_NUM2025":18,"TRACTCEN":8302,"BLKGRPCEN":3,"CenPOP2020":990,"UniqueID":830200030},"geometry":{"type":"Point","coordinates":[-75.241862,39.956639]}},{"type":"Feature","properties":{"ProjectedLong":-8375767.432,"ProjectedLat":4859340.096,"PSA_NUM2025":181,"DIST_NUM2025":18,"TRACTCEN":8302,"BLKGRPCEN":4,"CenPOP2020":1043,"UniqueID":830200040},"geometry":{"type":"Point","coordinates":[-75.240799,39.954552]}},{"type":"Feature","properties":{"ProjectedLong":-8374952.907,"ProjectedLat":4859544.279,"PSA_NUM2025":182,"DIST_NUM2025":18,"TRACTCEN":8400,"BLKGRPCEN":1,"CenPOP2020":1107,"UniqueID":840000010},"geometry":{"type":"Point","coordinates":[-75.233482,39.955958]}},{"type":"Feature","properties":{"ProjectedLong":-8374976.729,"ProjectedLat":4859804.813,"PSA_NUM2025":182,"DIST_NUM2025":18,"TRACTCEN":8400,"BLKGRPCEN":2,"CenPOP2020":809,"UniqueID":840000020},"geometry":{"type":"Point","coordinates":[-75.233696,39.957752]}},{"type":"Feature","properties":{"ProjectedLong":-8375315.252,"ProjectedLat":4859712.159,"PSA_NUM2025":181,"DIST_NUM2025":18,"TRACTCEN":8400,"BLKGRPCEN":3,"CenPOP2020":640,"UniqueID":840000030},"geometry":{"type":"Point","coordinates":[-75.236737,39.957114]}},{"type":"Feature","properties":{"ProjectedLong":-8375074.802,"ProjectedLat":4860081.621,"PSA_NUM2025":182,"DIST_NUM2025":18,"TRACTCEN":8400,"BLKGRPCEN":4,"CenPOP2020":762,"UniqueID":840000040},"geometry":{"type":"Point","coordinates":[-75.234577,39.959658]}},{"type":"Feature","properties":{"ProjectedLong":-8375408.426,"ProjectedLat":4859478.493,"PSA_NUM2025":181,"DIST_NUM2025":18,"TRACTCEN":8400,"BLKGRPCEN":5,"CenPOP2020":723,"UniqueID":840000050},"geometry":{"type":"Point","coordinates":[-75.237574,39.955505]}},{"type":"Feature","properties":{"ProjectedLong":-8375453.733,"ProjectedLat":4860098.903,"PSA_NUM2025":181,"DIST_NUM2025":18,"TRACTCEN":8400,"BLKGRPCEN":6,"CenPOP2020":570,"UniqueID":840000060},"geometry":{"type":"Point","coordinates":[-75.237981,39.959777]}},{"type":"Feature","properties":{"ProjectedLong":-8373789.952,"ProjectedLat":4859948.009,"PSA_NUM2025":182,"DIST_NUM2025":18,"TRACTCEN":8500,"BLKGRPCEN":1,"CenPOP2020":660,"UniqueID":850000010},"geometry":{"type":"Point","coordinates":[-75.223035,39.958738]}},{"type":"Feature","properties":{"ProjectedLong":-8373815.556,"ProjectedLat":4859601.497,"PSA_NUM2025":182,"DIST_NUM2025":18,"TRACTCEN":8500,"BLKGRPCEN":2,"CenPOP2020":891,"UniqueID":850000020},"geometry":{"type":"Point","coordinates":[-75.223265,39.956352]}},{"type":"Feature","properties":{"ProjectedLong":-8373888.359,"ProjectedLat":4859328.188,"PSA_NUM2025":182,"DIST_NUM2025":18,"TRACTCEN":8500,"BLKGRPCEN":3,"CenPOP2020":887,"UniqueID":850000030},"geometry":{"type":"Point","coordinates":[-75.223919,39.95447]}},{"type":"Feature","properties":{"ProjectedLong":-8374449.631,"ProjectedLat":4859318.749,"PSA_NUM2025":182,"DIST_NUM2025":18,"TRACTCEN":8500,"BLKGRPCEN":4,"CenPOP2020":782,"UniqueID":850000040},"geometry":{"type":"Point","coordinates":[-75.228961,39.954405]}},{"type":"Feature","properties":{"ProjectedLong":-8374450.633,"ProjectedLat":4859549.652,"PSA_NUM2025":182,"DIST_NUM2025":18,"TRACTCEN":8500,"BLKGRPCEN":5,"CenPOP2020":1239,"UniqueID":850000050},"geometry":{"type":"Point","coordinates":[-75.22897,39.955995]}},{"type":"Feature","properties":{"ProjectedLong":-8374439.167,"ProjectedLat":4859755.581,"PSA_NUM2025":182,"DIST_NUM2025":18,"TRACTCEN":8500,"BLKGRPCEN":6,"CenPOP2020":1009,"UniqueID":850000060},"geometry":{"type":"Point","coordinates":[-75.228867,39.957413]}},{"type":"Feature","properties":{"ProjectedLong":-8374432.822,"ProjectedLat":4860022.947,"PSA_NUM2025":182,"DIST_NUM2025":18,"TRACTCEN":8500,"BLKGRPCEN":7,"CenPOP2020":1305,"UniqueID":850000070},"geometry":{"type":"Point","coordinates":[-75.22881,39.959254]}},{"type":"Feature","properties":{"ProjectedLong":-8373416.698,"ProjectedLat":4859233.069,"PSA_NUM2025":183,"DIST_NUM2025":18,"TRACTCEN":8601,"BLKGRPCEN":1,"CenPOP2020":1149,"UniqueID":860100010},"geometry":{"type":"Point","coordinates":[-75.219682,39.953815]}},{"type":"Feature","properties":{"ProjectedLong":-8372761.917,"ProjectedLat":4859216.514,"PSA_NUM2025":183,"DIST_NUM2025":18,"TRACTCEN":8601,"BLKGRPCEN":2,"CenPOP2020":2063,"UniqueID":860100020},"geometry":{"type":"Point","coordinates":[-75.2138,39.953701]}},{"type":"Feature","properties":{"ProjectedLong":-8372795.98,"ProjectedLat":4859668.01,"PSA_NUM2025":183,"DIST_NUM2025":18,"TRACTCEN":8602,"BLKGRPCEN":1,"CenPOP2020":1419,"UniqueID":860200010},"geometry":{"type":"Point","coordinates":[-75.214106,39.95681]}},{"type":"Feature","properties":{"ProjectedLong":-8373142.407,"ProjectedLat":4859506.811,"PSA_NUM2025":183,"DIST_NUM2025":18,"TRACTCEN":8602,"BLKGRPCEN":2,"CenPOP2020":1192,"UniqueID":860200020},"geometry":{"type":"Point","coordinates":[-75.217218,39.9557]}},{"type":"Feature","properties":{"ProjectedLong":-8373506.087,"ProjectedLat":4859659.732,"PSA_NUM2025":182,"DIST_NUM2025":18,"TRACTCEN":8602,"BLKGRPCEN":3,"CenPOP2020":841,"UniqueID":860200030},"geometry":{"type":"Point","coordinates":[-75.220485,39.956753]}},{"type":"Feature","properties":{"ProjectedLong":-8372472.597,"ProjectedLat":4858744.564,"PSA_NUM2025":183,"DIST_NUM2025":18,"TRACTCEN":8701,"BLKGRPCEN":1,"CenPOP2020":1192,"UniqueID":870100010},"geometry":{"type":"Point","coordinates":[-75.211201,39.950451]}},{"type":"Feature","properties":{"ProjectedLong":-8372430.741,"ProjectedLat":4859072.894,"PSA_NUM2025":183,"DIST_NUM2025":18,"TRACTCEN":8701,"BLKGRPCEN":2,"CenPOP2020":1229,"UniqueID":870100020},"geometry":{"type":"Point","coordinates":[-75.210825,39.952712]}},{"type":"Feature","properties":{"ProjectedLong":-8372361.834,"ProjectedLat":4859505.94,"PSA_NUM2025":183,"DIST_NUM2025":18,"TRACTCEN":8701,"BLKGRPCEN":3,"CenPOP2020":1926,"UniqueID":870100030},"geometry":{"type":"Point","coordinates":[-75.210206,39.955694]}},{"type":"Feature","properties":{"ProjectedLong":-8371966.762,"ProjectedLat":4859578.842,"PSA_NUM2025":183,"DIST_NUM2025":18,"TRACTCEN":8702,"BLKGRPCEN":1,"CenPOP2020":770,"UniqueID":870200010},"geometry":{"type":"Point","coordinates":[-75.206657,39.956196]}},{"type":"Feature","properties":{"ProjectedLong":-8372020.529,"ProjectedLat":4859319.911,"PSA_NUM2025":183,"DIST_NUM2025":18,"TRACTCEN":8702,"BLKGRPCEN":2,"CenPOP2020":1183,"UniqueID":870200020},"geometry":{"type":"Point","coordinates":[-75.20714,39.954413]}},{"type":"Feature","properties":{"ProjectedLong":-8372046.355,"ProjectedLat":4858873.804,"PSA_NUM2025":183,"DIST_NUM2025":18,"TRACTCEN":8702,"BLKGRPCEN":3,"CenPOP2020":1488,"UniqueID":870200030},"geometry":{"type":"Point","coordinates":[-75.207372,39.951341]}},{"type":"Feature","properties":{"ProjectedLong":-8371122.292,"ProjectedLat":4859169.028,"PSA_NUM2025":183,"DIST_NUM2025":18,"TRACTCEN":8801,"BLKGRPCEN":1,"CenPOP2020":1600,"UniqueID":880100010},"geometry":{"type":"Point","coordinates":[-75.199071,39.953374]}},{"type":"Feature","properties":{"ProjectedLong":-8371664.752,"ProjectedLat":4858688.077,"PSA_NUM2025":183,"DIST_NUM2025":18,"TRACTCEN":8802,"BLKGRPCEN":1,"CenPOP2020":1023,"UniqueID":880200010},"geometry":{"type":"Point","coordinates":[-75.203944,39.950062]}},{"type":"Feature","properties":{"ProjectedLong":-8371443.894,"ProjectedLat":4859520.752,"PSA_NUM2025":183,"DIST_NUM2025":18,"TRACTCEN":8802,"BLKGRPCEN":2,"CenPOP2020":1431,"UniqueID":880200020},"geometry":{"type":"Point","coordinates":[-75.20196,39.955796]}},{"type":"Feature","properties":{"ProjectedLong":-8371605.196,"ProjectedLat":4858872.352,"PSA_NUM2025":183,"DIST_NUM2025":18,"TRACTCEN":8802,"BLKGRPCEN":3,"CenPOP2020":1179,"UniqueID":880200030},"geometry":{"type":"Point","coordinates":[-75.203409,39.951331]}},{"type":"Feature","properties":{"ProjectedLong":-8371417.511,"ProjectedLat":4859060.841,"PSA_NUM2025":183,"DIST_NUM2025":18,"TRACTCEN":8802,"BLKGRPCEN":4,"CenPOP2020":1820,"UniqueID":880200040},"geometry":{"type":"Point","coordinates":[-75.201723,39.952629]}},{"type":"Feature","properties":{"ProjectedLong":-8371537.848,"ProjectedLat":4859277.942,"PSA_NUM2025":183,"DIST_NUM2025":18,"TRACTCEN":8802,"BLKGRPCEN":5,"CenPOP2020":1127,"UniqueID":880200050},"geometry":{"type":"Point","coordinates":[-75.202804,39.954124]}},{"type":"Feature","properties":{"ProjectedLong":-8370846.553,"ProjectedLat":4858351.919,"PSA_NUM2025":183,"DIST_NUM2025":18,"TRACTCEN":36901,"BLKGRPCEN":1,"CenPOP2020":0,"UniqueID":3690100010},"geometry":{"type":"Point","coordinates":[-75.196594,39.947747]}},{"type":"Feature","properties":{"ProjectedLong":-8371552.764,"ProjectedLat":4858218.475,"PSA_NUM2025":183,"DIST_NUM2025":18,"TRACTCEN":36901,"BLKGRPCEN":2,"CenPOP2020":4,"UniqueID":3690100020},"geometry":{"type":"Point","coordinates":[-75.202938,39.946828]}},{"type":"Feature","properties":{"ProjectedLong":-8370749.038,"ProjectedLat":4858596.594,"PSA_NUM2025":183,"DIST_NUM2025":18,"TRACTCEN":36901,"BLKGRPCEN":3,"CenPOP2020":0,"UniqueID":3690100030},"geometry":{"type":"Point","coordinates":[-75.195718,39.949432]}},{"type":"Feature","properties":{"ProjectedLong":-8370545.434,"ProjectedLat":4858006.479,"PSA_NUM2025":183,"DIST_NUM2025":18,"TRACTCEN":36901,"BLKGRPCEN":4,"CenPOP2020":0,"UniqueID":3690100040},"geometry":{"type":"Point","coordinates":[-75.193889,39.945368]}},{"type":"Feature","properties":{"ProjectedLong":-8369806.495,"ProjectedLat":4858848.972,"PSA_NUM2025":183,"DIST_NUM2025":18,"TRACTCEN":36902,"BLKGRPCEN":1,"CenPOP2020":0,"UniqueID":3690200010},"geometry":{"type":"Point","coordinates":[-75.187251,39.95117]}},{"type":"Feature","properties":{"ProjectedLong":-8370918.577,"ProjectedLat":4858769.25,"PSA_NUM2025":183,"DIST_NUM2025":18,"TRACTCEN":36902,"BLKGRPCEN":2,"CenPOP2020":1821,"UniqueID":3690200020},"geometry":{"type":"Point","coordinates":[-75.197241,39.950621]}},{"type":"Feature","properties":{"ProjectedLong":-8370693.155,"ProjectedLat":4859348.083,"PSA_NUM2025":183,"DIST_NUM2025":18,"TRACTCEN":36902,"BLKGRPCEN":3,"CenPOP2020":801,"UniqueID":3690200030},"geometry":{"type":"Point","coordinates":[-75.195216,39.954607]}},{"type":"Feature","properties":{"ProjectedLong":-8370457.714,"ProjectedLat":4859324.412,"PSA_NUM2025":183,"DIST_NUM2025":18,"TRACTCEN":36902,"BLKGRPCEN":4,"CenPOP2020":783,"UniqueID":3690200040},"geometry":{"type":"Point","coordinates":[-75.193101,39.954444]}},{"type":"Feature","properties":{"ProjectedLong":-8370089.581,"ProjectedLat":4859185.583,"PSA_NUM2025":183,"DIST_NUM2025":18,"TRACTCEN":36902,"BLKGRPCEN":5,"CenPOP2020":1597,"UniqueID":3690200050},"geometry":{"type":"Point","coordinates":[-75.189794,39.953488]}},{"type":"Feature","properties":{"ProjectedLong":-8369405.634,"ProjectedLat":4859064.762,"PSA_NUM2025":183,"DIST_NUM2025":18,"TRACTCEN":36902,"BLKGRPCEN":6,"CenPOP2020":1596,"UniqueID":3690200060},"geometry":{"type":"Point","coordinates":[-75.18365,39.952656]}},{"type":"Feature","properties":{"ProjectedLong":-8374119.124,"ProjectedLat":4860408.978,"PSA_NUM2025":192,"DIST_NUM2025":19,"TRACTCEN":9300,"BLKGRPCEN":4,"CenPOP2020":799,"UniqueID":930000040},"geometry":{"type":"Point","coordinates":[-75.225992,39.961912]}},{"type":"Feature","properties":{"ProjectedLong":-8374190.146,"ProjectedLat":4860619.718,"PSA_NUM2025":192,"DIST_NUM2025":19,"TRACTCEN":9300,"BLKGRPCEN":5,"CenPOP2020":1232,"UniqueID":930000050},"geometry":{"type":"Point","coordinates":[-75.22663,39.963363]}},{"type":"Feature","properties":{"ProjectedLong":-8374697.429,"ProjectedLat":4860695.388,"PSA_NUM2025":192,"DIST_NUM2025":19,"TRACTCEN":9400,"BLKGRPCEN":1,"CenPOP2020":626,"UniqueID":940000010},"geometry":{"type":"Point","coordinates":[-75.231187,39.963884]}},{"type":"Feature","properties":{"ProjectedLong":-8374500.727,"ProjectedLat":4860535.48,"PSA_NUM2025":192,"DIST_NUM2025":19,"TRACTCEN":9400,"BLKGRPCEN":2,"CenPOP2020":1258,"UniqueID":940000020},"geometry":{"type":"Point","coordinates":[-75.22942,39.962783]}},{"type":"Feature","properties":{"ProjectedLong":-8375061.555,"ProjectedLat":4860410.575,"PSA_NUM2025":192,"DIST_NUM2025":19,"TRACTCEN":9400,"BLKGRPCEN":3,"CenPOP2020":592,"UniqueID":940000030},"geometry":{"type":"Point","coordinates":[-75.234458,39.961923]}},{"type":"Feature","properties":{"ProjectedLong":-8375064.004,"ProjectedLat":4860709.912,"PSA_NUM2025":192,"DIST_NUM2025":19,"TRACTCEN":9400,"BLKGRPCEN":4,"CenPOP2020":1290,"UniqueID":940000040},"geometry":{"type":"Point","coordinates":[-75.23448,39.963984]}},{"type":"Feature","properties":{"ProjectedLong":-8375347.2,"ProjectedLat":4860843.244,"PSA_NUM2025":192,"DIST_NUM2025":19,"TRACTCEN":9500,"BLKGRPCEN":1,"CenPOP2020":684,"UniqueID":950000010},"geometry":{"type":"Point","coordinates":[-75.237024,39.964902]}},{"type":"Feature","properties":{"ProjectedLong":-8375523.642,"ProjectedLat":4860625.237,"PSA_NUM2025":192,"DIST_NUM2025":19,"TRACTCEN":9500,"BLKGRPCEN":2,"CenPOP2020":845,"UniqueID":950000020},"geometry":{"type":"Point","coordinates":[-75.238609,39.963401]}},{"type":"Feature","properties":{"ProjectedLong":-8375425.458,"ProjectedLat":4861298.3,"PSA_NUM2025":192,"DIST_NUM2025":19,"TRACTCEN":9500,"BLKGRPCEN":3,"CenPOP2020":1760,"UniqueID":950000030},"geometry":{"type":"Point","coordinates":[-75.237727,39.968035]}},{"type":"Feature","properties":{"ProjectedLong":-8375945.543,"ProjectedLat":4861185.587,"PSA_NUM2025":192,"DIST_NUM2025":19,"TRACTCEN":9600,"BLKGRPCEN":1,"CenPOP2020":1197,"UniqueID":960000010},"geometry":{"type":"Point","coordinates":[-75.242399,39.967259]}},{"type":"Feature","properties":{"ProjectedLong":-8375837.897,"ProjectedLat":4860669.826,"PSA_NUM2025":192,"DIST_NUM2025":19,"TRACTCEN":9600,"BLKGRPCEN":2,"CenPOP2020":752,"UniqueID":960000020},"geometry":{"type":"Point","coordinates":[-75.241432,39.963708]}},{"type":"Feature","properties":{"ProjectedLong":-8376192.672,"ProjectedLat":4860602.725,"PSA_NUM2025":192,"DIST_NUM2025":19,"TRACTCEN":9600,"BLKGRPCEN":3,"CenPOP2020":867,"UniqueID":960000030},"geometry":{"type":"Point","coordinates":[-75.244619,39.963246]}},{"type":"Feature","properties":{"ProjectedLong":-8376154.712,"ProjectedLat":4860826.977,"PSA_NUM2025":192,"DIST_NUM2025":19,"TRACTCEN":9600,"BLKGRPCEN":4,"CenPOP2020":734,"UniqueID":960000040},"geometry":{"type":"Point","coordinates":[-75.244278,39.96479]}},{"type":"Feature","properties":{"ProjectedLong":-8376162.282,"ProjectedLat":4861054.865,"PSA_NUM2025":192,"DIST_NUM2025":19,"TRACTCEN":9600,"BLKGRPCEN":5,"CenPOP2020":725,"UniqueID":960000050},"geometry":{"type":"Point","coordinates":[-75.244346,39.966359]}},{"type":"Feature","properties":{"ProjectedLong":-8378457.912,"ProjectedLat":4862732.159,"PSA_NUM2025":191,"DIST_NUM2025":19,"TRACTCEN":9801,"BLKGRPCEN":1,"CenPOP2020":1029,"UniqueID":980100010},"geometry":{"type":"Point","coordinates":[-75.264968,39.977906]}},{"type":"Feature","properties":{"ProjectedLong":-8378662.629,"ProjectedLat":4862566.262,"PSA_NUM2025":191,"DIST_NUM2025":19,"TRACTCEN":9801,"BLKGRPCEN":2,"CenPOP2020":1177,"UniqueID":980100020},"geometry":{"type":"Point","coordinates":[-75.266807,39.976764]}},{"type":"Feature","properties":{"ProjectedLong":-8378194.308,"ProjectedLat":4862200.774,"PSA_NUM2025":191,"DIST_NUM2025":19,"TRACTCEN":9802,"BLKGRPCEN":1,"CenPOP2020":1848,"UniqueID":980200010},"geometry":{"type":"Point","coordinates":[-75.2626,39.974248]}},{"type":"Feature","properties":{"ProjectedLong":-8378710.608,"ProjectedLat":4862063.648,"PSA_NUM2025":191,"DIST_NUM2025":19,"TRACTCEN":9802,"BLKGRPCEN":2,"CenPOP2020":1968,"UniqueID":980200020},"geometry":{"type":"Point","coordinates":[-75.267238,39.973304]}},{"type":"Feature","properties":{"ProjectedLong":-8379102.118,"ProjectedLat":4862419.833,"PSA_NUM2025":191,"DIST_NUM2025":19,"TRACTCEN":9802,"BLKGRPCEN":3,"CenPOP2020":1679,"UniqueID":980200030},"geometry":{"type":"Point","coordinates":[-75.270755,39.975756]}},{"type":"Feature","properties":{"ProjectedLong":-8376635.946,"ProjectedLat":4861238.893,"PSA_NUM2025":191,"DIST_NUM2025":19,"TRACTCEN":10000,"BLKGRPCEN":1,"CenPOP2020":1389,"UniqueID":1000000010},"geometry":{"type":"Point","coordinates":[-75.248601,39.967626]}},{"type":"Feature","properties":{"ProjectedLong":-8376614.573,"ProjectedLat":4861675.955,"PSA_NUM2025":191,"DIST_NUM2025":19,"TRACTCEN":10000,"BLKGRPCEN":2,"CenPOP2020":711,"UniqueID":1000000020},"geometry":{"type":"Point","coordinates":[-75.248409,39.970635]}},{"type":"Feature","properties":{"ProjectedLong":-8376619.026,"ProjectedLat":4862124.221,"PSA_NUM2025":191,"DIST_NUM2025":19,"TRACTCEN":10000,"BLKGRPCEN":3,"CenPOP2020":679,"UniqueID":1000000030},"geometry":{"type":"Point","coordinates":[-75.248449,39.973721]}},{"type":"Feature","properties":{"ProjectedLong":-8376997.067,"ProjectedLat":4861947.44,"PSA_NUM2025":191,"DIST_NUM2025":19,"TRACTCEN":10000,"BLKGRPCEN":4,"CenPOP2020":1618,"UniqueID":1000000040},"geometry":{"type":"Point","coordinates":[-75.251845,39.972504]}},{"type":"Feature","properties":{"ProjectedLong":-8375618.486,"ProjectedLat":4862221.111,"PSA_NUM2025":192,"DIST_NUM2025":19,"TRACTCEN":10100,"BLKGRPCEN":1,"CenPOP2020":845,"UniqueID":1010000010},"geometry":{"type":"Point","coordinates":[-75.239461,39.974388]}},{"type":"Feature","properties":{"ProjectedLong":-8375583.532,"ProjectedLat":4861809.59,"PSA_NUM2025":192,"DIST_NUM2025":19,"TRACTCEN":10100,"BLKGRPCEN":2,"CenPOP2020":813,"UniqueID":1010000020},"geometry":{"type":"Point","coordinates":[-75.239147,39.971555]}},{"type":"Feature","properties":{"ProjectedLong":-8375900.57,"ProjectedLat":4862172.594,"PSA_NUM2025":192,"DIST_NUM2025":19,"TRACTCEN":10100,"BLKGRPCEN":3,"CenPOP2020":701,"UniqueID":1010000030},"geometry":{"type":"Point","coordinates":[-75.241995,39.974054]}},{"type":"Feature","properties":{"ProjectedLong":-8375872.628,"ProjectedLat":4861525.327,"PSA_NUM2025":192,"DIST_NUM2025":19,"TRACTCEN":10100,"BLKGRPCEN":4,"CenPOP2020":922,"UniqueID":1010000040},"geometry":{"type":"Point","coordinates":[-75.241744,39.969598]}},{"type":"Feature","properties":{"ProjectedLong":-8376317.239,"ProjectedLat":4861661.429,"PSA_NUM2025":191,"DIST_NUM2025":19,"TRACTCEN":10100,"BLKGRPCEN":5,"CenPOP2020":676,"UniqueID":1010000050},"geometry":{"type":"Point","coordinates":[-75.245738,39.970535]}},{"type":"Feature","properties":{"ProjectedLong":-8376302.322,"ProjectedLat":4862174.337,"PSA_NUM2025":191,"DIST_NUM2025":19,"TRACTCEN":10100,"BLKGRPCEN":6,"CenPOP2020":971,"UniqueID":1010000060},"geometry":{"type":"Point","coordinates":[-75.245604,39.974066]}},{"type":"Feature","properties":{"ProjectedLong":-8376069.553,"ProjectedLat":4861972.279,"PSA_NUM2025":192,"DIST_NUM2025":19,"TRACTCEN":10100,"BLKGRPCEN":7,"CenPOP2020":712,"UniqueID":1010000070},"geometry":{"type":"Point","coordinates":[-75.243513,39.972675]}},{"type":"Feature","properties":{"ProjectedLong":-8375021.925,"ProjectedLat":4861522.276,"PSA_NUM2025":192,"DIST_NUM2025":19,"TRACTCEN":10200,"BLKGRPCEN":1,"CenPOP2020":766,"UniqueID":1020000010},"geometry":{"type":"Point","coordinates":[-75.234102,39.969577]}},{"type":"Feature","properties":{"ProjectedLong":-8374627.743,"ProjectedLat":4861138.817,"PSA_NUM2025":192,"DIST_NUM2025":19,"TRACTCEN":10200,"BLKGRPCEN":2,"CenPOP2020":1040,"UniqueID":1020000020},"geometry":{"type":"Point","coordinates":[-75.230561,39.966937]}},{"type":"Feature","properties":{"ProjectedLong":-8374638.429,"ProjectedLat":4861482.768,"PSA_NUM2025":192,"DIST_NUM2025":19,"TRACTCEN":10200,"BLKGRPCEN":3,"CenPOP2020":1341,"UniqueID":1020000030},"geometry":{"type":"Point","coordinates":[-75.230657,39.969305]}},{"type":"Feature","properties":{"ProjectedLong":-8374079.16,"ProjectedLat":4861399.103,"PSA_NUM2025":192,"DIST_NUM2025":19,"TRACTCEN":10300,"BLKGRPCEN":1,"CenPOP2020":1329,"UniqueID":1030000010},"geometry":{"type":"Point","coordinates":[-75.225633,39.968729]}},{"type":"Feature","properties":{"ProjectedLong":-8374021.608,"ProjectedLat":4861053.993,"PSA_NUM2025":192,"DIST_NUM2025":19,"TRACTCEN":10300,"BLKGRPCEN":2,"CenPOP2020":1243,"UniqueID":1030000020},"geometry":{"type":"Point","coordinates":[-75.225116,39.966353]}},{"type":"Feature","properties":{"ProjectedLong":-8373665.942,"ProjectedLat":4862960.236,"PSA_NUM2025":193,"DIST_NUM2025":19,"TRACTCEN":11100,"BLKGRPCEN":1,"CenPOP2020":516,"UniqueID":1110000010},"geometry":{"type":"Point","coordinates":[-75.221921,39.979476]}},{"type":"Feature","properties":{"ProjectedLong":-8374344.768,"ProjectedLat":4862267.45,"PSA_NUM2025":192,"DIST_NUM2025":19,"TRACTCEN":11100,"BLKGRPCEN":2,"CenPOP2020":1034,"UniqueID":1110000020},"geometry":{"type":"Point","coordinates":[-75.228019,39.974707]}},{"type":"Feature","properties":{"ProjectedLong":-8373875.779,"ProjectedLat":4862190.606,"PSA_NUM2025":192,"DIST_NUM2025":19,"TRACTCEN":11100,"BLKGRPCEN":3,"CenPOP2020":754,"UniqueID":1110000030},"geometry":{"type":"Point","coordinates":[-75.223806,39.974178]}},{"type":"Feature","properties":{"ProjectedLong":-8373965.614,"ProjectedLat":4861904.008,"PSA_NUM2025":192,"DIST_NUM2025":19,"TRACTCEN":11100,"BLKGRPCEN":4,"CenPOP2020":1233,"UniqueID":1110000040},"geometry":{"type":"Point","coordinates":[-75.224613,39.972205]}},{"type":"Feature","properties":{"ProjectedLong":-8374616.499,"ProjectedLat":4862330.059,"PSA_NUM2025":192,"DIST_NUM2025":19,"TRACTCEN":11200,"BLKGRPCEN":1,"CenPOP2020":644,"UniqueID":1120000010},"geometry":{"type":"Point","coordinates":[-75.23046,39.975138]}},{"type":"Feature","properties":{"ProjectedLong":-8374628.856,"ProjectedLat":4861914.611,"PSA_NUM2025":192,"DIST_NUM2025":19,"TRACTCEN":11200,"BLKGRPCEN":2,"CenPOP2020":779,"UniqueID":1120000020},"geometry":{"type":"Point","coordinates":[-75.230571,39.972278]}},{"type":"Feature","properties":{"ProjectedLong":-8374917.396,"ProjectedLat":4861883.381,"PSA_NUM2025":192,"DIST_NUM2025":19,"TRACTCEN":11200,"BLKGRPCEN":3,"CenPOP2020":829,"UniqueID":1120000030},"geometry":{"type":"Point","coordinates":[-75.233163,39.972063]}},{"type":"Feature","properties":{"ProjectedLong":-8375233.655,"ProjectedLat":4861884.107,"PSA_NUM2025":192,"DIST_NUM2025":19,"TRACTCEN":11200,"BLKGRPCEN":4,"CenPOP2020":933,"UniqueID":1120000040},"geometry":{"type":"Point","coordinates":[-75.236004,39.972068]}},{"type":"Feature","properties":{"ProjectedLong":-8375360.893,"ProjectedLat":4862252.198,"PSA_NUM2025":192,"DIST_NUM2025":19,"TRACTCEN":11200,"BLKGRPCEN":5,"CenPOP2020":792,"UniqueID":1120000050},"geometry":{"type":"Point","coordinates":[-75.237147,39.974602]}},{"type":"Feature","properties":{"ProjectedLong":-8375101.296,"ProjectedLat":4862319.455,"PSA_NUM2025":192,"DIST_NUM2025":19,"TRACTCEN":11200,"BLKGRPCEN":6,"CenPOP2020":782,"UniqueID":1120000060},"geometry":{"type":"Point","coordinates":[-75.234815,39.975065]}},{"type":"Feature","properties":{"ProjectedLong":-8374849.268,"ProjectedLat":4862304.202,"PSA_NUM2025":192,"DIST_NUM2025":19,"TRACTCEN":11200,"BLKGRPCEN":7,"CenPOP2020":839,"UniqueID":1120000070},"geometry":{"type":"Point","coordinates":[-75.232551,39.97496]}},{"type":"Feature","properties":{"ProjectedLong":-8375356.217,"ProjectedLat":4862936.12,"PSA_NUM2025":193,"DIST_NUM2025":19,"TRACTCEN":11300,"BLKGRPCEN":1,"CenPOP2020":1042,"UniqueID":1130000010},"geometry":{"type":"Point","coordinates":[-75.237105,39.97931]}},{"type":"Feature","properties":{"ProjectedLong":-8374831.569,"ProjectedLat":4862777.193,"PSA_NUM2025":193,"DIST_NUM2025":19,"TRACTCEN":11300,"BLKGRPCEN":2,"CenPOP2020":809,"UniqueID":1130000020},"geometry":{"type":"Point","coordinates":[-75.232392,39.978216]}},{"type":"Feature","properties":{"ProjectedLong":-8375253.803,"ProjectedLat":4862642.092,"PSA_NUM2025":193,"DIST_NUM2025":19,"TRACTCEN":11300,"BLKGRPCEN":3,"CenPOP2020":983,"UniqueID":1130000030},"geometry":{"type":"Point","coordinates":[-75.236185,39.977286]}},{"type":"Feature","properties":{"ProjectedLong":-8376508.708,"ProjectedLat":4862812.203,"PSA_NUM2025":191,"DIST_NUM2025":19,"TRACTCEN":11400,"BLKGRPCEN":1,"CenPOP2020":1213,"UniqueID":1140000010},"geometry":{"type":"Point","coordinates":[-75.247458,39.978457]}},{"type":"Feature","properties":{"ProjectedLong":-8375782.794,"ProjectedLat":4863046.093,"PSA_NUM2025":191,"DIST_NUM2025":19,"TRACTCEN":11400,"BLKGRPCEN":2,"CenPOP2020":772,"UniqueID":1140000020},"geometry":{"type":"Point","coordinates":[-75.240937,39.980067]}},{"type":"Feature","properties":{"ProjectedLong":-8375688.729,"ProjectedLat":4862669.257,"PSA_NUM2025":191,"DIST_NUM2025":19,"TRACTCEN":11400,"BLKGRPCEN":3,"CenPOP2020":846,"UniqueID":1140000030},"geometry":{"type":"Point","coordinates":[-75.240092,39.977473]}},{"type":"Feature","properties":{"ProjectedLong":-8375960.014,"ProjectedLat":4862619.575,"PSA_NUM2025":191,"DIST_NUM2025":19,"TRACTCEN":11400,"BLKGRPCEN":4,"CenPOP2020":898,"UniqueID":1140000040},"geometry":{"type":"Point","coordinates":[-75.242529,39.977131]}},{"type":"Feature","properties":{"ProjectedLong":-8376180.316,"ProjectedLat":4862815.399,"PSA_NUM2025":191,"DIST_NUM2025":19,"TRACTCEN":11400,"BLKGRPCEN":5,"CenPOP2020":1603,"UniqueID":1140000050},"geometry":{"type":"Point","coordinates":[-75.244508,39.978479]}},{"type":"Feature","properties":{"ProjectedLong":-8376131.446,"ProjectedLat":4863376.744,"PSA_NUM2025":191,"DIST_NUM2025":19,"TRACTCEN":11400,"BLKGRPCEN":6,"CenPOP2020":988,"UniqueID":1140000060},"geometry":{"type":"Point","coordinates":[-75.244069,39.982343]}},{"type":"Feature","properties":{"ProjectedLong":-8376905.005,"ProjectedLat":4862992.777,"PSA_NUM2025":191,"DIST_NUM2025":19,"TRACTCEN":11500,"BLKGRPCEN":1,"CenPOP2020":858,"UniqueID":1150000010},"geometry":{"type":"Point","coordinates":[-75.251018,39.9797]}},{"type":"Feature","properties":{"ProjectedLong":-8377174.287,"ProjectedLat":4862733.176,"PSA_NUM2025":191,"DIST_NUM2025":19,"TRACTCEN":11500,"BLKGRPCEN":2,"CenPOP2020":1174,"UniqueID":1150000020},"geometry":{"type":"Point","coordinates":[-75.253437,39.977913]}},{"type":"Feature","properties":{"ProjectedLong":-8376786.673,"ProjectedLat":4862533.141,"PSA_NUM2025":191,"DIST_NUM2025":19,"TRACTCEN":11500,"BLKGRPCEN":3,"CenPOP2020":1127,"UniqueID":1150000030},"geometry":{"type":"Point","coordinates":[-75.249955,39.976536]}},{"type":"Feature","properties":{"ProjectedLong":-8377213.36,"ProjectedLat":4862386.131,"PSA_NUM2025":191,"DIST_NUM2025":19,"TRACTCEN":11500,"BLKGRPCEN":4,"CenPOP2020":945,"UniqueID":1150000040},"geometry":{"type":"Point","coordinates":[-75.253788,39.975524]}},{"type":"Feature","properties":{"ProjectedLong":-8375515.627,"ProjectedLat":4865091.338,"PSA_NUM2025":193,"DIST_NUM2025":19,"TRACTCEN":11700,"BLKGRPCEN":1,"CenPOP2020":999,"UniqueID":1170000010},"geometry":{"type":"Point","coordinates":[-75.238537,39.994144]}},{"type":"Feature","properties":{"ProjectedLong":-8375607.243,"ProjectedLat":4864621.579,"PSA_NUM2025":193,"DIST_NUM2025":19,"TRACTCEN":11700,"BLKGRPCEN":2,"CenPOP2020":894,"UniqueID":1170000020},"geometry":{"type":"Point","coordinates":[-75.23936,39.990911]}},{"type":"Feature","properties":{"ProjectedLong":-8375192.912,"ProjectedLat":4864451.291,"PSA_NUM2025":193,"DIST_NUM2025":19,"TRACTCEN":11800,"BLKGRPCEN":1,"CenPOP2020":736,"UniqueID":1180000010},"geometry":{"type":"Point","coordinates":[-75.235638,39.989739]}},{"type":"Feature","properties":{"ProjectedLong":-8375122.224,"ProjectedLat":4864085.88,"PSA_NUM2025":193,"DIST_NUM2025":19,"TRACTCEN":11800,"BLKGRPCEN":2,"CenPOP2020":1039,"UniqueID":1180000020},"geometry":{"type":"Point","coordinates":[-75.235003,39.987224]}},{"type":"Feature","properties":{"ProjectedLong":-8374883.555,"ProjectedLat":4863720.482,"PSA_NUM2025":193,"DIST_NUM2025":19,"TRACTCEN":11800,"BLKGRPCEN":3,"CenPOP2020":1138,"UniqueID":1180000030},"geometry":{"type":"Point","coordinates":[-75.232859,39.984709]}},{"type":"Feature","properties":{"ProjectedLong":-8375295.994,"ProjectedLat":4863795.885,"PSA_NUM2025":193,"DIST_NUM2025":19,"TRACTCEN":11800,"BLKGRPCEN":4,"CenPOP2020":574,"UniqueID":1180000040},"geometry":{"type":"Point","coordinates":[-75.236564,39.985228]}},{"type":"Feature","properties":{"ProjectedLong":-8375815.522,"ProjectedLat":4864005.97,"PSA_NUM2025":191,"DIST_NUM2025":19,"TRACTCEN":11800,"BLKGRPCEN":5,"CenPOP2020":1324,"UniqueID":1180000050},"geometry":{"type":"Point","coordinates":[-75.241231,39.986674]}},{"type":"Feature","properties":{"ProjectedLong":-8375502.936,"ProjectedLat":4864210.249,"PSA_NUM2025":193,"DIST_NUM2025":19,"TRACTCEN":11800,"BLKGRPCEN":6,"CenPOP2020":680,"UniqueID":1180000060},"geometry":{"type":"Point","coordinates":[-75.238423,39.98808]}},{"type":"Feature","properties":{"ProjectedLong":-8374609.375,"ProjectedLat":4863770.46,"PSA_NUM2025":193,"DIST_NUM2025":19,"TRACTCEN":11900,"BLKGRPCEN":1,"CenPOP2020":1291,"UniqueID":1190000010},"geometry":{"type":"Point","coordinates":[-75.230396,39.985053]}},{"type":"Feature","properties":{"ProjectedLong":-8374365.919,"ProjectedLat":4863881.023,"PSA_NUM2025":193,"DIST_NUM2025":19,"TRACTCEN":11900,"BLKGRPCEN":2,"CenPOP2020":1685,"UniqueID":1190000020},"geometry":{"type":"Point","coordinates":[-75.228209,39.985814]}},{"type":"Feature","properties":{"ProjectedLong":-8374182.465,"ProjectedLat":4863106.963,"PSA_NUM2025":193,"DIST_NUM2025":19,"TRACTCEN":11900,"BLKGRPCEN":3,"CenPOP2020":916,"UniqueID":1190000030},"geometry":{"type":"Point","coordinates":[-75.226561,39.980486]}},{"type":"Feature","properties":{"ProjectedLong":-8374323.172,"ProjectedLat":4864567.092,"PSA_NUM2025":193,"DIST_NUM2025":19,"TRACTCEN":11900,"BLKGRPCEN":4,"CenPOP2020":548,"UniqueID":1190000040},"geometry":{"type":"Point","coordinates":[-75.227825,39.990536]}},{"type":"Feature","properties":{"ProjectedLong":-8374471.45,"ProjectedLat":4864357.285,"PSA_NUM2025":193,"DIST_NUM2025":19,"TRACTCEN":11900,"BLKGRPCEN":5,"CenPOP2020":576,"UniqueID":1190000050},"geometry":{"type":"Point","coordinates":[-75.229157,39.989092]}},{"type":"Feature","properties":{"ProjectedLong":-8374567.296,"ProjectedLat":4865367.421,"PSA_NUM2025":193,"DIST_NUM2025":19,"TRACTCEN":12000,"BLKGRPCEN":1,"CenPOP2020":1943,"UniqueID":1200000010},"geometry":{"type":"Point","coordinates":[-75.230018,39.996044]}},{"type":"Feature","properties":{"ProjectedLong":-8373782.048,"ProjectedLat":4865101.655,"PSA_NUM2025":193,"DIST_NUM2025":19,"TRACTCEN":12100,"BLKGRPCEN":1,"CenPOP2020":1610,"UniqueID":1210000010},"geometry":{"type":"Point","coordinates":[-75.222964,39.994215]}},{"type":"Feature","properties":{"ProjectedLong":-8373663.159,"ProjectedLat":4866141.657,"PSA_NUM2025":193,"DIST_NUM2025":19,"TRACTCEN":12100,"BLKGRPCEN":2,"CenPOP2020":1207,"UniqueID":1210000020},"geometry":{"type":"Point","coordinates":[-75.221896,40.001372]}},{"type":"Feature","properties":{"ProjectedLong":-8372425.064,"ProjectedLat":4866565.42,"PSA_NUM2025":193,"DIST_NUM2025":19,"TRACTCEN":12201,"BLKGRPCEN":1,"CenPOP2020":1237,"UniqueID":1220100010},"geometry":{"type":"Point","coordinates":[-75.210774,40.004288]}},{"type":"Feature","properties":{"ProjectedLong":-8371975.333,"ProjectedLat":4866608,"PSA_NUM2025":193,"DIST_NUM2025":19,"TRACTCEN":12201,"BLKGRPCEN":2,"CenPOP2020":759,"UniqueID":1220100020},"geometry":{"type":"Point","coordinates":[-75.206734,40.004581]}},{"type":"Feature","properties":{"ProjectedLong":-8371721.859,"ProjectedLat":4866546.818,"PSA_NUM2025":193,"DIST_NUM2025":19,"TRACTCEN":12201,"BLKGRPCEN":3,"CenPOP2020":897,"UniqueID":1220100030},"geometry":{"type":"Point","coordinates":[-75.204457,40.00416]}},{"type":"Feature","properties":{"ProjectedLong":-8372092.33,"ProjectedLat":4867097.764,"PSA_NUM2025":193,"DIST_NUM2025":19,"TRACTCEN":12203,"BLKGRPCEN":1,"CenPOP2020":658,"UniqueID":1220300010},"geometry":{"type":"Point","coordinates":[-75.207785,40.007951]}},{"type":"Feature","properties":{"ProjectedLong":-8373081.96,"ProjectedLat":4866357.605,"PSA_NUM2025":193,"DIST_NUM2025":19,"TRACTCEN":12204,"BLKGRPCEN":1,"CenPOP2020":33,"UniqueID":1220400010},"geometry":{"type":"Point","coordinates":[-75.216675,40.002858]}},{"type":"Feature","properties":{"ProjectedLong":-8372518.684,"ProjectedLat":4865748.719,"PSA_NUM2025":193,"DIST_NUM2025":19,"TRACTCEN":12204,"BLKGRPCEN":2,"CenPOP2020":1347,"UniqueID":1220400020},"geometry":{"type":"Point","coordinates":[-75.211615,39.998668]}},{"type":"Feature","properties":{"ProjectedLong":-8372356.936,"ProjectedLat":4866078.879,"PSA_NUM2025":193,"DIST_NUM2025":19,"TRACTCEN":12204,"BLKGRPCEN":3,"CenPOP2020":935,"UniqueID":1220400030},"geometry":{"type":"Point","coordinates":[-75.210162,40.00094]}},{"type":"Feature","properties":{"ProjectedLong":-8371640.707,"ProjectedLat":4866314.735,"PSA_NUM2025":193,"DIST_NUM2025":19,"TRACTCEN":12204,"BLKGRPCEN":4,"CenPOP2020":1379,"UniqueID":1220400040},"geometry":{"type":"Point","coordinates":[-75.203728,40.002563]}},{"type":"Feature","properties":{"ProjectedLong":-8377356.183,"ProjectedLat":4863402.313,"PSA_NUM2025":191,"DIST_NUM2025":19,"TRACTCEN":37500,"BLKGRPCEN":1,"CenPOP2020":2160,"UniqueID":3750000010},"geometry":{"type":"Point","coordinates":[-75.255071,39.982519]}},{"type":"Feature","properties":{"ProjectedLong":-8376637.171,"ProjectedLat":4864301.347,"PSA_NUM2025":191,"DIST_NUM2025":19,"TRACTCEN":37500,"BLKGRPCEN":2,"CenPOP2020":1914,"UniqueID":3750000020},"geometry":{"type":"Point","coordinates":[-75.248612,39.988707]}},{"type":"Feature","properties":{"ProjectedLong":-8378943.822,"ProjectedLat":4862434.359,"PSA_NUM2025":191,"DIST_NUM2025":19,"TRACTCEN":980800,"BLKGRPCEN":1,"CenPOP2020":13,"UniqueID":98080000010},"geometry":{"type":"Point","coordinates":[-75.269333,39.975856]}},{"type":"Feature","properties":{"ProjectedLong":-8369620.147,"ProjectedLat":4862917.235,"PSA_NUM2025":224,"DIST_NUM2025":22,"TRACTCEN":13701,"BLKGRPCEN":1,"CenPOP2020":729,"UniqueID":1370100010},"geometry":{"type":"Point","coordinates":[-75.185577,39.97918]}},{"type":"Feature","properties":{"ProjectedLong":-8369681.15,"ProjectedLat":4862490.432,"PSA_NUM2025":224,"DIST_NUM2025":22,"TRACTCEN":13701,"BLKGRPCEN":2,"CenPOP2020":1393,"UniqueID":1370100020},"geometry":{"type":"Point","coordinates":[-75.186125,39.976242]}},{"type":"Feature","properties":{"ProjectedLong":-8369362.219,"ProjectedLat":4862520.357,"PSA_NUM2025":224,"DIST_NUM2025":22,"TRACTCEN":13702,"BLKGRPCEN":1,"CenPOP2020":730,"UniqueID":1370200010},"geometry":{"type":"Point","coordinates":[-75.18326,39.976448]}},{"type":"Feature","properties":{"ProjectedLong":-8369104.292,"ProjectedLat":4862505.104,"PSA_NUM2025":224,"DIST_NUM2025":22,"TRACTCEN":13702,"BLKGRPCEN":2,"CenPOP2020":1332,"UniqueID":1370200020},"geometry":{"type":"Point","coordinates":[-75.180943,39.976343]}},{"type":"Feature","properties":{"ProjectedLong":-8369304.445,"ProjectedLat":4862898.785,"PSA_NUM2025":224,"DIST_NUM2025":22,"TRACTCEN":13702,"BLKGRPCEN":3,"CenPOP2020":967,"UniqueID":1370200030},"geometry":{"type":"Point","coordinates":[-75.182741,39.979053]}},{"type":"Feature","properties":{"ProjectedLong":-8369402.406,"ProjectedLat":4862201.791,"PSA_NUM2025":224,"DIST_NUM2025":22,"TRACTCEN":13702,"BLKGRPCEN":4,"CenPOP2020":884,"UniqueID":1370200040},"geometry":{"type":"Point","coordinates":[-75.183621,39.974255]}},{"type":"Feature","properties":{"ProjectedLong":-8368579.421,"ProjectedLat":4862744.507,"PSA_NUM2025":224,"DIST_NUM2025":22,"TRACTCEN":13800,"BLKGRPCEN":1,"CenPOP2020":601,"UniqueID":1380000010},"geometry":{"type":"Point","coordinates":[-75.176228,39.977991]}},{"type":"Feature","properties":{"ProjectedLong":-8368733.042,"ProjectedLat":4862336.16,"PSA_NUM2025":224,"DIST_NUM2025":22,"TRACTCEN":13800,"BLKGRPCEN":2,"CenPOP2020":1525,"UniqueID":1380000020},"geometry":{"type":"Point","coordinates":[-75.177608,39.97518]}},{"type":"Feature","properties":{"ProjectedLong":-8368221.195,"ProjectedLat":4862718.504,"PSA_NUM2025":224,"DIST_NUM2025":22,"TRACTCEN":13900,"BLKGRPCEN":1,"CenPOP2020":467,"UniqueID":1390000010},"geometry":{"type":"Point","coordinates":[-75.17301,39.977812]}},{"type":"Feature","properties":{"ProjectedLong":-8367849.499,"ProjectedLat":4862526.313,"PSA_NUM2025":223,"DIST_NUM2025":22,"TRACTCEN":13900,"BLKGRPCEN":2,"CenPOP2020":1203,"UniqueID":1390000020},"geometry":{"type":"Point","coordinates":[-75.169671,39.976489]}},{"type":"Feature","properties":{"ProjectedLong":-8367905.27,"ProjectedLat":4861903.281,"PSA_NUM2025":223,"DIST_NUM2025":22,"TRACTCEN":13900,"BLKGRPCEN":3,"CenPOP2020":850,"UniqueID":1390000030},"geometry":{"type":"Point","coordinates":[-75.170172,39.9722]}},{"type":"Feature","properties":{"ProjectedLong":-8367225.998,"ProjectedLat":4861928.992,"PSA_NUM2025":223,"DIST_NUM2025":22,"TRACTCEN":14000,"BLKGRPCEN":1,"CenPOP2020":2253,"UniqueID":1400000010},"geometry":{"type":"Point","coordinates":[-75.16407,39.972377]}},{"type":"Feature","properties":{"ProjectedLong":-8367172.008,"ProjectedLat":4862327.154,"PSA_NUM2025":223,"DIST_NUM2025":22,"TRACTCEN":14000,"BLKGRPCEN":2,"CenPOP2020":887,"UniqueID":1400000020},"geometry":{"type":"Point","coordinates":[-75.163585,39.975118]}},{"type":"Feature","properties":{"ProjectedLong":-8366798.198,"ProjectedLat":4862196.707,"PSA_NUM2025":223,"DIST_NUM2025":22,"TRACTCEN":14000,"BLKGRPCEN":3,"CenPOP2020":2316,"UniqueID":1400000030},"geometry":{"type":"Point","coordinates":[-75.160227,39.97422]}},{"type":"Feature","properties":{"ProjectedLong":-8366282.232,"ProjectedLat":4861731.152,"PSA_NUM2025":223,"DIST_NUM2025":22,"TRACTCEN":14100,"BLKGRPCEN":2,"CenPOP2020":928,"UniqueID":1410000020},"geometry":{"type":"Point","coordinates":[-75.155592,39.971015]}},{"type":"Feature","properties":{"ProjectedLong":-8366011.057,"ProjectedLat":4862581.224,"PSA_NUM2025":223,"DIST_NUM2025":22,"TRACTCEN":14600,"BLKGRPCEN":1,"CenPOP2020":2705,"UniqueID":1460000010},"geometry":{"type":"Point","coordinates":[-75.153156,39.976867]}},{"type":"Feature","properties":{"ProjectedLong":-8366363.829,"ProjectedLat":4862658.943,"PSA_NUM2025":223,"DIST_NUM2025":22,"TRACTCEN":14600,"BLKGRPCEN":2,"CenPOP2020":4772,"UniqueID":1460000020},"geometry":{"type":"Point","coordinates":[-75.156325,39.977402]}},{"type":"Feature","properties":{"ProjectedLong":-8367220.878,"ProjectedLat":4862748.574,"PSA_NUM2025":223,"DIST_NUM2025":22,"TRACTCEN":14700,"BLKGRPCEN":1,"CenPOP2020":1504,"UniqueID":1470000010},"geometry":{"type":"Point","coordinates":[-75.164024,39.978019]}},{"type":"Feature","properties":{"ProjectedLong":-8366864.655,"ProjectedLat":4862813.946,"PSA_NUM2025":223,"DIST_NUM2025":22,"TRACTCEN":14700,"BLKGRPCEN":2,"CenPOP2020":3277,"UniqueID":1470000020},"geometry":{"type":"Point","coordinates":[-75.160824,39.978469]}},{"type":"Feature","properties":{"ProjectedLong":-8367751.426,"ProjectedLat":4863077.763,"PSA_NUM2025":223,"DIST_NUM2025":22,"TRACTCEN":14800,"BLKGRPCEN":1,"CenPOP2020":1099,"UniqueID":1480000010},"geometry":{"type":"Point","coordinates":[-75.16879,39.980285]}},{"type":"Feature","properties":{"ProjectedLong":-8368352.106,"ProjectedLat":4863124.542,"PSA_NUM2025":224,"DIST_NUM2025":22,"TRACTCEN":14900,"BLKGRPCEN":1,"CenPOP2020":750,"UniqueID":1490000010},"geometry":{"type":"Point","coordinates":[-75.174186,39.980607]}},{"type":"Feature","properties":{"ProjectedLong":-8368600.683,"ProjectedLat":4863221.441,"PSA_NUM2025":224,"DIST_NUM2025":22,"TRACTCEN":14900,"BLKGRPCEN":2,"CenPOP2020":493,"UniqueID":1490000020},"geometry":{"type":"Point","coordinates":[-75.176419,39.981274]}},{"type":"Feature","properties":{"ProjectedLong":-8368840.799,"ProjectedLat":4863291.32,"PSA_NUM2025":224,"DIST_NUM2025":22,"TRACTCEN":14900,"BLKGRPCEN":3,"CenPOP2020":590,"UniqueID":1490000030},"geometry":{"type":"Point","coordinates":[-75.178576,39.981755]}},{"type":"Feature","properties":{"ProjectedLong":-8369115.09,"ProjectedLat":4863290.739,"PSA_NUM2025":224,"DIST_NUM2025":22,"TRACTCEN":14900,"BLKGRPCEN":4,"CenPOP2020":629,"UniqueID":1490000040},"geometry":{"type":"Point","coordinates":[-75.18104,39.981751]}},{"type":"Feature","properties":{"ProjectedLong":-8369342.071,"ProjectedLat":4863249.48,"PSA_NUM2025":224,"DIST_NUM2025":22,"TRACTCEN":14900,"BLKGRPCEN":5,"CenPOP2020":623,"UniqueID":1490000050},"geometry":{"type":"Point","coordinates":[-75.183079,39.981467]}},{"type":"Feature","properties":{"ProjectedLong":-8369742.932,"ProjectedLat":4863414.517,"PSA_NUM2025":224,"DIST_NUM2025":22,"TRACTCEN":14900,"BLKGRPCEN":6,"CenPOP2020":680,"UniqueID":1490000060},"geometry":{"type":"Point","coordinates":[-75.18668,39.982603]}},{"type":"Feature","properties":{"ProjectedLong":-8369681.038,"ProjectedLat":4863833.369,"PSA_NUM2025":222,"DIST_NUM2025":22,"TRACTCEN":15101,"BLKGRPCEN":1,"CenPOP2020":1057,"UniqueID":1510100010},"geometry":{"type":"Point","coordinates":[-75.186124,39.985486]}},{"type":"Feature","properties":{"ProjectedLong":-8369599.219,"ProjectedLat":4864248.897,"PSA_NUM2025":222,"DIST_NUM2025":22,"TRACTCEN":15101,"BLKGRPCEN":2,"CenPOP2020":1160,"UniqueID":1510100020},"geometry":{"type":"Point","coordinates":[-75.185389,39.988346]}},{"type":"Feature","properties":{"ProjectedLong":-8369280.622,"ProjectedLat":4864072.804,"PSA_NUM2025":222,"DIST_NUM2025":22,"TRACTCEN":15102,"BLKGRPCEN":1,"CenPOP2020":1488,"UniqueID":1510200010},"geometry":{"type":"Point","coordinates":[-75.182527,39.987134]}},{"type":"Feature","properties":{"ProjectedLong":-8368880.651,"ProjectedLat":4864202.112,"PSA_NUM2025":222,"DIST_NUM2025":22,"TRACTCEN":15102,"BLKGRPCEN":2,"CenPOP2020":731,"UniqueID":1510200020},"geometry":{"type":"Point","coordinates":[-75.178934,39.988024]}},{"type":"Feature","properties":{"ProjectedLong":-8368707.438,"ProjectedLat":4863705.082,"PSA_NUM2025":222,"DIST_NUM2025":22,"TRACTCEN":15102,"BLKGRPCEN":3,"CenPOP2020":1935,"UniqueID":1510200030},"geometry":{"type":"Point","coordinates":[-75.177378,39.984603]}},{"type":"Feature","properties":{"ProjectedLong":-8367550.606,"ProjectedLat":4863695.783,"PSA_NUM2025":221,"DIST_NUM2025":22,"TRACTCEN":15200,"BLKGRPCEN":1,"CenPOP2020":2310,"UniqueID":1520000010},"geometry":{"type":"Point","coordinates":[-75.166986,39.984539]}},{"type":"Feature","properties":{"ProjectedLong":-8368172.214,"ProjectedLat":4863568.806,"PSA_NUM2025":222,"DIST_NUM2025":22,"TRACTCEN":15200,"BLKGRPCEN":2,"CenPOP2020":1315,"UniqueID":1520000020},"geometry":{"type":"Point","coordinates":[-75.17257,39.983665]}},{"type":"Feature","properties":{"ProjectedLong":-8368078.372,"ProjectedLat":4864077.453,"PSA_NUM2025":222,"DIST_NUM2025":22,"TRACTCEN":15200,"BLKGRPCEN":3,"CenPOP2020":1884,"UniqueID":1520000030},"geometry":{"type":"Point","coordinates":[-75.171727,39.987166]}},{"type":"Feature","properties":{"ProjectedLong":-8366522.237,"ProjectedLat":4863505.753,"PSA_NUM2025":221,"DIST_NUM2025":22,"TRACTCEN":15300,"BLKGRPCEN":1,"CenPOP2020":2681,"UniqueID":1530000010},"geometry":{"type":"Point","coordinates":[-75.157748,39.983231]}},{"type":"Feature","properties":{"ProjectedLong":-8366858.199,"ProjectedLat":4863688.81,"PSA_NUM2025":221,"DIST_NUM2025":22,"TRACTCEN":15300,"BLKGRPCEN":2,"CenPOP2020":1114,"UniqueID":1530000020},"geometry":{"type":"Point","coordinates":[-75.160766,39.984491]}},{"type":"Feature","properties":{"ProjectedLong":-8366969.964,"ProjectedLat":4863930.711,"PSA_NUM2025":221,"DIST_NUM2025":22,"TRACTCEN":15300,"BLKGRPCEN":3,"CenPOP2020":1088,"UniqueID":1530000030},"geometry":{"type":"Point","coordinates":[-75.16177,39.986156]}},{"type":"Feature","properties":{"ProjectedLong":-8367114.011,"ProjectedLat":4863421.054,"PSA_NUM2025":221,"DIST_NUM2025":22,"TRACTCEN":15300,"BLKGRPCEN":4,"CenPOP2020":3060,"UniqueID":1530000040},"geometry":{"type":"Point","coordinates":[-75.163064,39.982648]}},{"type":"Feature","properties":{"ProjectedLong":-8365533.052,"ProjectedLat":4864262.554,"PSA_NUM2025":221,"DIST_NUM2025":22,"TRACTCEN":16500,"BLKGRPCEN":1,"CenPOP2020":1365,"UniqueID":1650000010},"geometry":{"type":"Point","coordinates":[-75.148862,39.98844]}},{"type":"Feature","properties":{"ProjectedLong":-8365795.877,"ProjectedLat":4864752.784,"PSA_NUM2025":221,"DIST_NUM2025":22,"TRACTCEN":16500,"BLKGRPCEN":2,"CenPOP2020":1112,"UniqueID":1650000020},"geometry":{"type":"Point","coordinates":[-75.151223,39.991814]}},{"type":"Feature","properties":{"ProjectedLong":-8366002.263,"ProjectedLat":4864232.043,"PSA_NUM2025":221,"DIST_NUM2025":22,"TRACTCEN":16600,"BLKGRPCEN":1,"CenPOP2020":1187,"UniqueID":1660000010},"geometry":{"type":"Point","coordinates":[-75.153077,39.98823]}},{"type":"Feature","properties":{"ProjectedLong":-8366168.797,"ProjectedLat":4864158.089,"PSA_NUM2025":221,"DIST_NUM2025":22,"TRACTCEN":16600,"BLKGRPCEN":2,"CenPOP2020":651,"UniqueID":1660000020},"geometry":{"type":"Point","coordinates":[-75.154573,39.987721]}},{"type":"Feature","properties":{"ProjectedLong":-8366844.061,"ProjectedLat":4864826.306,"PSA_NUM2025":221,"DIST_NUM2025":22,"TRACTCEN":16701,"BLKGRPCEN":1,"CenPOP2020":902,"UniqueID":1670100010},"geometry":{"type":"Point","coordinates":[-75.160639,39.99232]}},{"type":"Feature","properties":{"ProjectedLong":-8367030.855,"ProjectedLat":4864793.177,"PSA_NUM2025":221,"DIST_NUM2025":22,"TRACTCEN":16701,"BLKGRPCEN":2,"CenPOP2020":649,"UniqueID":1670100020},"geometry":{"type":"Point","coordinates":[-75.162317,39.992092]}},{"type":"Feature","properties":{"ProjectedLong":-8367018.165,"ProjectedLat":4864284.057,"PSA_NUM2025":221,"DIST_NUM2025":22,"TRACTCEN":16701,"BLKGRPCEN":3,"CenPOP2020":1282,"UniqueID":1670100030},"geometry":{"type":"Point","coordinates":[-75.162203,39.988588]}},{"type":"Feature","properties":{"ProjectedLong":-8366700.682,"ProjectedLat":4864494.589,"PSA_NUM2025":221,"DIST_NUM2025":22,"TRACTCEN":16702,"BLKGRPCEN":1,"CenPOP2020":600,"UniqueID":1670200010},"geometry":{"type":"Point","coordinates":[-75.159351,39.990037]}},{"type":"Feature","properties":{"ProjectedLong":-8366635.226,"ProjectedLat":4864881.23,"PSA_NUM2025":221,"DIST_NUM2025":22,"TRACTCEN":16702,"BLKGRPCEN":2,"CenPOP2020":715,"UniqueID":1670200020},"geometry":{"type":"Point","coordinates":[-75.158763,39.992698]}},{"type":"Feature","properties":{"ProjectedLong":-8366422.94,"ProjectedLat":4864578.425,"PSA_NUM2025":221,"DIST_NUM2025":22,"TRACTCEN":16702,"BLKGRPCEN":3,"CenPOP2020":862,"UniqueID":1670200030},"geometry":{"type":"Point","coordinates":[-75.156856,39.990614]}},{"type":"Feature","properties":{"ProjectedLong":-8366619.864,"ProjectedLat":4864112.904,"PSA_NUM2025":221,"DIST_NUM2025":22,"TRACTCEN":16702,"BLKGRPCEN":4,"CenPOP2020":731,"UniqueID":1670200040},"geometry":{"type":"Point","coordinates":[-75.158625,39.98741]}},{"type":"Feature","properties":{"ProjectedLong":-8367883.563,"ProjectedLat":4864992.241,"PSA_NUM2025":222,"DIST_NUM2025":22,"TRACTCEN":16800,"BLKGRPCEN":1,"CenPOP2020":1522,"UniqueID":1680000010},"geometry":{"type":"Point","coordinates":[-75.169977,39.993462]}},{"type":"Feature","properties":{"ProjectedLong":-8367501.848,"ProjectedLat":4864350.747,"PSA_NUM2025":221,"DIST_NUM2025":22,"TRACTCEN":16800,"BLKGRPCEN":2,"CenPOP2020":1332,"UniqueID":1680000020},"geometry":{"type":"Point","coordinates":[-75.166548,39.989047]}},{"type":"Feature","properties":{"ProjectedLong":-8367309.154,"ProjectedLat":4864724.014,"PSA_NUM2025":221,"DIST_NUM2025":22,"TRACTCEN":16800,"BLKGRPCEN":3,"CenPOP2020":711,"UniqueID":1680000030},"geometry":{"type":"Point","coordinates":[-75.164817,39.991616]}},{"type":"Feature","properties":{"ProjectedLong":-8368201.046,"ProjectedLat":4865186.223,"PSA_NUM2025":222,"DIST_NUM2025":22,"TRACTCEN":16901,"BLKGRPCEN":1,"CenPOP2020":1051,"UniqueID":1690100010},"geometry":{"type":"Point","coordinates":[-75.172829,39.994797]}},{"type":"Feature","properties":{"ProjectedLong":-8368387.395,"ProjectedLat":4864742.177,"PSA_NUM2025":222,"DIST_NUM2025":22,"TRACTCEN":16901,"BLKGRPCEN":2,"CenPOP2020":819,"UniqueID":1690100020},"geometry":{"type":"Point","coordinates":[-75.174503,39.991741]}},{"type":"Feature","properties":{"ProjectedLong":-8368746.845,"ProjectedLat":4865109.501,"PSA_NUM2025":222,"DIST_NUM2025":22,"TRACTCEN":16901,"BLKGRPCEN":3,"CenPOP2020":1255,"UniqueID":1690100030},"geometry":{"type":"Point","coordinates":[-75.177732,39.994269]}},{"type":"Feature","properties":{"ProjectedLong":-8369085.813,"ProjectedLat":4865329.786,"PSA_NUM2025":222,"DIST_NUM2025":22,"TRACTCEN":16902,"BLKGRPCEN":1,"CenPOP2020":1269,"UniqueID":1690200010},"geometry":{"type":"Point","coordinates":[-75.180777,39.995785]}},{"type":"Feature","properties":{"ProjectedLong":-8369386.71,"ProjectedLat":4864640.322,"PSA_NUM2025":222,"DIST_NUM2025":22,"TRACTCEN":16902,"BLKGRPCEN":2,"CenPOP2020":814,"UniqueID":1690200020},"geometry":{"type":"Point","coordinates":[-75.18348,39.99104]}},{"type":"Feature","properties":{"ProjectedLong":-8369321.142,"ProjectedLat":4864975.821,"PSA_NUM2025":222,"DIST_NUM2025":22,"TRACTCEN":16902,"BLKGRPCEN":3,"CenPOP2020":1617,"UniqueID":1690200030},"geometry":{"type":"Point","coordinates":[-75.182891,39.993349]}},{"type":"Feature","properties":{"ProjectedLong":-8369593.43,"ProjectedLat":4865366.985,"PSA_NUM2025":222,"DIST_NUM2025":22,"TRACTCEN":16902,"BLKGRPCEN":4,"CenPOP2020":1330,"UniqueID":1690200040},"geometry":{"type":"Point","coordinates":[-75.185337,39.996041]}},{"type":"Feature","properties":{"ProjectedLong":-8366219.559,"ProjectedLat":4863537.134,"PSA_NUM2025":221,"DIST_NUM2025":22,"TRACTCEN":37700,"BLKGRPCEN":1,"CenPOP2020":1411,"UniqueID":3770000010},"geometry":{"type":"Point","coordinates":[-75.155029,39.983447]}},{"type":"Feature","properties":{"ProjectedLong":-8365691.125,"ProjectedLat":4863328.657,"PSA_NUM2025":221,"DIST_NUM2025":22,"TRACTCEN":37700,"BLKGRPCEN":3,"CenPOP2020":671,"UniqueID":3770000030},"geometry":{"type":"Point","coordinates":[-75.150282,39.982012]}},{"type":"Feature","properties":{"ProjectedLong":-8370847.11,"ProjectedLat":4863764.213,"PSA_NUM2025":224,"DIST_NUM2025":22,"TRACTCEN":980001,"BLKGRPCEN":1,"CenPOP2020":0,"UniqueID":98000100010},"geometry":{"type":"Point","coordinates":[-75.196599,39.98501]}},{"type":"Feature","properties":{"ProjectedLong":-8363480.431,"ProjectedLat":4864796.228,"PSA_NUM2025":242,"DIST_NUM2025":24,"TRACTCEN":17601,"BLKGRPCEN":3,"CenPOP2020":1331,"UniqueID":1760100030},"geometry":{"type":"Point","coordinates":[-75.130423,39.992113]}},{"type":"Feature","properties":{"ProjectedLong":-8363194.118,"ProjectedLat":4865445.307,"PSA_NUM2025":242,"DIST_NUM2025":24,"TRACTCEN":17602,"BLKGRPCEN":1,"CenPOP2020":1527,"UniqueID":1760200010},"geometry":{"type":"Point","coordinates":[-75.127851,39.99658]}},{"type":"Feature","properties":{"ProjectedLong":-8363135.898,"ProjectedLat":4865091.629,"PSA_NUM2025":242,"DIST_NUM2025":24,"TRACTCEN":17602,"BLKGRPCEN":2,"CenPOP2020":739,"UniqueID":1760200020},"geometry":{"type":"Point","coordinates":[-75.127328,39.994146]}},{"type":"Feature","properties":{"ProjectedLong":-8362103.966,"ProjectedLat":4865335.453,"PSA_NUM2025":242,"DIST_NUM2025":24,"TRACTCEN":17701,"BLKGRPCEN":1,"CenPOP2020":1228,"UniqueID":1770100010},"geometry":{"type":"Point","coordinates":[-75.118058,39.995824]}},{"type":"Feature","properties":{"ProjectedLong":-8361710.006,"ProjectedLat":4865508.081,"PSA_NUM2025":241,"DIST_NUM2025":24,"TRACTCEN":17701,"BLKGRPCEN":2,"CenPOP2020":1112,"UniqueID":1770100020},"geometry":{"type":"Point","coordinates":[-75.114519,39.997012]}},{"type":"Feature","properties":{"ProjectedLong":-8362893.889,"ProjectedLat":4864781.989,"PSA_NUM2025":242,"DIST_NUM2025":24,"TRACTCEN":17702,"BLKGRPCEN":1,"CenPOP2020":786,"UniqueID":1770200010},"geometry":{"type":"Point","coordinates":[-75.125154,39.992015]}},{"type":"Feature","properties":{"ProjectedLong":-8362463.194,"ProjectedLat":4865045.567,"PSA_NUM2025":242,"DIST_NUM2025":24,"TRACTCEN":17702,"BLKGRPCEN":2,"CenPOP2020":1108,"UniqueID":1770200020},"geometry":{"type":"Point","coordinates":[-75.121285,39.993829]}},{"type":"Feature","properties":{"ProjectedLong":-8362717.336,"ProjectedLat":4865183.316,"PSA_NUM2025":242,"DIST_NUM2025":24,"TRACTCEN":17702,"BLKGRPCEN":4,"CenPOP2020":985,"UniqueID":1770200040},"geometry":{"type":"Point","coordinates":[-75.123568,39.994777]}},{"type":"Feature","properties":{"ProjectedLong":-8362571.619,"ProjectedLat":4865566.932,"PSA_NUM2025":242,"DIST_NUM2025":24,"TRACTCEN":17702,"BLKGRPCEN":5,"CenPOP2020":848,"UniqueID":1770200050},"geometry":{"type":"Point","coordinates":[-75.122259,39.997417]}},{"type":"Feature","properties":{"ProjectedLong":-8362106.415,"ProjectedLat":4864397.677,"PSA_NUM2025":242,"DIST_NUM2025":24,"TRACTCEN":17800,"BLKGRPCEN":1,"CenPOP2020":1281,"UniqueID":1780000010},"geometry":{"type":"Point","coordinates":[-75.11808,39.98937]}},{"type":"Feature","properties":{"ProjectedLong":-8361706.444,"ProjectedLat":4865103.689,"PSA_NUM2025":242,"DIST_NUM2025":24,"TRACTCEN":17800,"BLKGRPCEN":2,"CenPOP2020":1470,"UniqueID":1780000020},"geometry":{"type":"Point","coordinates":[-75.114487,39.994229]}},{"type":"Feature","properties":{"ProjectedLong":-8361589.893,"ProjectedLat":4864712.681,"PSA_NUM2025":242,"DIST_NUM2025":24,"TRACTCEN":17800,"BLKGRPCEN":3,"CenPOP2020":1827,"UniqueID":1780000030},"geometry":{"type":"Point","coordinates":[-75.11344,39.991538]}},{"type":"Feature","properties":{"ProjectedLong":-8362320.037,"ProjectedLat":4864642.502,"PSA_NUM2025":242,"DIST_NUM2025":24,"TRACTCEN":17800,"BLKGRPCEN":4,"CenPOP2020":1668,"UniqueID":1780000040},"geometry":{"type":"Point","coordinates":[-75.119999,39.991055]}},{"type":"Feature","properties":{"ProjectedLong":-8361708.893,"ProjectedLat":4863967.905,"PSA_NUM2025":242,"DIST_NUM2025":24,"TRACTCEN":17900,"BLKGRPCEN":1,"CenPOP2020":822,"UniqueID":1790000010},"geometry":{"type":"Point","coordinates":[-75.114509,39.986412]}},{"type":"Feature","properties":{"ProjectedLong":-8361072.146,"ProjectedLat":4864156.782,"PSA_NUM2025":243,"DIST_NUM2025":24,"TRACTCEN":17900,"BLKGRPCEN":2,"CenPOP2020":1689,"UniqueID":1790000020},"geometry":{"type":"Point","coordinates":[-75.108789,39.987712]}},{"type":"Feature","properties":{"ProjectedLong":-8361612.268,"ProjectedLat":4863721.208,"PSA_NUM2025":243,"DIST_NUM2025":24,"TRACTCEN":17900,"BLKGRPCEN":3,"CenPOP2020":835,"UniqueID":1790000030},"geometry":{"type":"Point","coordinates":[-75.113641,39.984714]}},{"type":"Feature","properties":{"ProjectedLong":-8361341.093,"ProjectedLat":4864317.475,"PSA_NUM2025":242,"DIST_NUM2025":24,"TRACTCEN":17900,"BLKGRPCEN":4,"CenPOP2020":1665,"UniqueID":1790000040},"geometry":{"type":"Point","coordinates":[-75.111205,39.988818]}},{"type":"Feature","properties":{"ProjectedLong":-8361901.698,"ProjectedLat":4864115.519,"PSA_NUM2025":242,"DIST_NUM2025":24,"TRACTCEN":17900,"BLKGRPCEN":5,"CenPOP2020":1141,"UniqueID":1790000050},"geometry":{"type":"Point","coordinates":[-75.116241,39.987428]}},{"type":"Feature","properties":{"ProjectedLong":-8361506.514,"ProjectedLat":4862916.654,"PSA_NUM2025":243,"DIST_NUM2025":24,"TRACTCEN":18001,"BLKGRPCEN":1,"CenPOP2020":759,"UniqueID":1800100010},"geometry":{"type":"Point","coordinates":[-75.112691,39.979176]}},{"type":"Feature","properties":{"ProjectedLong":-8361319.609,"ProjectedLat":4863408.706,"PSA_NUM2025":243,"DIST_NUM2025":24,"TRACTCEN":18001,"BLKGRPCEN":2,"CenPOP2020":834,"UniqueID":1800100020},"geometry":{"type":"Point","coordinates":[-75.111012,39.982563]}},{"type":"Feature","properties":{"ProjectedLong":-8361550.931,"ProjectedLat":4863282.167,"PSA_NUM2025":243,"DIST_NUM2025":24,"TRACTCEN":18001,"BLKGRPCEN":3,"CenPOP2020":892,"UniqueID":1800100030},"geometry":{"type":"Point","coordinates":[-75.11309,39.981692]}},{"type":"Feature","properties":{"ProjectedLong":-8360731.953,"ProjectedLat":4863856.905,"PSA_NUM2025":243,"DIST_NUM2025":24,"TRACTCEN":18002,"BLKGRPCEN":1,"CenPOP2020":1455,"UniqueID":1800200010},"geometry":{"type":"Point","coordinates":[-75.105733,39.985648]}},{"type":"Feature","properties":{"ProjectedLong":-8360559.742,"ProjectedLat":4863436.018,"PSA_NUM2025":243,"DIST_NUM2025":24,"TRACTCEN":18002,"BLKGRPCEN":2,"CenPOP2020":1171,"UniqueID":1800200020},"geometry":{"type":"Point","coordinates":[-75.104186,39.982751]}},{"type":"Feature","properties":{"ProjectedLong":-8361024.39,"ProjectedLat":4863651.908,"PSA_NUM2025":243,"DIST_NUM2025":24,"TRACTCEN":18002,"BLKGRPCEN":3,"CenPOP2020":1955,"UniqueID":1800200030},"geometry":{"type":"Point","coordinates":[-75.10836,39.984237]}},{"type":"Feature","properties":{"ProjectedLong":-8360995.446,"ProjectedLat":4863179.166,"PSA_NUM2025":243,"DIST_NUM2025":24,"TRACTCEN":18002,"BLKGRPCEN":4,"CenPOP2020":858,"UniqueID":1800200040},"geometry":{"type":"Point","coordinates":[-75.1081,39.980983]}},{"type":"Feature","properties":{"ProjectedLong":-8360747.093,"ProjectedLat":4865262.945,"PSA_NUM2025":241,"DIST_NUM2025":24,"TRACTCEN":18801,"BLKGRPCEN":1,"CenPOP2020":1000,"UniqueID":1880100010},"geometry":{"type":"Point","coordinates":[-75.105869,39.995325]}},{"type":"Feature","properties":{"ProjectedLong":-8361282.985,"ProjectedLat":4865203.078,"PSA_NUM2025":241,"DIST_NUM2025":24,"TRACTCEN":18801,"BLKGRPCEN":2,"CenPOP2020":898,"UniqueID":1880100020},"geometry":{"type":"Point","coordinates":[-75.110683,39.994913]}},{"type":"Feature","properties":{"ProjectedLong":-8361116.785,"ProjectedLat":4865470.591,"PSA_NUM2025":241,"DIST_NUM2025":24,"TRACTCEN":18801,"BLKGRPCEN":3,"CenPOP2020":855,"UniqueID":1880100030},"geometry":{"type":"Point","coordinates":[-75.10919,39.996754]}},{"type":"Feature","properties":{"ProjectedLong":-8360856.52,"ProjectedLat":4865607.91,"PSA_NUM2025":241,"DIST_NUM2025":24,"TRACTCEN":18801,"BLKGRPCEN":4,"CenPOP2020":1692,"UniqueID":1880100040},"geometry":{"type":"Point","coordinates":[-75.106852,39.997699]}},{"type":"Feature","properties":{"ProjectedLong":-8360119.807,"ProjectedLat":4865805.246,"PSA_NUM2025":241,"DIST_NUM2025":24,"TRACTCEN":18802,"BLKGRPCEN":1,"CenPOP2020":1413,"UniqueID":1880200010},"geometry":{"type":"Point","coordinates":[-75.100234,39.999057]}},{"type":"Feature","properties":{"ProjectedLong":-8360361.816,"ProjectedLat":4865573.762,"PSA_NUM2025":241,"DIST_NUM2025":24,"TRACTCEN":18802,"BLKGRPCEN":2,"CenPOP2020":969,"UniqueID":1880200020},"geometry":{"type":"Point","coordinates":[-75.102408,39.997464]}},{"type":"Feature","properties":{"ProjectedLong":-8360525.122,"ProjectedLat":4865911.182,"PSA_NUM2025":241,"DIST_NUM2025":24,"TRACTCEN":18802,"BLKGRPCEN":3,"CenPOP2020":1188,"UniqueID":1880200030},"geometry":{"type":"Point","coordinates":[-75.103875,39.999786]}},{"type":"Feature","properties":{"ProjectedLong":-8360220.774,"ProjectedLat":4867014.634,"PSA_NUM2025":241,"DIST_NUM2025":24,"TRACTCEN":19000,"BLKGRPCEN":1,"CenPOP2020":1741,"UniqueID":1900000010},"geometry":{"type":"Point","coordinates":[-75.101141,40.007379]}},{"type":"Feature","properties":{"ProjectedLong":-8359980.658,"ProjectedLat":4867533.486,"PSA_NUM2025":241,"DIST_NUM2025":24,"TRACTCEN":19000,"BLKGRPCEN":2,"CenPOP2020":1440,"UniqueID":1900000020},"geometry":{"type":"Point","coordinates":[-75.098984,40.010949]}},{"type":"Feature","properties":{"ProjectedLong":-8359637.237,"ProjectedLat":4867538.718,"PSA_NUM2025":241,"DIST_NUM2025":24,"TRACTCEN":19000,"BLKGRPCEN":3,"CenPOP2020":1604,"UniqueID":1900000030},"geometry":{"type":"Point","coordinates":[-75.095899,40.010985]}},{"type":"Feature","properties":{"ProjectedLong":-8360196.506,"ProjectedLat":4867547.729,"PSA_NUM2025":241,"DIST_NUM2025":24,"TRACTCEN":19000,"BLKGRPCEN":4,"CenPOP2020":1283,"UniqueID":1900000040},"geometry":{"type":"Point","coordinates":[-75.100923,40.011047]}},{"type":"Feature","properties":{"ProjectedLong":-8359977.875,"ProjectedLat":4866847.793,"PSA_NUM2025":241,"DIST_NUM2025":24,"TRACTCEN":19000,"BLKGRPCEN":5,"CenPOP2020":1738,"UniqueID":1900000050},"geometry":{"type":"Point","coordinates":[-75.098959,40.006231]}},{"type":"Feature","properties":{"ProjectedLong":-8360785.832,"ProjectedLat":4867976.639,"PSA_NUM2025":241,"DIST_NUM2025":24,"TRACTCEN":19100,"BLKGRPCEN":1,"CenPOP2020":1608,"UniqueID":1910000010},"geometry":{"type":"Point","coordinates":[-75.106217,40.013998]}},{"type":"Feature","properties":{"ProjectedLong":-8360704.346,"ProjectedLat":4867453.113,"PSA_NUM2025":241,"DIST_NUM2025":24,"TRACTCEN":19100,"BLKGRPCEN":2,"CenPOP2020":853,"UniqueID":1910000020},"geometry":{"type":"Point","coordinates":[-75.105485,40.010396]}},{"type":"Feature","properties":{"ProjectedLong":-8360753.104,"ProjectedLat":4867698.304,"PSA_NUM2025":241,"DIST_NUM2025":24,"TRACTCEN":19100,"BLKGRPCEN":3,"CenPOP2020":1808,"UniqueID":1910000030},"geometry":{"type":"Point","coordinates":[-75.105923,40.012083]}},{"type":"Feature","properties":{"ProjectedLong":-8360894.48,"ProjectedLat":4866877.004,"PSA_NUM2025":241,"DIST_NUM2025":24,"TRACTCEN":19100,"BLKGRPCEN":4,"CenPOP2020":1761,"UniqueID":1910000040},"geometry":{"type":"Point","coordinates":[-75.107193,40.006432]}},{"type":"Feature","properties":{"ProjectedLong":-8360661.043,"ProjectedLat":4867137.731,"PSA_NUM2025":241,"DIST_NUM2025":24,"TRACTCEN":19100,"BLKGRPCEN":5,"CenPOP2020":2207,"UniqueID":1910000050},"geometry":{"type":"Point","coordinates":[-75.105096,40.008226]}},{"type":"Feature","properties":{"ProjectedLong":-8361635.867,"ProjectedLat":4866134.536,"PSA_NUM2025":241,"DIST_NUM2025":24,"TRACTCEN":19200,"BLKGRPCEN":1,"CenPOP2020":1471,"UniqueID":1920000010},"geometry":{"type":"Point","coordinates":[-75.113853,40.001323]}},{"type":"Feature","properties":{"ProjectedLong":-8361683.846,"ProjectedLat":4865852.91,"PSA_NUM2025":241,"DIST_NUM2025":24,"TRACTCEN":19200,"BLKGRPCEN":2,"CenPOP2020":1261,"UniqueID":1920000020},"geometry":{"type":"Point","coordinates":[-75.114284,39.999385]}},{"type":"Feature","properties":{"ProjectedLong":-8361236.676,"ProjectedLat":4865898.103,"PSA_NUM2025":241,"DIST_NUM2025":24,"TRACTCEN":19200,"BLKGRPCEN":4,"CenPOP2020":1723,"UniqueID":1920000040},"geometry":{"type":"Point","coordinates":[-75.110267,39.999696]}},{"type":"Feature","properties":{"ProjectedLong":-8361231.778,"ProjectedLat":4868720.554,"PSA_NUM2025":241,"DIST_NUM2025":24,"TRACTCEN":28902,"BLKGRPCEN":1,"CenPOP2020":1168,"UniqueID":2890200010},"geometry":{"type":"Point","coordinates":[-75.110223,40.019116]}},{"type":"Feature","properties":{"ProjectedLong":-8357815.271,"ProjectedLat":4863432.677,"PSA_NUM2025":243,"DIST_NUM2025":24,"TRACTCEN":37800,"BLKGRPCEN":3,"CenPOP2020":5,"UniqueID":3780000030},"geometry":{"type":"Point","coordinates":[-75.079532,39.982728]}},{"type":"Feature","properties":{"ProjectedLong":-8361089.511,"ProjectedLat":4862379.304,"PSA_NUM2025":243,"DIST_NUM2025":24,"TRACTCEN":37800,"BLKGRPCEN":4,"CenPOP2020":0,"UniqueID":3780000040},"geometry":{"type":"Point","coordinates":[-75.108945,39.975477]}},{"type":"Feature","properties":{"ProjectedLong":-8359736.312,"ProjectedLat":4863746.924,"PSA_NUM2025":243,"DIST_NUM2025":24,"TRACTCEN":37800,"BLKGRPCEN":5,"CenPOP2020":572,"UniqueID":3780000050},"geometry":{"type":"Point","coordinates":[-75.096789,39.984891]}},{"type":"Feature","properties":{"ProjectedLong":-8359795.756,"ProjectedLat":4863077.327,"PSA_NUM2025":243,"DIST_NUM2025":24,"TRACTCEN":37800,"BLKGRPCEN":6,"CenPOP2020":6,"UniqueID":3780000060},"geometry":{"type":"Point","coordinates":[-75.097323,39.980282]}},{"type":"Feature","properties":{"ProjectedLong":-8359017.299,"ProjectedLat":4863813.029,"PSA_NUM2025":243,"DIST_NUM2025":24,"TRACTCEN":37800,"BLKGRPCEN":7,"CenPOP2020":10,"UniqueID":3780000070},"geometry":{"type":"Point","coordinates":[-75.09033,39.985346]}},{"type":"Feature","properties":{"ProjectedLong":-8360394.766,"ProjectedLat":4864037.498,"PSA_NUM2025":243,"DIST_NUM2025":24,"TRACTCEN":37900,"BLKGRPCEN":1,"CenPOP2020":717,"UniqueID":3790000010},"geometry":{"type":"Point","coordinates":[-75.102704,39.986891]}},{"type":"Feature","properties":{"ProjectedLong":-8360040.103,"ProjectedLat":4864178.43,"PSA_NUM2025":243,"DIST_NUM2025":24,"TRACTCEN":37900,"BLKGRPCEN":2,"CenPOP2020":1074,"UniqueID":3790000020},"geometry":{"type":"Point","coordinates":[-75.099518,39.987861]}},{"type":"Feature","properties":{"ProjectedLong":-8359209.659,"ProjectedLat":4864703.382,"PSA_NUM2025":243,"DIST_NUM2025":24,"TRACTCEN":37900,"BLKGRPCEN":3,"CenPOP2020":843,"UniqueID":3790000030},"geometry":{"type":"Point","coordinates":[-75.092058,39.991474]}},{"type":"Feature","properties":{"ProjectedLong":-8360212.648,"ProjectedLat":4863746.343,"PSA_NUM2025":243,"DIST_NUM2025":24,"TRACTCEN":37900,"BLKGRPCEN":4,"CenPOP2020":753,"UniqueID":3790000040},"geometry":{"type":"Point","coordinates":[-75.101068,39.984887]}},{"type":"Feature","properties":{"ProjectedLong":-8359830.377,"ProjectedLat":4863980.545,"PSA_NUM2025":243,"DIST_NUM2025":24,"TRACTCEN":37900,"BLKGRPCEN":5,"CenPOP2020":882,"UniqueID":3790000050},"geometry":{"type":"Point","coordinates":[-75.097634,39.986499]}},{"type":"Feature","properties":{"ProjectedLong":-8359471.149,"ProjectedLat":4864392.301,"PSA_NUM2025":243,"DIST_NUM2025":24,"TRACTCEN":37900,"BLKGRPCEN":6,"CenPOP2020":1044,"UniqueID":3790000060},"geometry":{"type":"Point","coordinates":[-75.094407,39.989333]}},{"type":"Feature","properties":{"ProjectedLong":-8360232.797,"ProjectedLat":4865158.905,"PSA_NUM2025":243,"DIST_NUM2025":24,"TRACTCEN":38200,"BLKGRPCEN":1,"CenPOP2020":916,"UniqueID":3820000010},"geometry":{"type":"Point","coordinates":[-75.101249,39.994609]}},{"type":"Feature","properties":{"ProjectedLong":-8360605.272,"ProjectedLat":4864362.806,"PSA_NUM2025":243,"DIST_NUM2025":24,"TRACTCEN":38200,"BLKGRPCEN":2,"CenPOP2020":857,"UniqueID":3820000020},"geometry":{"type":"Point","coordinates":[-75.104595,39.98913]}},{"type":"Feature","properties":{"ProjectedLong":-8359691.561,"ProjectedLat":4866358.913,"PSA_NUM2025":241,"DIST_NUM2025":24,"TRACTCEN":38200,"BLKGRPCEN":3,"CenPOP2020":1028,"UniqueID":3820000030},"geometry":{"type":"Point","coordinates":[-75.096387,40.002867]}},{"type":"Feature","properties":{"ProjectedLong":-8365510.231,"ProjectedLat":4865326.589,"PSA_NUM2025":254,"DIST_NUM2025":25,"TRACTCEN":17400,"BLKGRPCEN":1,"CenPOP2020":1227,"UniqueID":1740000010},"geometry":{"type":"Point","coordinates":[-75.148657,39.995763]}},{"type":"Feature","properties":{"ProjectedLong":-8365880.368,"ProjectedLat":4865330.949,"PSA_NUM2025":254,"DIST_NUM2025":25,"TRACTCEN":17400,"BLKGRPCEN":2,"CenPOP2020":1080,"UniqueID":1740000020},"geometry":{"type":"Point","coordinates":[-75.151982,39.995793]}},{"type":"Feature","properties":{"ProjectedLong":-8365077.866,"ProjectedLat":4865682.601,"PSA_NUM2025":254,"DIST_NUM2025":25,"TRACTCEN":17500,"BLKGRPCEN":1,"CenPOP2020":1645,"UniqueID":1750000010},"geometry":{"type":"Point","coordinates":[-75.144773,39.998213]}},{"type":"Feature","properties":{"ProjectedLong":-8364595.519,"ProjectedLat":4865302.759,"PSA_NUM2025":254,"DIST_NUM2025":25,"TRACTCEN":17500,"BLKGRPCEN":2,"CenPOP2020":930,"UniqueID":1750000020},"geometry":{"type":"Point","coordinates":[-75.14044,39.995599]}},{"type":"Feature","properties":{"ProjectedLong":-8365009.405,"ProjectedLat":4864993.984,"PSA_NUM2025":254,"DIST_NUM2025":25,"TRACTCEN":17500,"BLKGRPCEN":3,"CenPOP2020":835,"UniqueID":1750000030},"geometry":{"type":"Point","coordinates":[-75.144158,39.993474]}},{"type":"Feature","properties":{"ProjectedLong":-8365053.376,"ProjectedLat":4865223.421,"PSA_NUM2025":254,"DIST_NUM2025":25,"TRACTCEN":17500,"BLKGRPCEN":4,"CenPOP2020":818,"UniqueID":1750000040},"geometry":{"type":"Point","coordinates":[-75.144553,39.995053]}},{"type":"Feature","properties":{"ProjectedLong":-8364785.319,"ProjectedLat":4865666.471,"PSA_NUM2025":254,"DIST_NUM2025":25,"TRACTCEN":17500,"BLKGRPCEN":5,"CenPOP2020":1314,"UniqueID":1750000050},"geometry":{"type":"Point","coordinates":[-75.142145,39.998102]}},{"type":"Feature","properties":{"ProjectedLong":-8364554.442,"ProjectedLat":4866109.977,"PSA_NUM2025":254,"DIST_NUM2025":25,"TRACTCEN":17500,"BLKGRPCEN":6,"CenPOP2020":1169,"UniqueID":1750000060},"geometry":{"type":"Point","coordinates":[-75.140071,40.001154]}},{"type":"Feature","properties":{"ProjectedLong":-8364259.334,"ProjectedLat":4865275.877,"PSA_NUM2025":253,"DIST_NUM2025":25,"TRACTCEN":17601,"BLKGRPCEN":1,"CenPOP2020":2103,"UniqueID":1760100010},"geometry":{"type":"Point","coordinates":[-75.13742,39.995414]}},{"type":"Feature","properties":{"ProjectedLong":-8363691.048,"ProjectedLat":4865080.44,"PSA_NUM2025":253,"DIST_NUM2025":25,"TRACTCEN":17601,"BLKGRPCEN":2,"CenPOP2020":1593,"UniqueID":1760100020},"geometry":{"type":"Point","coordinates":[-75.132315,39.994069]}},{"type":"Feature","properties":{"ProjectedLong":-8363621.919,"ProjectedLat":4865629.707,"PSA_NUM2025":253,"DIST_NUM2025":25,"TRACTCEN":17602,"BLKGRPCEN":3,"CenPOP2020":1307,"UniqueID":1760200030},"geometry":{"type":"Point","coordinates":[-75.131694,39.997849]}},{"type":"Feature","properties":{"ProjectedLong":-8361991.533,"ProjectedLat":4865625.057,"PSA_NUM2025":253,"DIST_NUM2025":25,"TRACTCEN":17701,"BLKGRPCEN":3,"CenPOP2020":1212,"UniqueID":1770100030},"geometry":{"type":"Point","coordinates":[-75.117048,39.997817]}},{"type":"Feature","properties":{"ProjectedLong":-8362333.061,"ProjectedLat":4865587.712,"PSA_NUM2025":253,"DIST_NUM2025":25,"TRACTCEN":17702,"BLKGRPCEN":3,"CenPOP2020":855,"UniqueID":1770200030},"geometry":{"type":"Point","coordinates":[-75.120116,39.99756]}},{"type":"Feature","properties":{"ProjectedLong":-8362277.513,"ProjectedLat":4865891.273,"PSA_NUM2025":253,"DIST_NUM2025":25,"TRACTCEN":19200,"BLKGRPCEN":3,"CenPOP2020":1406,"UniqueID":1920000030},"geometry":{"type":"Point","coordinates":[-75.119617,39.999649]}},{"type":"Feature","properties":{"ProjectedLong":-8362270.055,"ProjectedLat":4866131.92,"PSA_NUM2025":253,"DIST_NUM2025":25,"TRACTCEN":19200,"BLKGRPCEN":5,"CenPOP2020":1800,"UniqueID":1920000050},"geometry":{"type":"Point","coordinates":[-75.11955,40.001305]}},{"type":"Feature","properties":{"ProjectedLong":-8363877.397,"ProjectedLat":4866093.265,"PSA_NUM2025":253,"DIST_NUM2025":25,"TRACTCEN":19501,"BLKGRPCEN":1,"CenPOP2020":1690,"UniqueID":1950100010},"geometry":{"type":"Point","coordinates":[-75.133989,40.001039]}},{"type":"Feature","properties":{"ProjectedLong":-8363105.507,"ProjectedLat":4865956.957,"PSA_NUM2025":253,"DIST_NUM2025":25,"TRACTCEN":19501,"BLKGRPCEN":2,"CenPOP2020":1654,"UniqueID":1950100020},"geometry":{"type":"Point","coordinates":[-75.127055,40.000101]}},{"type":"Feature","properties":{"ProjectedLong":-8363484.105,"ProjectedLat":4866015.52,"PSA_NUM2025":253,"DIST_NUM2025":25,"TRACTCEN":19501,"BLKGRPCEN":3,"CenPOP2020":1345,"UniqueID":1950100030},"geometry":{"type":"Point","coordinates":[-75.130456,40.000504]}},{"type":"Feature","properties":{"ProjectedLong":-8363818.397,"ProjectedLat":4866455.408,"PSA_NUM2025":253,"DIST_NUM2025":25,"TRACTCEN":19502,"BLKGRPCEN":1,"CenPOP2020":1063,"UniqueID":1950200010},"geometry":{"type":"Point","coordinates":[-75.133459,40.003531]}},{"type":"Feature","properties":{"ProjectedLong":-8363041.944,"ProjectedLat":4866322.582,"PSA_NUM2025":253,"DIST_NUM2025":25,"TRACTCEN":19502,"BLKGRPCEN":2,"CenPOP2020":1584,"UniqueID":1950200020},"geometry":{"type":"Point","coordinates":[-75.126484,40.002617]}},{"type":"Feature","properties":{"ProjectedLong":-8363533.531,"ProjectedLat":4866335.225,"PSA_NUM2025":253,"DIST_NUM2025":25,"TRACTCEN":19502,"BLKGRPCEN":3,"CenPOP2020":847,"UniqueID":1950200030},"geometry":{"type":"Point","coordinates":[-75.1309,40.002704]}},{"type":"Feature","properties":{"ProjectedLong":-8364112.726,"ProjectedLat":4868236.814,"PSA_NUM2025":251,"DIST_NUM2025":25,"TRACTCEN":19700,"BLKGRPCEN":1,"CenPOP2020":1317,"UniqueID":1970000010},"geometry":{"type":"Point","coordinates":[-75.136103,40.015788]}},{"type":"Feature","properties":{"ProjectedLong":-8364312.656,"ProjectedLat":4867832.311,"PSA_NUM2025":251,"DIST_NUM2025":25,"TRACTCEN":19700,"BLKGRPCEN":2,"CenPOP2020":1120,"UniqueID":1970000020},"geometry":{"type":"Point","coordinates":[-75.137899,40.013005]}},{"type":"Feature","properties":{"ProjectedLong":-8364306.422,"ProjectedLat":4868663.719,"PSA_NUM2025":251,"DIST_NUM2025":25,"TRACTCEN":19700,"BLKGRPCEN":3,"CenPOP2020":810,"UniqueID":1970000030},"geometry":{"type":"Point","coordinates":[-75.137843,40.018725]}},{"type":"Feature","properties":{"ProjectedLong":-8364370.987,"ProjectedLat":4868197.424,"PSA_NUM2025":251,"DIST_NUM2025":25,"TRACTCEN":19700,"BLKGRPCEN":4,"CenPOP2020":1052,"UniqueID":1970000040},"geometry":{"type":"Point","coordinates":[-75.138423,40.015517]}},{"type":"Feature","properties":{"ProjectedLong":-8364608.543,"ProjectedLat":4868008.325,"PSA_NUM2025":251,"DIST_NUM2025":25,"TRACTCEN":19700,"BLKGRPCEN":5,"CenPOP2020":905,"UniqueID":1970000050},"geometry":{"type":"Point","coordinates":[-75.140557,40.014216]}},{"type":"Feature","properties":{"ProjectedLong":-8364520.935,"ProjectedLat":4868536.823,"PSA_NUM2025":251,"DIST_NUM2025":25,"TRACTCEN":19700,"BLKGRPCEN":6,"CenPOP2020":1212,"UniqueID":1970000060},"geometry":{"type":"Point","coordinates":[-75.13977,40.017852]}},{"type":"Feature","properties":{"ProjectedLong":-8364944.617,"ProjectedLat":4867547.729,"PSA_NUM2025":251,"DIST_NUM2025":25,"TRACTCEN":19800,"BLKGRPCEN":1,"CenPOP2020":1755,"UniqueID":1980000010},"geometry":{"type":"Point","coordinates":[-75.143576,40.011047]}},{"type":"Feature","properties":{"ProjectedLong":-8364503.124,"ProjectedLat":4867482.326,"PSA_NUM2025":251,"DIST_NUM2025":25,"TRACTCEN":19800,"BLKGRPCEN":2,"CenPOP2020":1064,"UniqueID":1980000020},"geometry":{"type":"Point","coordinates":[-75.13961,40.010597]}},{"type":"Feature","properties":{"ProjectedLong":-8364673.22,"ProjectedLat":4867603.25,"PSA_NUM2025":251,"DIST_NUM2025":25,"TRACTCEN":19800,"BLKGRPCEN":3,"CenPOP2020":973,"UniqueID":1980000030},"geometry":{"type":"Point","coordinates":[-75.141138,40.011429]}},{"type":"Feature","properties":{"ProjectedLong":-8364253.211,"ProjectedLat":4867405.151,"PSA_NUM2025":251,"DIST_NUM2025":25,"TRACTCEN":19800,"BLKGRPCEN":4,"CenPOP2020":1129,"UniqueID":1980000040},"geometry":{"type":"Point","coordinates":[-75.137365,40.010066]}},{"type":"Feature","properties":{"ProjectedLong":-8364645.835,"ProjectedLat":4867219.265,"PSA_NUM2025":251,"DIST_NUM2025":25,"TRACTCEN":19800,"BLKGRPCEN":5,"CenPOP2020":842,"UniqueID":1980000050},"geometry":{"type":"Point","coordinates":[-75.140892,40.008787]}},{"type":"Feature","properties":{"ProjectedLong":-8364479.19,"ProjectedLat":4866809.28,"PSA_NUM2025":254,"DIST_NUM2025":25,"TRACTCEN":19900,"BLKGRPCEN":1,"CenPOP2020":932,"UniqueID":1990000010},"geometry":{"type":"Point","coordinates":[-75.139395,40.005966]}},{"type":"Feature","properties":{"ProjectedLong":-8364793,"ProjectedLat":4866823.377,"PSA_NUM2025":254,"DIST_NUM2025":25,"TRACTCEN":19900,"BLKGRPCEN":2,"CenPOP2020":1175,"UniqueID":1990000020},"geometry":{"type":"Point","coordinates":[-75.142214,40.006063]}},{"type":"Feature","properties":{"ProjectedLong":-8365246.738,"ProjectedLat":4866951.85,"PSA_NUM2025":254,"DIST_NUM2025":25,"TRACTCEN":19900,"BLKGRPCEN":3,"CenPOP2020":1167,"UniqueID":1990000030},"geometry":{"type":"Point","coordinates":[-75.14629,40.006947]}},{"type":"Feature","properties":{"ProjectedLong":-8365042.689,"ProjectedLat":4866535.482,"PSA_NUM2025":254,"DIST_NUM2025":25,"TRACTCEN":19900,"BLKGRPCEN":4,"CenPOP2020":1115,"UniqueID":1990000040},"geometry":{"type":"Point","coordinates":[-75.144457,40.004082]}},{"type":"Feature","properties":{"ProjectedLong":-8365798.882,"ProjectedLat":4865987.037,"PSA_NUM2025":254,"DIST_NUM2025":25,"TRACTCEN":20000,"BLKGRPCEN":1,"CenPOP2020":530,"UniqueID":2000000010},"geometry":{"type":"Point","coordinates":[-75.15125,40.000308]}},{"type":"Feature","properties":{"ProjectedLong":-8365694.02,"ProjectedLat":4866300.638,"PSA_NUM2025":254,"DIST_NUM2025":25,"TRACTCEN":20000,"BLKGRPCEN":2,"CenPOP2020":747,"UniqueID":2000000020},"geometry":{"type":"Point","coordinates":[-75.150308,40.002466]}},{"type":"Feature","properties":{"ProjectedLong":-8365542.402,"ProjectedLat":4867236.85,"PSA_NUM2025":254,"DIST_NUM2025":25,"TRACTCEN":20300,"BLKGRPCEN":1,"CenPOP2020":1354,"UniqueID":2030000010},"geometry":{"type":"Point","coordinates":[-75.148946,40.008908]}},{"type":"Feature","properties":{"ProjectedLong":-8365547.078,"ProjectedLat":4868163.412,"PSA_NUM2025":251,"DIST_NUM2025":25,"TRACTCEN":20300,"BLKGRPCEN":2,"CenPOP2020":1432,"UniqueID":2030000020},"geometry":{"type":"Point","coordinates":[-75.148988,40.015283]}},{"type":"Feature","properties":{"ProjectedLong":-8364298.964,"ProjectedLat":4868998.191,"PSA_NUM2025":251,"DIST_NUM2025":25,"TRACTCEN":28400,"BLKGRPCEN":4,"CenPOP2020":726,"UniqueID":2840000040},"geometry":{"type":"Point","coordinates":[-75.137776,40.021026]}},{"type":"Feature","properties":{"ProjectedLong":-8363731.012,"ProjectedLat":4869125.384,"PSA_NUM2025":252,"DIST_NUM2025":25,"TRACTCEN":28700,"BLKGRPCEN":1,"CenPOP2020":1381,"UniqueID":2870000010},"geometry":{"type":"Point","coordinates":[-75.132674,40.021901]}},{"type":"Feature","properties":{"ProjectedLong":-8363432.007,"ProjectedLat":4869172.918,"PSA_NUM2025":252,"DIST_NUM2025":25,"TRACTCEN":28700,"BLKGRPCEN":2,"CenPOP2020":990,"UniqueID":2870000020},"geometry":{"type":"Point","coordinates":[-75.129988,40.022228]}},{"type":"Feature","properties":{"ProjectedLong":-8362745.723,"ProjectedLat":4869382.536,"PSA_NUM2025":252,"DIST_NUM2025":25,"TRACTCEN":28800,"BLKGRPCEN":1,"CenPOP2020":1660,"UniqueID":2880000010},"geometry":{"type":"Point","coordinates":[-75.123823,40.02367]}},{"type":"Feature","properties":{"ProjectedLong":-8362479.669,"ProjectedLat":4869152.421,"PSA_NUM2025":252,"DIST_NUM2025":25,"TRACTCEN":28800,"BLKGRPCEN":2,"CenPOP2020":810,"UniqueID":2880000020},"geometry":{"type":"Point","coordinates":[-75.121433,40.022087]}},{"type":"Feature","properties":{"ProjectedLong":-8362998.863,"ProjectedLat":4868901.381,"PSA_NUM2025":252,"DIST_NUM2025":25,"TRACTCEN":28800,"BLKGRPCEN":3,"CenPOP2020":1781,"UniqueID":2880000030},"geometry":{"type":"Point","coordinates":[-75.126097,40.02036]}},{"type":"Feature","properties":{"ProjectedLong":-8362099.402,"ProjectedLat":4868962.578,"PSA_NUM2025":252,"DIST_NUM2025":25,"TRACTCEN":28901,"BLKGRPCEN":1,"CenPOP2020":1451,"UniqueID":2890100010},"geometry":{"type":"Point","coordinates":[-75.118017,40.020781]}},{"type":"Feature","properties":{"ProjectedLong":-8361373.71,"ProjectedLat":4868442.197,"PSA_NUM2025":252,"DIST_NUM2025":25,"TRACTCEN":28901,"BLKGRPCEN":2,"CenPOP2020":889,"UniqueID":2890100020},"geometry":{"type":"Point","coordinates":[-75.111498,40.017201]}},{"type":"Feature","properties":{"ProjectedLong":-8361851.605,"ProjectedLat":4868627.816,"PSA_NUM2025":252,"DIST_NUM2025":25,"TRACTCEN":28901,"BLKGRPCEN":3,"CenPOP2020":1592,"UniqueID":2890100030},"geometry":{"type":"Point","coordinates":[-75.115791,40.018478]}},{"type":"Feature","properties":{"ProjectedLong":-8361654.792,"ProjectedLat":4869122.622,"PSA_NUM2025":252,"DIST_NUM2025":25,"TRACTCEN":28902,"BLKGRPCEN":2,"CenPOP2020":1384,"UniqueID":2890200020},"geometry":{"type":"Point","coordinates":[-75.114023,40.021882]}},{"type":"Feature","properties":{"ProjectedLong":-8361870.974,"ProjectedLat":4869364.801,"PSA_NUM2025":252,"DIST_NUM2025":25,"TRACTCEN":28902,"BLKGRPCEN":3,"CenPOP2020":1508,"UniqueID":2890200030},"geometry":{"type":"Point","coordinates":[-75.115965,40.023548]}},{"type":"Feature","properties":{"ProjectedLong":-8362169.31,"ProjectedLat":4869472.664,"PSA_NUM2025":252,"DIST_NUM2025":25,"TRACTCEN":28902,"BLKGRPCEN":4,"CenPOP2020":1234,"UniqueID":2890200040},"geometry":{"type":"Point","coordinates":[-75.118645,40.02429]}},{"type":"Feature","properties":{"ProjectedLong":-8361833.126,"ProjectedLat":4869676.764,"PSA_NUM2025":252,"DIST_NUM2025":25,"TRACTCEN":28902,"BLKGRPCEN":5,"CenPOP2020":753,"UniqueID":2890200050},"geometry":{"type":"Point","coordinates":[-75.115625,40.025694]}},{"type":"Feature","properties":{"ProjectedLong":-8363822.182,"ProjectedLat":4867914.722,"PSA_NUM2025":252,"DIST_NUM2025":25,"TRACTCEN":38301,"BLKGRPCEN":1,"CenPOP2020":2663,"UniqueID":3830100010},"geometry":{"type":"Point","coordinates":[-75.133493,40.013572]}},{"type":"Feature","properties":{"ProjectedLong":-8364995.935,"ProjectedLat":4868519.235,"PSA_NUM2025":251,"DIST_NUM2025":25,"TRACTCEN":980500,"BLKGRPCEN":1,"CenPOP2020":2,"UniqueID":98050000010},"geometry":{"type":"Point","coordinates":[-75.144037,40.017731]}},{"type":"Feature","properties":{"ProjectedLong":-8363111.073,"ProjectedLat":4868300.042,"PSA_NUM2025":252,"DIST_NUM2025":25,"TRACTCEN":989300,"BLKGRPCEN":1,"CenPOP2020":1,"UniqueID":98930000010},"geometry":{"type":"Point","coordinates":[-75.127105,40.016223]}},{"type":"Feature","properties":{"ProjectedLong":-8362402.191,"ProjectedLat":4867160.694,"PSA_NUM2025":252,"DIST_NUM2025":25,"TRACTCEN":989300,"BLKGRPCEN":2,"CenPOP2020":64,"UniqueID":98930000020},"geometry":{"type":"Point","coordinates":[-75.120737,40.008384]}},{"type":"Feature","properties":{"ProjectedLong":-8365575.464,"ProjectedLat":4861699.05,"PSA_NUM2025":262,"DIST_NUM2025":26,"TRACTCEN":14100,"BLKGRPCEN":1,"CenPOP2020":2160,"UniqueID":1410000010},"geometry":{"type":"Point","coordinates":[-75.149243,39.970794]}},{"type":"Feature","properties":{"ProjectedLong":-8365127.181,"ProjectedLat":4861315.729,"PSA_NUM2025":262,"DIST_NUM2025":26,"TRACTCEN":14201,"BLKGRPCEN":1,"CenPOP2020":1534,"UniqueID":1420100010},"geometry":{"type":"Point","coordinates":[-75.145216,39.968155]}},{"type":"Feature","properties":{"ProjectedLong":-8364763.723,"ProjectedLat":4861193.721,"PSA_NUM2025":262,"DIST_NUM2025":26,"TRACTCEN":14201,"BLKGRPCEN":2,"CenPOP2020":1963,"UniqueID":1420100020},"geometry":{"type":"Point","coordinates":[-75.141951,39.967315]}},{"type":"Feature","properties":{"ProjectedLong":-8364362.527,"ProjectedLat":4861077.087,"PSA_NUM2025":262,"DIST_NUM2025":26,"TRACTCEN":14202,"BLKGRPCEN":1,"CenPOP2020":1490,"UniqueID":1420200010},"geometry":{"type":"Point","coordinates":[-75.138347,39.966512]}},{"type":"Feature","properties":{"ProjectedLong":-8364236.402,"ProjectedLat":4860701.343,"PSA_NUM2025":263,"DIST_NUM2025":26,"TRACTCEN":14202,"BLKGRPCEN":2,"CenPOP2020":98,"UniqueID":1420200020},"geometry":{"type":"Point","coordinates":[-75.137214,39.963925]}},{"type":"Feature","properties":{"ProjectedLong":-8363676.242,"ProjectedLat":4860711.655,"PSA_NUM2025":263,"DIST_NUM2025":26,"TRACTCEN":14202,"BLKGRPCEN":3,"CenPOP2020":721,"UniqueID":1420200030},"geometry":{"type":"Point","coordinates":[-75.132182,39.963996]}},{"type":"Feature","properties":{"ProjectedLong":-8363647.411,"ProjectedLat":4861105.12,"PSA_NUM2025":263,"DIST_NUM2025":26,"TRACTCEN":14300,"BLKGRPCEN":1,"CenPOP2020":350,"UniqueID":1430000010},"geometry":{"type":"Point","coordinates":[-75.131923,39.966705]}},{"type":"Feature","properties":{"ProjectedLong":-8363370.67,"ProjectedLat":4861530.846,"PSA_NUM2025":263,"DIST_NUM2025":26,"TRACTCEN":14300,"BLKGRPCEN":2,"CenPOP2020":1587,"UniqueID":1430000020},"geometry":{"type":"Point","coordinates":[-75.129437,39.969636]}},{"type":"Feature","properties":{"ProjectedLong":-8364863.465,"ProjectedLat":4861742.482,"PSA_NUM2025":262,"DIST_NUM2025":26,"TRACTCEN":14400,"BLKGRPCEN":1,"CenPOP2020":865,"UniqueID":1440000010},"geometry":{"type":"Point","coordinates":[-75.142847,39.971093]}},{"type":"Feature","properties":{"ProjectedLong":-8365007.29,"ProjectedLat":4861997.845,"PSA_NUM2025":262,"DIST_NUM2025":26,"TRACTCEN":14400,"BLKGRPCEN":2,"CenPOP2020":1281,"UniqueID":1440000020},"geometry":{"type":"Point","coordinates":[-75.144139,39.972851]}},{"type":"Feature","properties":{"ProjectedLong":-8364183.859,"ProjectedLat":4861832.541,"PSA_NUM2025":262,"DIST_NUM2025":26,"TRACTCEN":14400,"BLKGRPCEN":3,"CenPOP2020":1978,"UniqueID":1440000030},"geometry":{"type":"Point","coordinates":[-75.136742,39.971713]}},{"type":"Feature","properties":{"ProjectedLong":-8364598.97,"ProjectedLat":4862019.053,"PSA_NUM2025":262,"DIST_NUM2025":26,"TRACTCEN":14400,"BLKGRPCEN":4,"CenPOP2020":987,"UniqueID":1440000040},"geometry":{"type":"Point","coordinates":[-75.140471,39.972997]}},{"type":"Feature","properties":{"ProjectedLong":-8365513.793,"ProjectedLat":4862680.733,"PSA_NUM2025":262,"DIST_NUM2025":26,"TRACTCEN":14500,"BLKGRPCEN":1,"CenPOP2020":1718,"UniqueID":1450000010},"geometry":{"type":"Point","coordinates":[-75.148689,39.977552]}},{"type":"Feature","properties":{"ProjectedLong":-8365399.023,"ProjectedLat":4862239.705,"PSA_NUM2025":262,"DIST_NUM2025":26,"TRACTCEN":14500,"BLKGRPCEN":2,"CenPOP2020":1000,"UniqueID":1450000020},"geometry":{"type":"Point","coordinates":[-75.147658,39.974516]}},{"type":"Feature","properties":{"ProjectedLong":-8364777.637,"ProjectedLat":4862678.264,"PSA_NUM2025":262,"DIST_NUM2025":26,"TRACTCEN":15600,"BLKGRPCEN":1,"CenPOP2020":1015,"UniqueID":1560000010},"geometry":{"type":"Point","coordinates":[-75.142076,39.977535]}},{"type":"Feature","properties":{"ProjectedLong":-8364762.721,"ProjectedLat":4863141.975,"PSA_NUM2025":262,"DIST_NUM2025":26,"TRACTCEN":15600,"BLKGRPCEN":2,"CenPOP2020":887,"UniqueID":1560000020},"geometry":{"type":"Point","coordinates":[-75.141942,39.980727]}},{"type":"Feature","properties":{"ProjectedLong":-8364065.415,"ProjectedLat":4863162.459,"PSA_NUM2025":261,"DIST_NUM2025":26,"TRACTCEN":15700,"BLKGRPCEN":1,"CenPOP2020":682,"UniqueID":1570000010},"geometry":{"type":"Point","coordinates":[-75.135678,39.980868]}},{"type":"Feature","properties":{"ProjectedLong":-8364022.335,"ProjectedLat":4862883.532,"PSA_NUM2025":262,"DIST_NUM2025":26,"TRACTCEN":15700,"BLKGRPCEN":2,"CenPOP2020":937,"UniqueID":1570000020},"geometry":{"type":"Point","coordinates":[-75.135291,39.978948]}},{"type":"Feature","properties":{"ProjectedLong":-8363995.284,"ProjectedLat":4862582.386,"PSA_NUM2025":262,"DIST_NUM2025":26,"TRACTCEN":15700,"BLKGRPCEN":3,"CenPOP2020":1305,"UniqueID":1570000030},"geometry":{"type":"Point","coordinates":[-75.135048,39.976875]}},{"type":"Feature","properties":{"ProjectedLong":-8363480.988,"ProjectedLat":4862423.755,"PSA_NUM2025":263,"DIST_NUM2025":26,"TRACTCEN":15800,"BLKGRPCEN":1,"CenPOP2020":1348,"UniqueID":1580000010},"geometry":{"type":"Point","coordinates":[-75.130428,39.975783]}},{"type":"Feature","properties":{"ProjectedLong":-8363202.467,"ProjectedLat":4862424.045,"PSA_NUM2025":263,"DIST_NUM2025":26,"TRACTCEN":15800,"BLKGRPCEN":2,"CenPOP2020":956,"UniqueID":1580000020},"geometry":{"type":"Point","coordinates":[-75.127926,39.975785]}},{"type":"Feature","properties":{"ProjectedLong":-8363122.539,"ProjectedLat":4861908.511,"PSA_NUM2025":263,"DIST_NUM2025":26,"TRACTCEN":15800,"BLKGRPCEN":3,"CenPOP2020":1185,"UniqueID":1580000030},"geometry":{"type":"Point","coordinates":[-75.127208,39.972236]}},{"type":"Feature","properties":{"ProjectedLong":-8363748.155,"ProjectedLat":4861644.725,"PSA_NUM2025":263,"DIST_NUM2025":26,"TRACTCEN":15800,"BLKGRPCEN":4,"CenPOP2020":720,"UniqueID":1580000040},"geometry":{"type":"Point","coordinates":[-75.132828,39.97042]}},{"type":"Feature","properties":{"ProjectedLong":-8363666.669,"ProjectedLat":4862025.008,"PSA_NUM2025":263,"DIST_NUM2025":26,"TRACTCEN":15800,"BLKGRPCEN":5,"CenPOP2020":1390,"UniqueID":1580000050},"geometry":{"type":"Point","coordinates":[-75.132096,39.973038]}},{"type":"Feature","properties":{"ProjectedLong":-8362979.382,"ProjectedLat":4862210.507,"PSA_NUM2025":263,"DIST_NUM2025":26,"TRACTCEN":15800,"BLKGRPCEN":6,"CenPOP2020":976,"UniqueID":1580000060},"geometry":{"type":"Point","coordinates":[-75.125922,39.974315]}},{"type":"Feature","properties":{"ProjectedLong":-8362464.418,"ProjectedLat":4863003.382,"PSA_NUM2025":263,"DIST_NUM2025":26,"TRACTCEN":16001,"BLKGRPCEN":1,"CenPOP2020":1759,"UniqueID":1600100010},"geometry":{"type":"Point","coordinates":[-75.121296,39.979773]}},{"type":"Feature","properties":{"ProjectedLong":-8362688.616,"ProjectedLat":4862435.521,"PSA_NUM2025":263,"DIST_NUM2025":26,"TRACTCEN":16001,"BLKGRPCEN":2,"CenPOP2020":936,"UniqueID":1600100020},"geometry":{"type":"Point","coordinates":[-75.12331,39.975864]}},{"type":"Feature","properties":{"ProjectedLong":-8362359.889,"ProjectedLat":4863449.965,"PSA_NUM2025":263,"DIST_NUM2025":26,"TRACTCEN":16002,"BLKGRPCEN":1,"CenPOP2020":623,"UniqueID":1600200010},"geometry":{"type":"Point","coordinates":[-75.120357,39.982847]}},{"type":"Feature","properties":{"ProjectedLong":-8362983.056,"ProjectedLat":4862686.835,"PSA_NUM2025":263,"DIST_NUM2025":26,"TRACTCEN":16002,"BLKGRPCEN":2,"CenPOP2020":967,"UniqueID":1600200020},"geometry":{"type":"Point","coordinates":[-75.125955,39.977594]}},{"type":"Feature","properties":{"ProjectedLong":-8362660.675,"ProjectedLat":4863313.402,"PSA_NUM2025":263,"DIST_NUM2025":26,"TRACTCEN":16002,"BLKGRPCEN":3,"CenPOP2020":725,"UniqueID":1600200030},"geometry":{"type":"Point","coordinates":[-75.123059,39.981907]}},{"type":"Feature","properties":{"ProjectedLong":-8363191.001,"ProjectedLat":4862936.12,"PSA_NUM2025":263,"DIST_NUM2025":26,"TRACTCEN":16002,"BLKGRPCEN":4,"CenPOP2020":954,"UniqueID":1600200040},"geometry":{"type":"Point","coordinates":[-75.127823,39.97931]}},{"type":"Feature","properties":{"ProjectedLong":-8362835.001,"ProjectedLat":4863080.959,"PSA_NUM2025":263,"DIST_NUM2025":26,"TRACTCEN":16002,"BLKGRPCEN":5,"CenPOP2020":967,"UniqueID":1600200050},"geometry":{"type":"Point","coordinates":[-75.124625,39.980307]}},{"type":"Feature","properties":{"ProjectedLong":-8363451.934,"ProjectedLat":4863363.378,"PSA_NUM2025":263,"DIST_NUM2025":26,"TRACTCEN":16100,"BLKGRPCEN":1,"CenPOP2020":2806,"UniqueID":1610000010},"geometry":{"type":"Point","coordinates":[-75.130167,39.982251]}},{"type":"Feature","properties":{"ProjectedLong":-8362692.512,"ProjectedLat":4863662.804,"PSA_NUM2025":263,"DIST_NUM2025":26,"TRACTCEN":16100,"BLKGRPCEN":2,"CenPOP2020":791,"UniqueID":1610000020},"geometry":{"type":"Point","coordinates":[-75.123345,39.984312]}},{"type":"Feature","properties":{"ProjectedLong":-8362854.816,"ProjectedLat":4864156.491,"PSA_NUM2025":263,"DIST_NUM2025":26,"TRACTCEN":16100,"BLKGRPCEN":3,"CenPOP2020":999,"UniqueID":1610000030},"geometry":{"type":"Point","coordinates":[-75.124803,39.98771]}},{"type":"Feature","properties":{"ProjectedLong":-8363132.001,"ProjectedLat":4863870.853,"PSA_NUM2025":263,"DIST_NUM2025":26,"TRACTCEN":16100,"BLKGRPCEN":4,"CenPOP2020":1987,"UniqueID":1610000040},"geometry":{"type":"Point","coordinates":[-75.127293,39.985744]}},{"type":"Feature","properties":{"ProjectedLong":-8364718.749,"ProjectedLat":4863690.408,"PSA_NUM2025":261,"DIST_NUM2025":26,"TRACTCEN":16200,"BLKGRPCEN":1,"CenPOP2020":885,"UniqueID":1620000010},"geometry":{"type":"Point","coordinates":[-75.141547,39.984502]}},{"type":"Feature","properties":{"ProjectedLong":-8363962.779,"ProjectedLat":4863568.951,"PSA_NUM2025":261,"DIST_NUM2025":26,"TRACTCEN":16200,"BLKGRPCEN":2,"CenPOP2020":1193,"UniqueID":1620000020},"geometry":{"type":"Point","coordinates":[-75.134756,39.983666]}},{"type":"Feature","properties":{"ProjectedLong":-8364089.794,"ProjectedLat":4864473.376,"PSA_NUM2025":261,"DIST_NUM2025":26,"TRACTCEN":16300,"BLKGRPCEN":1,"CenPOP2020":828,"UniqueID":1630000010},"geometry":{"type":"Point","coordinates":[-75.135897,39.989891]}},{"type":"Feature","properties":{"ProjectedLong":-8363978.03,"ProjectedLat":4863992.749,"PSA_NUM2025":261,"DIST_NUM2025":26,"TRACTCEN":16300,"BLKGRPCEN":2,"CenPOP2020":990,"UniqueID":1630000020},"geometry":{"type":"Point","coordinates":[-75.134893,39.986583]}},{"type":"Feature","properties":{"ProjectedLong":-8363502.473,"ProjectedLat":4864361.354,"PSA_NUM2025":263,"DIST_NUM2025":26,"TRACTCEN":16300,"BLKGRPCEN":3,"CenPOP2020":1425,"UniqueID":1630000030},"geometry":{"type":"Point","coordinates":[-75.130621,39.98912]}},{"type":"Feature","properties":{"ProjectedLong":-8364649.954,"ProjectedLat":4864559.537,"PSA_NUM2025":261,"DIST_NUM2025":26,"TRACTCEN":16400,"BLKGRPCEN":1,"CenPOP2020":1198,"UniqueID":1640000010},"geometry":{"type":"Point","coordinates":[-75.140929,39.990484]}},{"type":"Feature","properties":{"ProjectedLong":-8364559.229,"ProjectedLat":4864142.107,"PSA_NUM2025":261,"DIST_NUM2025":26,"TRACTCEN":16400,"BLKGRPCEN":2,"CenPOP2020":585,"UniqueID":1640000020},"geometry":{"type":"Point","coordinates":[-75.140114,39.987611]}},{"type":"Feature","properties":{"ProjectedLong":-8365132.413,"ProjectedLat":4864665.459,"PSA_NUM2025":261,"DIST_NUM2025":26,"TRACTCEN":16400,"BLKGRPCEN":3,"CenPOP2020":1435,"UniqueID":1640000030},"geometry":{"type":"Point","coordinates":[-75.145263,39.991213]}},{"type":"Feature","properties":{"ProjectedLong":-8364890.404,"ProjectedLat":4864176.832,"PSA_NUM2025":261,"DIST_NUM2025":26,"TRACTCEN":16400,"BLKGRPCEN":4,"CenPOP2020":963,"UniqueID":1640000040},"geometry":{"type":"Point","coordinates":[-75.143089,39.98785]}},{"type":"Feature","properties":{"ProjectedLong":-8365305.403,"ProjectedLat":4863331.272,"PSA_NUM2025":261,"DIST_NUM2025":26,"TRACTCEN":37700,"BLKGRPCEN":2,"CenPOP2020":2501,"UniqueID":3770000020},"geometry":{"type":"Point","coordinates":[-75.146817,39.98203]}},{"type":"Feature","properties":{"ProjectedLong":-8361987.303,"ProjectedLat":4861762.382,"PSA_NUM2025":263,"DIST_NUM2025":26,"TRACTCEN":37800,"BLKGRPCEN":1,"CenPOP2020":0,"UniqueID":3780000010},"geometry":{"type":"Point","coordinates":[-75.11701,39.97123]}},{"type":"Feature","properties":{"ProjectedLong":-8361976.616,"ProjectedLat":4862914.33,"PSA_NUM2025":263,"DIST_NUM2025":26,"TRACTCEN":37800,"BLKGRPCEN":2,"CenPOP2020":824,"UniqueID":3780000020},"geometry":{"type":"Point","coordinates":[-75.116914,39.97916]}},{"type":"Feature","properties":{"ProjectedLong":-8361932.868,"ProjectedLat":4862551.88,"PSA_NUM2025":263,"DIST_NUM2025":26,"TRACTCEN":37800,"BLKGRPCEN":8,"CenPOP2020":972,"UniqueID":3780000080},"geometry":{"type":"Point","coordinates":[-75.116521,39.976665]}},{"type":"Feature","properties":{"ProjectedLong":-8365079.313,"ProjectedLat":4873831.494,"PSA_NUM2025":353,"DIST_NUM2025":35,"TRACTCEN":26700,"BLKGRPCEN":1,"CenPOP2020":2599,"UniqueID":2670000010},"geometry":{"type":"Point","coordinates":[-75.144786,40.054268]}},{"type":"Feature","properties":{"ProjectedLong":-8365397.91,"ProjectedLat":4873992.635,"PSA_NUM2025":353,"DIST_NUM2025":35,"TRACTCEN":26700,"BLKGRPCEN":2,"CenPOP2020":2182,"UniqueID":2670000020},"geometry":{"type":"Point","coordinates":[-75.147648,40.055376]}},{"type":"Feature","properties":{"ProjectedLong":-8365899.07,"ProjectedLat":4873765.468,"PSA_NUM2025":353,"DIST_NUM2025":35,"TRACTCEN":26700,"BLKGRPCEN":3,"CenPOP2020":976,"UniqueID":2670000030},"geometry":{"type":"Point","coordinates":[-75.15215,40.053814]}},{"type":"Feature","properties":{"ProjectedLong":-8365766.155,"ProjectedLat":4874082.224,"PSA_NUM2025":353,"DIST_NUM2025":35,"TRACTCEN":26700,"BLKGRPCEN":4,"CenPOP2020":860,"UniqueID":2670000040},"geometry":{"type":"Point","coordinates":[-75.150956,40.055992]}},{"type":"Feature","properties":{"ProjectedLong":-8364512.586,"ProjectedLat":4874765.363,"PSA_NUM2025":351,"DIST_NUM2025":35,"TRACTCEN":26800,"BLKGRPCEN":1,"CenPOP2020":1708,"UniqueID":2680000010},"geometry":{"type":"Point","coordinates":[-75.139695,40.060689]}},{"type":"Feature","properties":{"ProjectedLong":-8364366.98,"ProjectedLat":4874080.624,"PSA_NUM2025":351,"DIST_NUM2025":35,"TRACTCEN":26800,"BLKGRPCEN":2,"CenPOP2020":818,"UniqueID":2680000020},"geometry":{"type":"Point","coordinates":[-75.138387,40.055981]}},{"type":"Feature","properties":{"ProjectedLong":-8364730.215,"ProjectedLat":4874060.117,"PSA_NUM2025":351,"DIST_NUM2025":35,"TRACTCEN":26800,"BLKGRPCEN":3,"CenPOP2020":842,"UniqueID":2680000030},"geometry":{"type":"Point","coordinates":[-75.14165,40.05584]}},{"type":"Feature","properties":{"ProjectedLong":-8364594.517,"ProjectedLat":4873296.461,"PSA_NUM2025":351,"DIST_NUM2025":35,"TRACTCEN":26800,"BLKGRPCEN":4,"CenPOP2020":1283,"UniqueID":2680000040},"geometry":{"type":"Point","coordinates":[-75.140431,40.050589]}},{"type":"Feature","properties":{"ProjectedLong":-8363251.002,"ProjectedLat":4873826.695,"PSA_NUM2025":351,"DIST_NUM2025":35,"TRACTCEN":26900,"BLKGRPCEN":1,"CenPOP2020":833,"UniqueID":2690000010},"geometry":{"type":"Point","coordinates":[-75.128362,40.054235]}},{"type":"Feature","properties":{"ProjectedLong":-8363812.497,"ProjectedLat":4874017.214,"PSA_NUM2025":351,"DIST_NUM2025":35,"TRACTCEN":26900,"BLKGRPCEN":2,"CenPOP2020":1398,"UniqueID":2690000020},"geometry":{"type":"Point","coordinates":[-75.133406,40.055545]}},{"type":"Feature","properties":{"ProjectedLong":-8363337.72,"ProjectedLat":4873125.879,"PSA_NUM2025":351,"DIST_NUM2025":35,"TRACTCEN":27000,"BLKGRPCEN":1,"CenPOP2020":760,"UniqueID":2700000010},"geometry":{"type":"Point","coordinates":[-75.129141,40.049416]}},{"type":"Feature","properties":{"ProjectedLong":-8363993.392,"ProjectedLat":4873103.338,"PSA_NUM2025":351,"DIST_NUM2025":35,"TRACTCEN":27000,"BLKGRPCEN":2,"CenPOP2020":1510,"UniqueID":2700000020},"geometry":{"type":"Point","coordinates":[-75.135031,40.049261]}},{"type":"Feature","properties":{"ProjectedLong":-8362845.799,"ProjectedLat":4873564.919,"PSA_NUM2025":351,"DIST_NUM2025":35,"TRACTCEN":27100,"BLKGRPCEN":1,"CenPOP2020":777,"UniqueID":2710000010},"geometry":{"type":"Point","coordinates":[-75.124722,40.052435]}},{"type":"Feature","properties":{"ProjectedLong":-8362800.937,"ProjectedLat":4872723.357,"PSA_NUM2025":351,"DIST_NUM2025":35,"TRACTCEN":27100,"BLKGRPCEN":2,"CenPOP2020":875,"UniqueID":2710000020},"geometry":{"type":"Point","coordinates":[-75.124319,40.046648]}},{"type":"Feature","properties":{"ProjectedLong":-8363069.663,"ProjectedLat":4872862.376,"PSA_NUM2025":351,"DIST_NUM2025":35,"TRACTCEN":27100,"BLKGRPCEN":3,"CenPOP2020":701,"UniqueID":2710000030},"geometry":{"type":"Point","coordinates":[-75.126733,40.047604]}},{"type":"Feature","properties":{"ProjectedLong":-8361769.117,"ProjectedLat":4872943.957,"PSA_NUM2025":351,"DIST_NUM2025":35,"TRACTCEN":27200,"BLKGRPCEN":1,"CenPOP2020":858,"UniqueID":2720000010},"geometry":{"type":"Point","coordinates":[-75.11505,40.048165]}},{"type":"Feature","properties":{"ProjectedLong":-8361904.036,"ProjectedLat":4872616.04,"PSA_NUM2025":351,"DIST_NUM2025":35,"TRACTCEN":27200,"BLKGRPCEN":2,"CenPOP2020":1867,"UniqueID":2720000020},"geometry":{"type":"Point","coordinates":[-75.116262,40.04591]}},{"type":"Feature","properties":{"ProjectedLong":-8362369.686,"ProjectedLat":4873126.169,"PSA_NUM2025":351,"DIST_NUM2025":35,"TRACTCEN":27200,"BLKGRPCEN":3,"CenPOP2020":1531,"UniqueID":2720000030},"geometry":{"type":"Point","coordinates":[-75.120445,40.049418]}},{"type":"Feature","properties":{"ProjectedLong":-8361886.893,"ProjectedLat":4871016.022,"PSA_NUM2025":351,"DIST_NUM2025":35,"TRACTCEN":27300,"BLKGRPCEN":1,"CenPOP2020":896,"UniqueID":2730000010},"geometry":{"type":"Point","coordinates":[-75.116108,40.034906]}},{"type":"Feature","properties":{"ProjectedLong":-8362430.911,"ProjectedLat":4872074.82,"PSA_NUM2025":351,"DIST_NUM2025":35,"TRACTCEN":27300,"BLKGRPCEN":2,"CenPOP2020":1622,"UniqueID":2730000020},"geometry":{"type":"Point","coordinates":[-75.120995,40.042188]}},{"type":"Feature","properties":{"ProjectedLong":-8362546.016,"ProjectedLat":4871374.855,"PSA_NUM2025":351,"DIST_NUM2025":35,"TRACTCEN":27300,"BLKGRPCEN":3,"CenPOP2020":2020,"UniqueID":2730000030},"geometry":{"type":"Point","coordinates":[-75.122029,40.037374]}},{"type":"Feature","properties":{"ProjectedLong":-8362083.483,"ProjectedLat":4871962.857,"PSA_NUM2025":351,"DIST_NUM2025":35,"TRACTCEN":27300,"BLKGRPCEN":4,"CenPOP2020":1413,"UniqueID":2730000040},"geometry":{"type":"Point","coordinates":[-75.117874,40.041418]}},{"type":"Feature","properties":{"ProjectedLong":-8363200.686,"ProjectedLat":4872127.312,"PSA_NUM2025":351,"DIST_NUM2025":35,"TRACTCEN":27401,"BLKGRPCEN":1,"CenPOP2020":1305,"UniqueID":2740100010},"geometry":{"type":"Point","coordinates":[-75.12791,40.042549]}},{"type":"Feature","properties":{"ProjectedLong":-8363245.213,"ProjectedLat":4871569.979,"PSA_NUM2025":351,"DIST_NUM2025":35,"TRACTCEN":27401,"BLKGRPCEN":2,"CenPOP2020":1080,"UniqueID":2740100020},"geometry":{"type":"Point","coordinates":[-75.12831,40.038716]}},{"type":"Feature","properties":{"ProjectedLong":-8363371.784,"ProjectedLat":4870947.397,"PSA_NUM2025":352,"DIST_NUM2025":35,"TRACTCEN":27401,"BLKGRPCEN":3,"CenPOP2020":913,"UniqueID":2740100030},"geometry":{"type":"Point","coordinates":[-75.129447,40.034434]}},{"type":"Feature","properties":{"ProjectedLong":-8362643.532,"ProjectedLat":4872143.598,"PSA_NUM2025":351,"DIST_NUM2025":35,"TRACTCEN":27402,"BLKGRPCEN":1,"CenPOP2020":1482,"UniqueID":2740200010},"geometry":{"type":"Point","coordinates":[-75.122905,40.042661]}},{"type":"Feature","properties":{"ProjectedLong":-8362952.554,"ProjectedLat":4871307.1,"PSA_NUM2025":351,"DIST_NUM2025":35,"TRACTCEN":27402,"BLKGRPCEN":2,"CenPOP2020":2699,"UniqueID":2740200020},"geometry":{"type":"Point","coordinates":[-75.125681,40.036908]}},{"type":"Feature","properties":{"ProjectedLong":-8362916.821,"ProjectedLat":4872196.963,"PSA_NUM2025":351,"DIST_NUM2025":35,"TRACTCEN":27402,"BLKGRPCEN":3,"CenPOP2020":2318,"UniqueID":2740200030},"geometry":{"type":"Point","coordinates":[-75.12536,40.043028]}},{"type":"Feature","properties":{"ProjectedLong":-8363616.575,"ProjectedLat":4872338.301,"PSA_NUM2025":351,"DIST_NUM2025":35,"TRACTCEN":27500,"BLKGRPCEN":1,"CenPOP2020":1399,"UniqueID":2750000010},"geometry":{"type":"Point","coordinates":[-75.131646,40.044]}},{"type":"Feature","properties":{"ProjectedLong":-8363580.508,"ProjectedLat":4871673.359,"PSA_NUM2025":351,"DIST_NUM2025":35,"TRACTCEN":27500,"BLKGRPCEN":2,"CenPOP2020":1367,"UniqueID":2750000020},"geometry":{"type":"Point","coordinates":[-75.131322,40.039427]}},{"type":"Feature","properties":{"ProjectedLong":-8363727.115,"ProjectedLat":4871057.458,"PSA_NUM2025":352,"DIST_NUM2025":35,"TRACTCEN":27500,"BLKGRPCEN":3,"CenPOP2020":909,"UniqueID":2750000030},"geometry":{"type":"Point","coordinates":[-75.132639,40.035191]}},{"type":"Feature","properties":{"ProjectedLong":-8363799.362,"ProjectedLat":4871620.869,"PSA_NUM2025":351,"DIST_NUM2025":35,"TRACTCEN":27500,"BLKGRPCEN":4,"CenPOP2020":828,"UniqueID":2750000040},"geometry":{"type":"Point","coordinates":[-75.133288,40.039066]}},{"type":"Feature","properties":{"ProjectedLong":-8364161.707,"ProjectedLat":4872371.6,"PSA_NUM2025":351,"DIST_NUM2025":35,"TRACTCEN":27600,"BLKGRPCEN":1,"CenPOP2020":1168,"UniqueID":2760000010},"geometry":{"type":"Point","coordinates":[-75.136543,40.044229]}},{"type":"Feature","properties":{"ProjectedLong":-8364711.625,"ProjectedLat":4871791.571,"PSA_NUM2025":351,"DIST_NUM2025":35,"TRACTCEN":27600,"BLKGRPCEN":2,"CenPOP2020":554,"UniqueID":2760000020},"geometry":{"type":"Point","coordinates":[-75.141483,40.04024]}},{"type":"Feature","properties":{"ProjectedLong":-8364649.954,"ProjectedLat":4872127.167,"PSA_NUM2025":351,"DIST_NUM2025":35,"TRACTCEN":27600,"BLKGRPCEN":3,"CenPOP2020":1027,"UniqueID":2760000030},"geometry":{"type":"Point","coordinates":[-75.140929,40.042548]}},{"type":"Feature","properties":{"ProjectedLong":-8364523.05,"ProjectedLat":4872503.49,"PSA_NUM2025":351,"DIST_NUM2025":35,"TRACTCEN":27600,"BLKGRPCEN":4,"CenPOP2020":797,"UniqueID":2760000040},"geometry":{"type":"Point","coordinates":[-75.139789,40.045136]}},{"type":"Feature","properties":{"ProjectedLong":-8365122.617,"ProjectedLat":4873133.295,"PSA_NUM2025":353,"DIST_NUM2025":35,"TRACTCEN":27700,"BLKGRPCEN":1,"CenPOP2020":1125,"UniqueID":2770000010},"geometry":{"type":"Point","coordinates":[-75.145175,40.049467]}},{"type":"Feature","properties":{"ProjectedLong":-8365541.512,"ProjectedLat":4873140.13,"PSA_NUM2025":353,"DIST_NUM2025":35,"TRACTCEN":27700,"BLKGRPCEN":2,"CenPOP2020":926,"UniqueID":2770000020},"geometry":{"type":"Point","coordinates":[-75.148938,40.049514]}},{"type":"Feature","properties":{"ProjectedLong":-8365870.572,"ProjectedLat":4873280.028,"PSA_NUM2025":353,"DIST_NUM2025":35,"TRACTCEN":27700,"BLKGRPCEN":3,"CenPOP2020":777,"UniqueID":2770000030},"geometry":{"type":"Point","coordinates":[-75.151894,40.050476]}},{"type":"Feature","properties":{"ProjectedLong":-8366121.152,"ProjectedLat":4873475.771,"PSA_NUM2025":353,"DIST_NUM2025":35,"TRACTCEN":27700,"BLKGRPCEN":4,"CenPOP2020":728,"UniqueID":2770000040},"geometry":{"type":"Point","coordinates":[-75.154145,40.051822]}},{"type":"Feature","properties":{"ProjectedLong":-8366335.888,"ProjectedLat":4873400.586,"PSA_NUM2025":353,"DIST_NUM2025":35,"TRACTCEN":27700,"BLKGRPCEN":5,"CenPOP2020":1362,"UniqueID":2770000050},"geometry":{"type":"Point","coordinates":[-75.156074,40.051305]}},{"type":"Feature","properties":{"ProjectedLong":-8365503.552,"ProjectedLat":4872194.2,"PSA_NUM2025":353,"DIST_NUM2025":35,"TRACTCEN":27800,"BLKGRPCEN":1,"CenPOP2020":1572,"UniqueID":2780000010},"geometry":{"type":"Point","coordinates":[-75.148597,40.043009]}},{"type":"Feature","properties":{"ProjectedLong":-8365199.872,"ProjectedLat":4872132.111,"PSA_NUM2025":353,"DIST_NUM2025":35,"TRACTCEN":27800,"BLKGRPCEN":2,"CenPOP2020":1008,"UniqueID":2780000020},"geometry":{"type":"Point","coordinates":[-75.145869,40.042582]}},{"type":"Feature","properties":{"ProjectedLong":-8365240.059,"ProjectedLat":4871731.229,"PSA_NUM2025":353,"DIST_NUM2025":35,"TRACTCEN":27800,"BLKGRPCEN":3,"CenPOP2020":765,"UniqueID":2780000030},"geometry":{"type":"Point","coordinates":[-75.14623,40.039825]}},{"type":"Feature","properties":{"ProjectedLong":-8365284.252,"ProjectedLat":4872734.99,"PSA_NUM2025":353,"DIST_NUM2025":35,"TRACTCEN":27800,"BLKGRPCEN":4,"CenPOP2020":1310,"UniqueID":2780000040},"geometry":{"type":"Point","coordinates":[-75.146627,40.046728]}},{"type":"Feature","properties":{"ProjectedLong":-8365973.209,"ProjectedLat":4872841.872,"PSA_NUM2025":353,"DIST_NUM2025":35,"TRACTCEN":27901,"BLKGRPCEN":1,"CenPOP2020":830,"UniqueID":2790100010},"geometry":{"type":"Point","coordinates":[-75.152816,40.047463]}},{"type":"Feature","properties":{"ProjectedLong":-8365840.516,"ProjectedLat":4872480.369,"PSA_NUM2025":353,"DIST_NUM2025":35,"TRACTCEN":27901,"BLKGRPCEN":2,"CenPOP2020":854,"UniqueID":2790100020},"geometry":{"type":"Point","coordinates":[-75.151624,40.044977]}},{"type":"Feature","properties":{"ProjectedLong":-8366383.31,"ProjectedLat":4872765.383,"PSA_NUM2025":353,"DIST_NUM2025":35,"TRACTCEN":27901,"BLKGRPCEN":3,"CenPOP2020":733,"UniqueID":2790100030},"geometry":{"type":"Point","coordinates":[-75.1565,40.046937]}},{"type":"Feature","properties":{"ProjectedLong":-8366305.943,"ProjectedLat":4872396.466,"PSA_NUM2025":353,"DIST_NUM2025":35,"TRACTCEN":27901,"BLKGRPCEN":4,"CenPOP2020":1379,"UniqueID":2790100040},"geometry":{"type":"Point","coordinates":[-75.155805,40.0444]}},{"type":"Feature","properties":{"ProjectedLong":-8365909.089,"ProjectedLat":4871940.174,"PSA_NUM2025":353,"DIST_NUM2025":35,"TRACTCEN":27902,"BLKGRPCEN":1,"CenPOP2020":1274,"UniqueID":2790200010},"geometry":{"type":"Point","coordinates":[-75.15224,40.041262]}},{"type":"Feature","properties":{"ProjectedLong":-8366096.328,"ProjectedLat":4871569.688,"PSA_NUM2025":353,"DIST_NUM2025":35,"TRACTCEN":27902,"BLKGRPCEN":2,"CenPOP2020":2298,"UniqueID":2790200020},"geometry":{"type":"Point","coordinates":[-75.153922,40.038714]}},{"type":"Feature","properties":{"ProjectedLong":-8366221.897,"ProjectedLat":4869296.479,"PSA_NUM2025":352,"DIST_NUM2025":35,"TRACTCEN":28000,"BLKGRPCEN":1,"CenPOP2020":852,"UniqueID":2800000010},"geometry":{"type":"Point","coordinates":[-75.15505,40.023078]}},{"type":"Feature","properties":{"ProjectedLong":-8366482.718,"ProjectedLat":4869971.438,"PSA_NUM2025":353,"DIST_NUM2025":35,"TRACTCEN":28000,"BLKGRPCEN":2,"CenPOP2020":780,"UniqueID":2800000020},"geometry":{"type":"Point","coordinates":[-75.157393,40.027721]}},{"type":"Feature","properties":{"ProjectedLong":-8366077.738,"ProjectedLat":4870132.225,"PSA_NUM2025":353,"DIST_NUM2025":35,"TRACTCEN":28000,"BLKGRPCEN":3,"CenPOP2020":1187,"UniqueID":2800000030},"geometry":{"type":"Point","coordinates":[-75.153755,40.028827]}},{"type":"Feature","properties":{"ProjectedLong":-8365781.405,"ProjectedLat":4869347.648,"PSA_NUM2025":352,"DIST_NUM2025":35,"TRACTCEN":28000,"BLKGRPCEN":4,"CenPOP2020":1361,"UniqueID":2800000040},"geometry":{"type":"Point","coordinates":[-75.151093,40.02343]}},{"type":"Feature","properties":{"ProjectedLong":-8365442.437,"ProjectedLat":4870739.491,"PSA_NUM2025":353,"DIST_NUM2025":35,"TRACTCEN":28100,"BLKGRPCEN":1,"CenPOP2020":1667,"UniqueID":2810000010},"geometry":{"type":"Point","coordinates":[-75.148048,40.033004]}},{"type":"Feature","properties":{"ProjectedLong":-8365641.031,"ProjectedLat":4870213.347,"PSA_NUM2025":353,"DIST_NUM2025":35,"TRACTCEN":28100,"BLKGRPCEN":2,"CenPOP2020":909,"UniqueID":2810000020},"geometry":{"type":"Point","coordinates":[-75.149832,40.029385]}},{"type":"Feature","properties":{"ProjectedLong":-8365535.167,"ProjectedLat":4869820.829,"PSA_NUM2025":352,"DIST_NUM2025":35,"TRACTCEN":28100,"BLKGRPCEN":3,"CenPOP2020":786,"UniqueID":2810000030},"geometry":{"type":"Point","coordinates":[-75.148881,40.026685]}},{"type":"Feature","properties":{"ProjectedLong":-8364398.038,"ProjectedLat":4870591.923,"PSA_NUM2025":352,"DIST_NUM2025":35,"TRACTCEN":28200,"BLKGRPCEN":1,"CenPOP2020":1366,"UniqueID":2820000010},"geometry":{"type":"Point","coordinates":[-75.138666,40.031989]}},{"type":"Feature","properties":{"ProjectedLong":-8364930.813,"ProjectedLat":4870778.6,"PSA_NUM2025":352,"DIST_NUM2025":35,"TRACTCEN":28200,"BLKGRPCEN":2,"CenPOP2020":1392,"UniqueID":2820000020},"geometry":{"type":"Point","coordinates":[-75.143452,40.033273]}},{"type":"Feature","properties":{"ProjectedLong":-8364497.446,"ProjectedLat":4871344.758,"PSA_NUM2025":352,"DIST_NUM2025":35,"TRACTCEN":28200,"BLKGRPCEN":3,"CenPOP2020":1938,"UniqueID":2820000030},"geometry":{"type":"Point","coordinates":[-75.139559,40.037167]}},{"type":"Feature","properties":{"ProjectedLong":-8364632.477,"ProjectedLat":4870285.601,"PSA_NUM2025":352,"DIST_NUM2025":35,"TRACTCEN":28300,"BLKGRPCEN":1,"CenPOP2020":749,"UniqueID":2830000010},"geometry":{"type":"Point","coordinates":[-75.140772,40.029882]}},{"type":"Feature","properties":{"ProjectedLong":-8364695.372,"ProjectedLat":4869856.01,"PSA_NUM2025":352,"DIST_NUM2025":35,"TRACTCEN":28300,"BLKGRPCEN":2,"CenPOP2020":745,"UniqueID":2830000020},"geometry":{"type":"Point","coordinates":[-75.141337,40.026927]}},{"type":"Feature","properties":{"ProjectedLong":-8365319.318,"ProjectedLat":4869384.862,"PSA_NUM2025":352,"DIST_NUM2025":35,"TRACTCEN":28300,"BLKGRPCEN":3,"CenPOP2020":850,"UniqueID":2830000030},"geometry":{"type":"Point","coordinates":[-75.146942,40.023686]}},{"type":"Feature","properties":{"ProjectedLong":-8365023.654,"ProjectedLat":4869342.414,"PSA_NUM2025":352,"DIST_NUM2025":35,"TRACTCEN":28300,"BLKGRPCEN":4,"CenPOP2020":1635,"UniqueID":2830000040},"geometry":{"type":"Point","coordinates":[-75.144286,40.023394]}},{"type":"Feature","properties":{"ProjectedLong":-8364968.105,"ProjectedLat":4869907.182,"PSA_NUM2025":352,"DIST_NUM2025":35,"TRACTCEN":28300,"BLKGRPCEN":5,"CenPOP2020":882,"UniqueID":2830000050},"geometry":{"type":"Point","coordinates":[-75.143787,40.027279]}},{"type":"Feature","properties":{"ProjectedLong":-8364907.881,"ProjectedLat":4870292.434,"PSA_NUM2025":352,"DIST_NUM2025":35,"TRACTCEN":28300,"BLKGRPCEN":6,"CenPOP2020":700,"UniqueID":2830000060},"geometry":{"type":"Point","coordinates":[-75.143246,40.029929]}},{"type":"Feature","properties":{"ProjectedLong":-8365204.325,"ProjectedLat":4869991.936,"PSA_NUM2025":352,"DIST_NUM2025":35,"TRACTCEN":28300,"BLKGRPCEN":7,"CenPOP2020":733,"UniqueID":2830000070},"geometry":{"type":"Point","coordinates":[-75.145909,40.027862]}},{"type":"Feature","properties":{"ProjectedLong":-8364318.333,"ProjectedLat":4870217.708,"PSA_NUM2025":352,"DIST_NUM2025":35,"TRACTCEN":28400,"BLKGRPCEN":1,"CenPOP2020":1171,"UniqueID":2840000010},"geometry":{"type":"Point","coordinates":[-75.13795,40.029415]}},{"type":"Feature","properties":{"ProjectedLong":-8364305.42,"ProjectedLat":4869903.402,"PSA_NUM2025":352,"DIST_NUM2025":35,"TRACTCEN":28400,"BLKGRPCEN":2,"CenPOP2020":962,"UniqueID":2840000020},"geometry":{"type":"Point","coordinates":[-75.137834,40.027253]}},{"type":"Feature","properties":{"ProjectedLong":-8364340.263,"ProjectedLat":4869670.223,"PSA_NUM2025":352,"DIST_NUM2025":35,"TRACTCEN":28400,"BLKGRPCEN":3,"CenPOP2020":952,"UniqueID":2840000030},"geometry":{"type":"Point","coordinates":[-75.138147,40.025649]}},{"type":"Feature","properties":{"ProjectedLong":-8363835.429,"ProjectedLat":4870133.388,"PSA_NUM2025":352,"DIST_NUM2025":35,"TRACTCEN":28500,"BLKGRPCEN":1,"CenPOP2020":2303,"UniqueID":2850000010},"geometry":{"type":"Point","coordinates":[-75.133612,40.028835]}},{"type":"Feature","properties":{"ProjectedLong":-8362919.604,"ProjectedLat":4870421.824,"PSA_NUM2025":352,"DIST_NUM2025":35,"TRACTCEN":28600,"BLKGRPCEN":1,"CenPOP2020":1586,"UniqueID":2860000010},"geometry":{"type":"Point","coordinates":[-75.125385,40.030819]}},{"type":"Feature","properties":{"ProjectedLong":-8363040.497,"ProjectedLat":4869982.341,"PSA_NUM2025":352,"DIST_NUM2025":35,"TRACTCEN":28600,"BLKGRPCEN":2,"CenPOP2020":1590,"UniqueID":2860000020},"geometry":{"type":"Point","coordinates":[-75.126471,40.027796]}},{"type":"Feature","properties":{"ProjectedLong":-8363474.198,"ProjectedLat":4869785.213,"PSA_NUM2025":352,"DIST_NUM2025":35,"TRACTCEN":28600,"BLKGRPCEN":3,"CenPOP2020":2435,"UniqueID":2860000030},"geometry":{"type":"Point","coordinates":[-75.130367,40.02644]}},{"type":"Feature","properties":{"ProjectedLong":-8363452.379,"ProjectedLat":4870472.853,"PSA_NUM2025":352,"DIST_NUM2025":35,"TRACTCEN":28600,"BLKGRPCEN":4,"CenPOP2020":1057,"UniqueID":2860000040},"geometry":{"type":"Point","coordinates":[-75.130171,40.03117]}},{"type":"Feature","properties":{"ProjectedLong":-8362188.457,"ProjectedLat":4869996.297,"PSA_NUM2025":352,"DIST_NUM2025":35,"TRACTCEN":29000,"BLKGRPCEN":1,"CenPOP2020":1551,"UniqueID":2900000010},"geometry":{"type":"Point","coordinates":[-75.118817,40.027892]}},{"type":"Feature","properties":{"ProjectedLong":-8361745.962,"ProjectedLat":4870371.812,"PSA_NUM2025":352,"DIST_NUM2025":35,"TRACTCEN":29000,"BLKGRPCEN":2,"CenPOP2020":2867,"UniqueID":2900000020},"geometry":{"type":"Point","coordinates":[-75.114842,40.030475]}},{"type":"Feature","properties":{"ProjectedLong":-8362369.129,"ProjectedLat":4870337.793,"PSA_NUM2025":352,"DIST_NUM2025":35,"TRACTCEN":29000,"BLKGRPCEN":3,"CenPOP2020":1777,"UniqueID":2900000030},"geometry":{"type":"Point","coordinates":[-75.12044,40.030241]}},{"type":"Feature","properties":{"ProjectedLong":-8369733.915,"ProjectedLat":4866894.153,"PSA_NUM2025":391,"DIST_NUM2025":39,"TRACTCEN":17000,"BLKGRPCEN":1,"CenPOP2020":1384,"UniqueID":1700000010},"geometry":{"type":"Point","coordinates":[-75.186599,40.00655]}},{"type":"Feature","properties":{"ProjectedLong":-8368926.404,"ProjectedLat":4867654.41,"PSA_NUM2025":391,"DIST_NUM2025":39,"TRACTCEN":17000,"BLKGRPCEN":2,"CenPOP2020":491,"UniqueID":1700000020},"geometry":{"type":"Point","coordinates":[-75.179345,40.011781]}},{"type":"Feature","properties":{"ProjectedLong":-8369277.505,"ProjectedLat":4866972.197,"PSA_NUM2025":391,"DIST_NUM2025":39,"TRACTCEN":17000,"BLKGRPCEN":3,"CenPOP2020":1251,"UniqueID":1700000030},"geometry":{"type":"Point","coordinates":[-75.182499,40.007087]}},{"type":"Feature","properties":{"ProjectedLong":-8368378.266,"ProjectedLat":4866447.997,"PSA_NUM2025":393,"DIST_NUM2025":39,"TRACTCEN":17100,"BLKGRPCEN":1,"CenPOP2020":686,"UniqueID":1710000010},"geometry":{"type":"Point","coordinates":[-75.174421,40.00348]}},{"type":"Feature","properties":{"ProjectedLong":-8367950.02,"ProjectedLat":4866264.163,"PSA_NUM2025":393,"DIST_NUM2025":39,"TRACTCEN":17100,"BLKGRPCEN":2,"CenPOP2020":821,"UniqueID":1710000020},"geometry":{"type":"Point","coordinates":[-75.170574,40.002215]}},{"type":"Feature","properties":{"ProjectedLong":-8368233.774,"ProjectedLat":4866713.072,"PSA_NUM2025":393,"DIST_NUM2025":39,"TRACTCEN":17100,"BLKGRPCEN":3,"CenPOP2020":1469,"UniqueID":1710000030},"geometry":{"type":"Point","coordinates":[-75.173123,40.005304]}},{"type":"Feature","properties":{"ProjectedLong":-8368408.545,"ProjectedLat":4866317.06,"PSA_NUM2025":393,"DIST_NUM2025":39,"TRACTCEN":17100,"BLKGRPCEN":4,"CenPOP2020":746,"UniqueID":1710000040},"geometry":{"type":"Point","coordinates":[-75.174693,40.002579]}},{"type":"Feature","properties":{"ProjectedLong":-8367757.549,"ProjectedLat":4865791.441,"PSA_NUM2025":393,"DIST_NUM2025":39,"TRACTCEN":17201,"BLKGRPCEN":1,"CenPOP2020":902,"UniqueID":1720100010},"geometry":{"type":"Point","coordinates":[-75.168845,39.998962]}},{"type":"Feature","properties":{"ProjectedLong":-8367863.302,"ProjectedLat":4865466.232,"PSA_NUM2025":393,"DIST_NUM2025":39,"TRACTCEN":17201,"BLKGRPCEN":2,"CenPOP2020":989,"UniqueID":1720100020},"geometry":{"type":"Point","coordinates":[-75.169795,39.996724]}},{"type":"Feature","properties":{"ProjectedLong":-8367663.484,"ProjectedLat":4866192.955,"PSA_NUM2025":393,"DIST_NUM2025":39,"TRACTCEN":17201,"BLKGRPCEN":3,"CenPOP2020":1012,"UniqueID":1720100030},"geometry":{"type":"Point","coordinates":[-75.168,40.001725]}},{"type":"Feature","properties":{"ProjectedLong":-8368183.791,"ProjectedLat":4865970.471,"PSA_NUM2025":393,"DIST_NUM2025":39,"TRACTCEN":17202,"BLKGRPCEN":1,"CenPOP2020":1070,"UniqueID":1720200010},"geometry":{"type":"Point","coordinates":[-75.172674,40.000194]}},{"type":"Feature","properties":{"ProjectedLong":-8368450.179,"ProjectedLat":4865738.547,"PSA_NUM2025":393,"DIST_NUM2025":39,"TRACTCEN":17202,"BLKGRPCEN":2,"CenPOP2020":961,"UniqueID":1720200020},"geometry":{"type":"Point","coordinates":[-75.175067,39.998598]}},{"type":"Feature","properties":{"ProjectedLong":-8368695.304,"ProjectedLat":4865608.201,"PSA_NUM2025":393,"DIST_NUM2025":39,"TRACTCEN":17202,"BLKGRPCEN":3,"CenPOP2020":725,"UniqueID":1720200030},"geometry":{"type":"Point","coordinates":[-75.177269,39.997701]}},{"type":"Feature","properties":{"ProjectedLong":-8368127.798,"ProjectedLat":4865677.806,"PSA_NUM2025":393,"DIST_NUM2025":39,"TRACTCEN":17202,"BLKGRPCEN":4,"CenPOP2020":973,"UniqueID":1720200040},"geometry":{"type":"Point","coordinates":[-75.172171,39.99818]}},{"type":"Feature","properties":{"ProjectedLong":-8367326.742,"ProjectedLat":4865725.904,"PSA_NUM2025":393,"DIST_NUM2025":39,"TRACTCEN":17300,"BLKGRPCEN":1,"CenPOP2020":1086,"UniqueID":1730000010},"geometry":{"type":"Point","coordinates":[-75.164975,39.998511]}},{"type":"Feature","properties":{"ProjectedLong":-8367110.226,"ProjectedLat":4866107.943,"PSA_NUM2025":393,"DIST_NUM2025":39,"TRACTCEN":17300,"BLKGRPCEN":2,"CenPOP2020":548,"UniqueID":1730000020},"geometry":{"type":"Point","coordinates":[-75.16303,40.00114]}},{"type":"Feature","properties":{"ProjectedLong":-8366841.167,"ProjectedLat":4865375.558,"PSA_NUM2025":393,"DIST_NUM2025":39,"TRACTCEN":17300,"BLKGRPCEN":3,"CenPOP2020":1238,"UniqueID":1730000030},"geometry":{"type":"Point","coordinates":[-75.160613,39.9961]}},{"type":"Feature","properties":{"ProjectedLong":-8366286.462,"ProjectedLat":4866785.301,"PSA_NUM2025":392,"DIST_NUM2025":39,"TRACTCEN":20101,"BLKGRPCEN":1,"CenPOP2020":1673,"UniqueID":2010100010},"geometry":{"type":"Point","coordinates":[-75.15563,40.005801]}},{"type":"Feature","properties":{"ProjectedLong":-8366109.241,"ProjectedLat":4866042.404,"PSA_NUM2025":393,"DIST_NUM2025":39,"TRACTCEN":20101,"BLKGRPCEN":2,"CenPOP2020":668,"UniqueID":2010100020},"geometry":{"type":"Point","coordinates":[-75.154038,40.000689]}},{"type":"Feature","properties":{"ProjectedLong":-8366354.033,"ProjectedLat":4866115.063,"PSA_NUM2025":393,"DIST_NUM2025":39,"TRACTCEN":20101,"BLKGRPCEN":3,"CenPOP2020":1409,"UniqueID":2010100030},"geometry":{"type":"Point","coordinates":[-75.156237,40.001189]}},{"type":"Feature","properties":{"ProjectedLong":-8366056.253,"ProjectedLat":4867444.247,"PSA_NUM2025":392,"DIST_NUM2025":39,"TRACTCEN":20102,"BLKGRPCEN":1,"CenPOP2020":854,"UniqueID":2010200010},"geometry":{"type":"Point","coordinates":[-75.153562,40.010335]}},{"type":"Feature","properties":{"ProjectedLong":-8366108.796,"ProjectedLat":4867216.649,"PSA_NUM2025":392,"DIST_NUM2025":39,"TRACTCEN":20102,"BLKGRPCEN":2,"CenPOP2020":643,"UniqueID":2010200020},"geometry":{"type":"Point","coordinates":[-75.154034,40.008769]}},{"type":"Feature","properties":{"ProjectedLong":-8366401.678,"ProjectedLat":4867491.919,"PSA_NUM2025":392,"DIST_NUM2025":39,"TRACTCEN":20102,"BLKGRPCEN":3,"CenPOP2020":918,"UniqueID":2010200030},"geometry":{"type":"Point","coordinates":[-75.156665,40.010663]}},{"type":"Feature","properties":{"ProjectedLong":-8366094.658,"ProjectedLat":4867763.999,"PSA_NUM2025":392,"DIST_NUM2025":39,"TRACTCEN":20102,"BLKGRPCEN":4,"CenPOP2020":1075,"UniqueID":2010200040},"geometry":{"type":"Point","coordinates":[-75.153907,40.012535]}},{"type":"Feature","properties":{"ProjectedLong":-8367252.381,"ProjectedLat":4866897.787,"PSA_NUM2025":392,"DIST_NUM2025":39,"TRACTCEN":20200,"BLKGRPCEN":1,"CenPOP2020":1830,"UniqueID":2020000010},"geometry":{"type":"Point","coordinates":[-75.164307,40.006575]}},{"type":"Feature","properties":{"ProjectedLong":-8366696.118,"ProjectedLat":4866823.232,"PSA_NUM2025":392,"DIST_NUM2025":39,"TRACTCEN":20200,"BLKGRPCEN":2,"CenPOP2020":598,"UniqueID":2020000020},"geometry":{"type":"Point","coordinates":[-75.15931,40.006062]}},{"type":"Feature","properties":{"ProjectedLong":-8366654.595,"ProjectedLat":4867497.006,"PSA_NUM2025":392,"DIST_NUM2025":39,"TRACTCEN":20200,"BLKGRPCEN":3,"CenPOP2020":1607,"UniqueID":2020000030},"geometry":{"type":"Point","coordinates":[-75.158937,40.010698]}},{"type":"Feature","properties":{"ProjectedLong":-8367214.087,"ProjectedLat":4867329.575,"PSA_NUM2025":392,"DIST_NUM2025":39,"TRACTCEN":20200,"BLKGRPCEN":4,"CenPOP2020":897,"UniqueID":2020000040},"geometry":{"type":"Point","coordinates":[-75.163963,40.009546]}},{"type":"Feature","properties":{"ProjectedLong":-8366388.764,"ProjectedLat":4869090.787,"PSA_NUM2025":392,"DIST_NUM2025":39,"TRACTCEN":20400,"BLKGRPCEN":1,"CenPOP2020":658,"UniqueID":2040000010},"geometry":{"type":"Point","coordinates":[-75.156549,40.021663]}},{"type":"Feature","properties":{"ProjectedLong":-8365777.286,"ProjectedLat":4868659.358,"PSA_NUM2025":392,"DIST_NUM2025":39,"TRACTCEN":20400,"BLKGRPCEN":2,"CenPOP2020":705,"UniqueID":2040000020},"geometry":{"type":"Point","coordinates":[-75.151056,40.018695]}},{"type":"Feature","properties":{"ProjectedLong":-8365794.541,"ProjectedLat":4869008.803,"PSA_NUM2025":392,"DIST_NUM2025":39,"TRACTCEN":20400,"BLKGRPCEN":3,"CenPOP2020":890,"UniqueID":2040000030},"geometry":{"type":"Point","coordinates":[-75.151211,40.021099]}},{"type":"Feature","properties":{"ProjectedLong":-8366086.755,"ProjectedLat":4868675.493,"PSA_NUM2025":392,"DIST_NUM2025":39,"TRACTCEN":20400,"BLKGRPCEN":4,"CenPOP2020":799,"UniqueID":2040000040},"geometry":{"type":"Point","coordinates":[-75.153836,40.018806]}},{"type":"Feature","properties":{"ProjectedLong":-8367243.364,"ProjectedLat":4867874.025,"PSA_NUM2025":392,"DIST_NUM2025":39,"TRACTCEN":20500,"BLKGRPCEN":1,"CenPOP2020":710,"UniqueID":2050000010},"geometry":{"type":"Point","coordinates":[-75.164226,40.013292]}},{"type":"Feature","properties":{"ProjectedLong":-8366477.931,"ProjectedLat":4868579.848,"PSA_NUM2025":392,"DIST_NUM2025":39,"TRACTCEN":20500,"BLKGRPCEN":2,"CenPOP2020":2018,"UniqueID":2050000020},"geometry":{"type":"Point","coordinates":[-75.15735,40.018148]}},{"type":"Feature","properties":{"ProjectedLong":-8369406.858,"ProjectedLat":4869088.607,"PSA_NUM2025":391,"DIST_NUM2025":39,"TRACTCEN":20600,"BLKGRPCEN":1,"CenPOP2020":2043,"UniqueID":2060000010},"geometry":{"type":"Point","coordinates":[-75.183661,40.021648]}},{"type":"Feature","properties":{"ProjectedLong":-8370430.219,"ProjectedLat":4867386.402,"PSA_NUM2025":391,"DIST_NUM2025":39,"TRACTCEN":20701,"BLKGRPCEN":1,"CenPOP2020":1247,"UniqueID":2070100010},"geometry":{"type":"Point","coordinates":[-75.192854,40.009937]}},{"type":"Feature","properties":{"ProjectedLong":-8370017.223,"ProjectedLat":4867758.912,"PSA_NUM2025":391,"DIST_NUM2025":39,"TRACTCEN":20701,"BLKGRPCEN":2,"CenPOP2020":1796,"UniqueID":2070100020},"geometry":{"type":"Point","coordinates":[-75.189144,40.0125]}},{"type":"Feature","properties":{"ProjectedLong":-8369753.953,"ProjectedLat":4867999.023,"PSA_NUM2025":391,"DIST_NUM2025":39,"TRACTCEN":20701,"BLKGRPCEN":3,"CenPOP2020":820,"UniqueID":2070100030},"geometry":{"type":"Point","coordinates":[-75.186779,40.014152]}},{"type":"Feature","properties":{"ProjectedLong":-8371011.195,"ProjectedLat":4867667.927,"PSA_NUM2025":391,"DIST_NUM2025":39,"TRACTCEN":20702,"BLKGRPCEN":1,"CenPOP2020":855,"UniqueID":2070200010},"geometry":{"type":"Point","coordinates":[-75.198073,40.011874]}},{"type":"Feature","properties":{"ProjectedLong":-8370652.635,"ProjectedLat":4868111.522,"PSA_NUM2025":391,"DIST_NUM2025":39,"TRACTCEN":20702,"BLKGRPCEN":2,"CenPOP2020":1609,"UniqueID":2070200020},"geometry":{"type":"Point","coordinates":[-75.194852,40.014926]}},{"type":"Feature","properties":{"ProjectedLong":-8371130.975,"ProjectedLat":4868425.191,"PSA_NUM2025":391,"DIST_NUM2025":39,"TRACTCEN":20800,"BLKGRPCEN":1,"CenPOP2020":838,"UniqueID":2080000010},"geometry":{"type":"Point","coordinates":[-75.199149,40.017084]}},{"type":"Feature","properties":{"ProjectedLong":-8369810.392,"ProjectedLat":4869683.597,"PSA_NUM2025":391,"DIST_NUM2025":39,"TRACTCEN":20800,"BLKGRPCEN":2,"CenPOP2020":1652,"UniqueID":2080000020},"geometry":{"type":"Point","coordinates":[-75.187286,40.025741]}},{"type":"Feature","properties":{"ProjectedLong":-8369627.271,"ProjectedLat":4870459.042,"PSA_NUM2025":391,"DIST_NUM2025":39,"TRACTCEN":23900,"BLKGRPCEN":2,"CenPOP2020":836,"UniqueID":2390000020},"geometry":{"type":"Point","coordinates":[-75.185641,40.031075]}},{"type":"Feature","properties":{"ProjectedLong":-8368669.144,"ProjectedLat":4869802.803,"PSA_NUM2025":391,"DIST_NUM2025":39,"TRACTCEN":24000,"BLKGRPCEN":1,"CenPOP2020":1884,"UniqueID":2400000010},"geometry":{"type":"Point","coordinates":[-75.177034,40.026561]}},{"type":"Feature","properties":{"ProjectedLong":-8369196.242,"ProjectedLat":4870086.867,"PSA_NUM2025":391,"DIST_NUM2025":39,"TRACTCEN":24000,"BLKGRPCEN":2,"CenPOP2020":1924,"UniqueID":2400000020},"geometry":{"type":"Point","coordinates":[-75.181769,40.028515]}},{"type":"Feature","properties":{"ProjectedLong":-8367892.691,"ProjectedLat":4870328.198,"PSA_NUM2025":391,"DIST_NUM2025":39,"TRACTCEN":24200,"BLKGRPCEN":1,"CenPOP2020":639,"UniqueID":2420000010},"geometry":{"type":"Point","coordinates":[-75.170059,40.030175]}},{"type":"Feature","properties":{"ProjectedLong":-8368192.474,"ProjectedLat":4870005.747,"PSA_NUM2025":391,"DIST_NUM2025":39,"TRACTCEN":24200,"BLKGRPCEN":2,"CenPOP2020":1058,"UniqueID":2420000020},"geometry":{"type":"Point","coordinates":[-75.172752,40.027957]}},{"type":"Feature","properties":{"ProjectedLong":-8367534.353,"ProjectedLat":4870120.014,"PSA_NUM2025":391,"DIST_NUM2025":39,"TRACTCEN":24200,"BLKGRPCEN":3,"CenPOP2020":1153,"UniqueID":2420000030},"geometry":{"type":"Point","coordinates":[-75.16684,40.028743]}},{"type":"Feature","properties":{"ProjectedLong":-8367810.426,"ProjectedLat":4869754.248,"PSA_NUM2025":391,"DIST_NUM2025":39,"TRACTCEN":24200,"BLKGRPCEN":4,"CenPOP2020":1263,"UniqueID":2420000040},"geometry":{"type":"Point","coordinates":[-75.16932,40.026227]}},{"type":"Feature","properties":{"ProjectedLong":-8368507.954,"ProjectedLat":4869415.68,"PSA_NUM2025":391,"DIST_NUM2025":39,"TRACTCEN":24300,"BLKGRPCEN":1,"CenPOP2020":860,"UniqueID":2430000010},"geometry":{"type":"Point","coordinates":[-75.175586,40.023898]}},{"type":"Feature","properties":{"ProjectedLong":-8368191.138,"ProjectedLat":4869108.522,"PSA_NUM2025":391,"DIST_NUM2025":39,"TRACTCEN":24300,"BLKGRPCEN":2,"CenPOP2020":1386,"UniqueID":2430000020},"geometry":{"type":"Point","coordinates":[-75.17274,40.021785]}},{"type":"Feature","properties":{"ProjectedLong":-8367533.463,"ProjectedLat":4869079.594,"PSA_NUM2025":391,"DIST_NUM2025":39,"TRACTCEN":24300,"BLKGRPCEN":3,"CenPOP2020":956,"UniqueID":2430000030},"geometry":{"type":"Point","coordinates":[-75.166832,40.021586]}},{"type":"Feature","properties":{"ProjectedLong":-8367752.54,"ProjectedLat":4868831.462,"PSA_NUM2025":391,"DIST_NUM2025":39,"TRACTCEN":24300,"BLKGRPCEN":4,"CenPOP2020":676,"UniqueID":2430000040},"geometry":{"type":"Point","coordinates":[-75.1688,40.019879]}},{"type":"Feature","properties":{"ProjectedLong":-8367294.794,"ProjectedLat":4869212.602,"PSA_NUM2025":391,"DIST_NUM2025":39,"TRACTCEN":24400,"BLKGRPCEN":1,"CenPOP2020":853,"UniqueID":2440000010},"geometry":{"type":"Point","coordinates":[-75.164688,40.022501]}},{"type":"Feature","properties":{"ProjectedLong":-8367063.138,"ProjectedLat":4869493.888,"PSA_NUM2025":391,"DIST_NUM2025":39,"TRACTCEN":24400,"BLKGRPCEN":2,"CenPOP2020":904,"UniqueID":2440000020},"geometry":{"type":"Point","coordinates":[-75.162607,40.024436]}},{"type":"Feature","properties":{"ProjectedLong":-8367295.016,"ProjectedLat":4869775.763,"PSA_NUM2025":391,"DIST_NUM2025":39,"TRACTCEN":24400,"BLKGRPCEN":3,"CenPOP2020":1395,"UniqueID":2440000030},"geometry":{"type":"Point","coordinates":[-75.16469,40.026375]}},{"type":"Feature","properties":{"ProjectedLong":-8374354.676,"ProjectedLat":4848527.767,"PSA_NUM2025":77,"DIST_NUM2025":77,"TRACTCEN":980400,"BLKGRPCEN":1,"CenPOP2020":0,"UniqueID":98040000010},"geometry":{"type":"Point","coordinates":[-75.228108,39.880057]}}]}