{
"type": "FeatureCollection",
"name": "district_complaints",
"crs": { "type": "name", "properties": { "name": "urn:ogc:def:crs:OGC:1.3:CRS84" } },
"features": [
{ "type": "Feature", "properties": { "district": 24.0, "complaints": 0, "population": 68374.0, "cat_departmental_violations": 0, "cat_lack_of_service": 0, "cat_other": 0, "cat_physical_abuse": 0, "cat_unprofessional_conduct": 0, "cat_verbal_abuse": 0, "race_black": 0, "race_latino": 0, "race_other": 0, "race_unknown": 0, "race_white": 0, "per_50k": 0.0 }, "geometry": { "type": "Polygon", "coordinates": [ [ [ -75.105490020849714, 40.019207552970087 ], [ -75.10550274215602, 40.019199697012738 ], [ -75.105576538190306, 40.019114910071842 ], [ -75.105630311204777, 40.019034865432793 ], [ -75.105708914349009, 40.018910963587963 ], [ -75.105715974301901, 40.018900876028276 ], [ -75.10576790424426, 40.018840518787407 ], [ -75.105785895050673, 40.018823799957332 ], [ -75.105896900762815, 40.018762235105065 ], [ -75.105997052525368, 40.018697018828973 ], [ -75.106411508673716, 40.018533036226884 ], [ -75.106853624946879, 40.018378876703871 ], [ -75.107130274360287, 40.018227100861232 ], [ -75.107157618704207, 40.018212098231658 ], [ -75.10729094346965, 40.018070277307331 ], [ -75.107384126889968, 40.017936163399 ], [ -75.107480869927542, 40.017707350929079 ], [ -75.107534012682308, 40.017529647977042 ], [ -75.107535991532174, 40.017335762687679 ], [ -75.107483446473722, 40.017157621468407 ], [ -75.107409365977119, 40.016980177557336 ], [ -75.107338679676246, 40.016882981899641 ], [ -75.10707986765577, 40.016680615400446 ], [ -75.106973423523968, 40.016593719673459 ], [ -75.106884255026628, 40.016528500282256 ], [ -75.106693140364243, 40.016452716555207 ], [ -75.106493002398892, 40.016408448292005 ], [ -75.106255621220072, 40.016388594308594 ], [ -75.106076944804215, 40.016359800915403 ], [ -75.105435325376646, 40.016285432494826 ], [ -75.105287326454601, 40.01625763364946 ], [ -75.104977386674207, 40.016196759435523 ], [ -75.104687968658183, 40.016181482675023 ], [ -75.104456780315914, 40.016168796571911 ], [ -75.10427745682037, 40.016164664722652 ], [ -75.104114250229415, 40.016149972655917 ], [ -75.103763988606289, 40.016124769522214 ], [ -75.103224333059075, 40.016043647094641 ], [ -75.103006388859029, 40.015991283613076 ], [ -75.102773474770714, 40.015966919275037 ], [ -75.102757570913838, 40.015967685204842 ], [ -75.102557970676614, 40.015960684615578 ], [ -75.102090999808254, 40.016012043793637 ], [ -75.102058539326777, 40.016015438162434 ], [ -75.102008959594784, 40.016020623627554 ], [ -75.101830744008993, 40.016039258281815 ], [ -75.101570277468923, 40.016040721194202 ], [ -75.101397309708346, 40.016030992753407 ], [ -75.101022071373237, 40.016016505837307 ], [ -75.10061281431139, 40.016037292116231 ], [ -75.100261128718941, 40.016099311430025 ], [ -75.100016873606052, 40.016172450059621 ], [ -75.099709925120067, 40.016264359420731 ], [ -75.099570404208421, 40.01628926831502 ], [ -75.099496906553767, 40.016298798624334 ], [ -75.099422171113716, 40.016310136621051 ], [ -75.099323779654853, 40.016325064214655 ], [ -75.099205860261179, 40.016334768122093 ], [ -75.099170329756291, 40.016334636241119 ], [ -75.099012736070179, 40.016350660207998 ], [ -75.098795243762339, 40.016361037234255 ], [ -75.098589260051, 40.016336017563816 ], [ -75.098378054011761, 40.016285844380533 ], [ -75.098163493908672, 40.016208746114572 ], [ -75.098131783390642, 40.016194194578091 ], [ -75.097892311593114, 40.016084303044572 ], [ -75.097638635989242, 40.016021149332772 ], [ -75.09741325303068, 40.015996021788027 ], [ -75.097150109779022, 40.016001259355001 ], [ -75.096920075435278, 40.015994913566097 ], [ -75.096717300590839, 40.015989745962564 ], [ -75.09644002483445, 40.015965509547939 ], [ -75.096177359290152, 40.015911526382254 ], [ -75.095970086661026, 40.015825624363039 ], [ -75.095682991400153, 40.015672975143595 ], [ -75.095434318607431, 40.015524440093309 ], [ -75.095072714935654, 40.015308447559718 ], [ -75.094666355073088, 40.015029658214949 ], [ -75.094628094139807, 40.014995841426106 ], [ -75.094454397636326, 40.014856156246204 ], [ -75.094330971374575, 40.014704550472558 ], [ -75.09412474757498, 40.014405183223133 ], [ -75.093706183775438, 40.013726849924488 ], [ -75.09360013801151, 40.013528681572652 ], [ -75.09355102235395, 40.013436900096387 ], [ -75.093509030282419, 40.013329787396081 ], [ -75.093471814323649, 40.013174922148437 ], [ -75.093467414169936, 40.013004719150999 ], [ -75.093466351990358, 40.01296361904437 ], [ -75.093489519503805, 40.012788512516522 ], [ -75.093535668704931, 40.012651575790962 ], [ -75.09364994885766, 40.012461179164532 ], [ -75.093710207986248, 40.012360785968617 ], [ -75.094289799462373, 40.01149858322264 ], [ -75.094615389627336, 40.011014221354294 ], [ -75.094858021635233, 40.010667539456975 ], [ -75.09495427229524, 40.010510265780262 ], [ -75.094991245815422, 40.010458622854372 ], [ -75.095019582673388, 40.010404570858142 ], [ -75.09503216167596, 40.010371819864616 ], [ -75.095041740226605, 40.010338428229261 ], [ -75.095048469117884, 40.010298173283203 ], [ -75.09505207974928, 40.010242822360027 ], [ -75.095050717475445, 40.010171470280739 ], [ -75.09504008401268, 40.01007387739287 ], [ -75.095029133321646, 40.010002014350398 ], [ -75.095018177008228, 40.0099589690005 ], [ -75.094998770275367, 40.009898329233458 ], [ -75.09496210064124, 40.009801872339715 ], [ -75.094900496395908, 40.009665113932435 ], [ -75.09484708531626, 40.009547079271101 ], [ -75.09482831004442, 40.009511525391687 ], [ -75.094809227683513, 40.009480408314992 ], [ -75.094763911652464, 40.009418328628307 ], [ -75.094730847495839, 40.009380634986528 ], [ -75.094694652363785, 40.00934459170189 ], [ -75.094655326293946, 40.009310197871145 ], [ -75.094612869288099, 40.00927745349103 ], [ -75.093595676610676, 40.008655603116466 ], [ -75.093119280120334, 40.008364356186853 ], [ -75.092953517712971, 40.008263015242449 ], [ -75.092942650666416, 40.008255571668251 ], [ -75.092742801042036, 40.008129409957384 ], [ -75.092643222475232, 40.008017557116439 ], [ -75.092625948293005, 40.007998983376268 ], [ -75.092501199296578, 40.007874405425177 ], [ -75.092224348117327, 40.007553107789349 ], [ -75.092207750287713, 40.007530881518022 ], [ -75.092148357317512, 40.007413943184254 ], [ -75.092119945756806, 40.007338906655704 ], [ -75.092112522745481, 40.007290636566225 ], [ -75.092117345026438, 40.0072279477533 ], [ -75.09213960013318, 40.007135057015418 ], [ -75.092158237425863, 40.007068491903702 ], [ -75.092160207154777, 40.007061456257404 ], [ -75.092191885038801, 40.006992658424537 ], [ -75.092228828272198, 40.006932486462482 ], [ -75.092253824089639, 40.006894689067451 ], [ -75.092275705483672, 40.006871827235443 ], [ -75.092548302054439, 40.00660824549847 ], [ -75.092780740082006, 40.006359543258995 ], [ -75.092800783661559, 40.006335999061221 ], [ -75.092820042372466, 40.006313378277277 ], [ -75.092832431960574, 40.006298826768564 ], [ -75.092866386508987, 40.006223324592987 ], [ -75.092881293446922, 40.006159301368349 ], [ -75.092881561647488, 40.006081137254931 ], [ -75.092856682023694, 40.005878070585133 ], [ -75.092815052918809, 40.005752520747954 ], [ -75.092796694374272, 40.005718976428646 ], [ -75.092758407109031, 40.005667878173206 ], [ -75.092703344432437, 40.005615115744014 ], [ -75.092578250379162, 40.005498533688161 ], [ -75.092439899828705, 40.005349877664649 ], [ -75.092183469249051, 40.005109733000801 ], [ -75.091993482967851, 40.004954208925319 ], [ -75.09192484991236, 40.004903393500825 ], [ -75.09169865551064, 40.004742244245605 ], [ -75.09148695945855, 40.004645120964156 ], [ -75.091406330337591, 40.004608130444424 ], [ -75.090364440206002, 40.004254652939963 ], [ -75.090273108313284, 40.004225276995776 ], [ -75.090031933315387, 40.004120708383333 ], [ -75.089419381654082, 40.003870703149573 ], [ -75.089250361130411, 40.003796439127434 ], [ -75.089177274754675, 40.003764326127822 ], [ -75.089069693800468, 40.003717057305337 ], [ -75.088598743098174, 40.003428486303001 ], [ -75.088580545125495, 40.003417754740788 ], [ -75.088382099870302, 40.003252655675603 ], [ -75.08824858375057, 40.003134464130142 ], [ -75.088195974279145, 40.003063557120406 ], [ -75.088110893566849, 40.002948883407178 ], [ -75.088070010410917, 40.002880957657737 ], [ -75.087963969441134, 40.002725169088663 ], [ -75.087768151653307, 40.002310553041887 ], [ -75.08770580165762, 40.002150803682177 ], [ -75.087689539662449, 40.00210403839381 ], [ -75.087646963800807, 40.00198160004642 ], [ -75.08760861512566, 40.001846437942987 ], [ -75.087569829802007, 40.001659312730219 ], [ -75.087526583631472, 40.001272236448244 ], [ -75.087526561091323, 40.001086734666657 ], [ -75.087492613619474, 40.000630426488534 ], [ -75.087429742935285, 40.000365282099253 ], [ -75.087368458639759, 40.000179259497187 ], [ -75.087317363299761, 40.000099908351636 ], [ -75.087255064595013, 40.000003159557266 ], [ -75.087224188720668, 39.999955207318713 ], [ -75.087203891214344, 39.999923684003122 ], [ -75.087139792745333, 39.999825126453509 ], [ -75.086940652328124, 39.999567165414945 ], [ -75.086801643004321, 39.999398524206931 ], [ -75.086595895530053, 39.999188189499684 ], [ -75.08646979244773, 39.999069579229712 ], [ -75.086279414902094, 39.998846720187593 ], [ -75.08605523281733, 39.998583854084842 ], [ -75.085905783210421, 39.998448236657275 ], [ -75.085591502799247, 39.998190626484586 ], [ -75.085542385878455, 39.998150365105111 ], [ -75.085287744359547, 39.997941637511232 ], [ -75.085209793690012, 39.997881998359802 ], [ -75.08518213762683, 39.997864873625367 ], [ -75.084331947939958, 39.997252187415086 ], [ -75.084217558494061, 39.997187405192449 ], [ -75.083962834402271, 39.997003261925883 ], [ -75.083917151457683, 39.996969993240008 ], [ -75.083812878084288, 39.996875579692208 ], [ -75.083269243769223, 39.996364161903635 ], [ -75.083220110857098, 39.996314293108846 ], [ -75.083099205071022, 39.996202576330596 ], [ -75.082744003633522, 39.995852170411254 ], [ -75.082488209227648, 39.995537625500923 ], [ -75.082393529871553, 39.995411426772876 ], [ -75.082341276176635, 39.995363884512336 ], [ -75.08227010480212, 39.995287662162298 ], [ -75.081919174735418, 39.994941149724404 ], [ -75.081847138143587, 39.994824241229971 ], [ -75.081817283758568, 39.99477990447815 ], [ -75.080844961108966, 39.9936698525023 ], [ -75.080701660066751, 39.993523576296553 ], [ -75.080422973034231, 39.993205757494927 ], [ -75.080042223024265, 39.992771538961833 ], [ -75.07954234069787, 39.992201449216857 ], [ -75.079396667073823, 39.992035314758247 ], [ -75.079381901622355, 39.992019985991931 ], [ -75.079002866337348, 39.991626523437503 ], [ -75.07884682005168, 39.991482359307128 ], [ -75.078460940983206, 39.991125859350632 ], [ -75.07826622210392, 39.990945963576685 ], [ -75.078235373766177, 39.990917463690145 ], [ -75.077444011687149, 39.990295852780768 ], [ -75.076818553939418, 39.989804547002699 ], [ -75.076406018981046, 39.989480488862533 ], [ -75.075368050058557, 39.988665114610171 ], [ -75.075274927173382, 39.988591959457573 ], [ -75.073962890840761, 39.987561247048866 ], [ -75.073879770263815, 39.987502616249216 ], [ -75.073824828856104, 39.987463861699439 ], [ -75.072826480423245, 39.986684462636603 ], [ -75.072327313662825, 39.986294758914582 ], [ -75.071828151423816, 39.985905053890221 ], [ -75.071793773028318, 39.985878213296246 ], [ -75.071446306717959, 39.985636623274949 ], [ -75.071231186256739, 39.985487050681158 ], [ -75.070780786333216, 39.985164823715941 ], [ -75.070721904075555, 39.985122698497868 ], [ -75.068134278500665, 39.983271355657386 ], [ -75.067687473162394, 39.983043459965131 ], [ -75.067788582884162, 39.982971677908758 ], [ -75.071266335241546, 39.980502513346487 ], [ -75.075607978410105, 39.978050575053935 ], [ -75.080201785632042, 39.977029372403749 ], [ -75.085833920449716, 39.975111767561465 ], [ -75.090864454978828, 39.974753440330389 ], [ -75.09236692991621, 39.974545354839769 ], [ -75.096373800400286, 39.973990328395494 ], [ -75.102296298013798, 39.972523974846141 ], [ -75.107274174412979, 39.970649804849657 ], [ -75.108092017177626, 39.970341882060055 ], [ -75.108371777081203, 39.97022501939125 ], [ -75.113221502905787, 39.976793059802368 ], [ -75.113337100682955, 39.97693548744445 ], [ -75.113437340316906, 39.977058990946233 ], [ -75.113488651710981, 39.97712221213785 ], [ -75.113723076555942, 39.977388330063789 ], [ -75.113996190548306, 39.977704167550336 ], [ -75.11428403545753, 39.978025362306305 ], [ -75.114529377154071, 39.978312192478832 ], [ -75.114770972693705, 39.978577629380965 ], [ -75.115133173256538, 39.978989281662784 ], [ -75.115495498193184, 39.979403455733234 ], [ -75.115672093678398, 39.979594213060892 ], [ -75.116149673676034, 39.980120453443526 ], [ -75.116479821051286, 39.980515428008886 ], [ -75.116848916806561, 39.980929751886201 ], [ -75.11735690075858, 39.981490928930839 ], [ -75.117715208411042, 39.981901313474083 ], [ -75.118525176947088, 39.982834746020622 ], [ -75.119137628936883, 39.983494073893915 ], [ -75.11919212293499, 39.983558214917551 ], [ -75.119692611930788, 39.984121472263702 ], [ -75.120253821424512, 39.984764776575929 ], [ -75.120621430009123, 39.985171767417327 ], [ -75.122023985109735, 39.986707558119356 ], [ -75.122343310862362, 39.987040063962084 ], [ -75.122916279904857, 39.987471935800237 ], [ -75.123389746595308, 39.987925513788454 ], [ -75.124377448595993, 39.988831521924538 ], [ -75.124845126554618, 39.989256615610124 ], [ -75.125252462198958, 39.989626857689835 ], [ -75.125493541666444, 39.989845979695147 ], [ -75.125835141265824, 39.990158876157857 ], [ -75.125949953170277, 39.990239081265038 ], [ -75.127033282309412, 39.990395235398765 ], [ -75.12793835534184, 39.990513778164278 ], [ -75.128699233510119, 39.990613431154266 ], [ -75.128977178243787, 39.990649832210146 ], [ -75.130900661071507, 39.990899125710222 ], [ -75.13088187185906, 39.990984645777154 ], [ -75.130861323805135, 39.991078166457619 ], [ -75.130789184523408, 39.991406501931607 ], [ -75.13072902276123, 39.99167967601047 ], [ -75.130694388786594, 39.991839287110274 ], [ -75.13057607664156, 39.992411000789708 ], [ -75.130561505819159, 39.992483835139112 ], [ -75.130254632228315, 39.993976384887418 ], [ -75.130222451612468, 39.994137386296487 ], [ -75.129816798111747, 39.995975235031544 ], [ -75.129689750229375, 39.996576375266166 ], [ -75.129634091576392, 39.996839727824565 ], [ -75.129607485058614, 39.996965623549016 ], [ -75.129460377926492, 39.99762790250012 ], [ -75.129380840649532, 39.998028330694495 ], [ -75.129262321934661, 39.998548493704085 ], [ -75.128630851816439, 39.998468331056266 ], [ -75.127339194294251, 39.998300357082933 ], [ -75.126414342217629, 39.998178027023258 ], [ -75.126103160769404, 39.998145559579882 ], [ -75.125383114538607, 39.998053072574152 ], [ -75.124904200622439, 39.997988196885011 ], [ -75.124148954200535, 39.997886855414464 ], [ -75.12393662526442, 39.997859155328086 ], [ -75.123212436274287, 39.997762090702125 ], [ -75.122708840475923, 39.997697009475431 ], [ -75.122240048420466, 39.997642308779035 ], [ -75.1217514734833, 39.997582308374845 ], [ -75.121264543136661, 39.997517734775023 ], [ -75.120295399907462, 39.997398068192759 ], [ -75.119813781563295, 39.997327713739381 ], [ -75.119330848253611, 39.997264109150365 ], [ -75.118472971777365, 39.997153650831926 ], [ -75.117899453758412, 39.99708103727729 ], [ -75.1171216325437, 39.996982825691902 ], [ -75.116877038988562, 39.99695210898625 ], [ -75.116416003741151, 39.996890415250121 ], [ -75.115949044169639, 39.996831427348404 ], [ -75.115450491196626, 39.996762791326653 ], [ -75.115345591880555, 39.997250890873417 ], [ -75.115274279106885, 39.997607533308575 ], [ -75.115199188924748, 39.997956074347606 ], [ -75.115148993159849, 39.998179209264826 ], [ -75.115055765852787, 39.998610324188114 ], [ -75.115015760193941, 39.998800681932813 ], [ -75.114985101629344, 39.998965695610813 ], [ -75.114905412604926, 39.999318518059816 ], [ -75.114895482035891, 39.999407037949872 ], [ -75.114786768814554, 39.999847607643822 ], [ -75.114672151673133, 40.00037864389644 ], [ -75.114619342507567, 40.000603246794817 ], [ -75.114482621875524, 40.001298565754446 ], [ -75.114468114561134, 40.001378956874021 ], [ -75.114372140111783, 40.00182984990505 ], [ -75.114317761201974, 40.002078597605419 ], [ -75.114278591687466, 40.002315246759728 ], [ -75.11416288089157, 40.002820554748233 ], [ -75.114082574271336, 40.003161082458256 ], [ -75.113629965524751, 40.005258510579949 ], [ -75.113544958357508, 40.00565697082552 ], [ -75.113373523765389, 40.006457529357334 ], [ -75.112824312995784, 40.009016877921638 ], [ -75.112498971697846, 40.010498949886944 ], [ -75.112427409368536, 40.010840008292014 ], [ -75.112050186672832, 40.012608444967562 ], [ -75.111814357529056, 40.01367162959059 ], [ -75.111499720325895, 40.015177809201653 ], [ -75.111362269447611, 40.015876134335841 ], [ -75.111281397997104, 40.016254729661327 ], [ -75.111132107544549, 40.016953607850908 ], [ -75.11107519392209, 40.017220032950291 ], [ -75.110978717683267, 40.017704075690872 ], [ -75.110872779591688, 40.018217350183846 ], [ -75.110505674647627, 40.01983590846794 ], [ -75.109752257260695, 40.019734239308953 ], [ -75.109045153912746, 40.019646272725218 ], [ -75.108323136979095, 40.019545635245109 ], [ -75.107937215708205, 40.019500037378634 ], [ -75.107403781142381, 40.019437009899924 ], [ -75.107307085865997, 40.019425584105711 ], [ -75.106647389378281, 40.019352046044155 ], [ -75.106627313580731, 40.019349541251259 ], [ -75.105693164805629, 40.019232974856543 ], [ -75.105528789813803, 40.019212462633213 ], [ -75.105508014387183, 40.019209869447586 ], [ -75.105490020849714, 40.019207552970087 ] ] ] } },
{ "type": "Feature", "properties": { "district": 14.0, "complaints": 0, "population": 111436.0, "cat_departmental_violations": 0, "cat_lack_of_service": 0, "cat_other": 0, "cat_physical_abuse": 0, "cat_unprofessional_conduct": 0, "cat_verbal_abuse": 0, "race_black": 0, "race_latino": 0, "race_other": 0, "race_unknown": 0, "race_white": 0, "per_50k": 0.0 }, "geometry": { "type": "Polygon", "coordinates": [ [ [ -75.140868073423476, 40.064219819191649 ], [ -75.140999821696454, 40.063794875193999 ], [ -75.141172167238125, 40.063021346521772 ], [ -75.14151465782318, 40.061476682177336 ], [ -75.141844972487917, 40.059957281835516 ], [ -75.142185378595869, 40.058433920065283 ], [ -75.142294081017383, 40.057950361285236 ], [ -75.142521905042173, 40.058025102328564 ], [ -75.14276905977755, 40.058087170844921 ], [ -75.142967167197412, 40.058126820407303 ], [ -75.143169112445634, 40.058152682809151 ], [ -75.144143122001708, 40.058199723678356 ], [ -75.145448514286954, 40.058263161076546 ], [ -75.146245083677087, 40.058299499370058 ], [ -75.147059575106866, 40.058335139810396 ], [ -75.147603197174561, 40.058361668820481 ], [ -75.148570506887467, 40.058409496977852 ], [ -75.149221608363902, 40.058441947746537 ], [ -75.149383364568507, 40.058259681606955 ], [ -75.14954121374609, 40.058163227994413 ], [ -75.150495655595151, 40.057581605637836 ], [ -75.150826866811045, 40.057386927938985 ], [ -75.150924919371505, 40.057369970669896 ], [ -75.152596987382722, 40.056377006721014 ], [ -75.152916375566832, 40.056124775664451 ], [ -75.153439923549698, 40.055716440214916 ], [ -75.154483724504246, 40.054913127672314 ], [ -75.155188255837103, 40.05436810578415 ], [ -75.155557615512095, 40.054083182215393 ], [ -75.156606096517166, 40.053262999140991 ], [ -75.156761063484637, 40.053184803973849 ], [ -75.156893864366268, 40.053046974668618 ], [ -75.157491941633822, 40.052581987584269 ], [ -75.15774904165626, 40.052382097283427 ], [ -75.157777039146879, 40.051964352658054 ], [ -75.157859926617661, 40.050611957828075 ], [ -75.157874066244588, 40.050407113962642 ], [ -75.157920377153616, 40.04967814215842 ], [ -75.157951844495983, 40.049226227292067 ], [ -75.157961570218802, 40.049035050429147 ], [ -75.157986047402716, 40.048674245242957 ], [ -75.158020762024051, 40.048135277274113 ], [ -75.158060600891957, 40.047602009401736 ], [ -75.158069068956834, 40.047470840583323 ], [ -75.158095130652043, 40.047116464724631 ], [ -75.158133874408321, 40.046427780356424 ], [ -75.158167732643321, 40.045920624071897 ], [ -75.158220677497084, 40.045085426155161 ], [ -75.158264514412835, 40.043791343839786 ], [ -75.158288284691622, 40.04335086026866 ], [ -75.158309732896996, 40.042870368780754 ], [ -75.158320256570534, 40.04241764516518 ], [ -75.158343850372844, 40.042030900443386 ], [ -75.158677494073657, 40.041700488504766 ], [ -75.158360932388732, 40.041496229685201 ], [ -75.158406342082529, 40.040745560653392 ], [ -75.15843266638521, 40.03953671730109 ], [ -75.1584469477813, 40.038880802153109 ], [ -75.158454184992891, 40.038548380868086 ], [ -75.158417256755158, 40.037511360188986 ], [ -75.158375910134751, 40.036694147857489 ], [ -75.158366449499937, 40.036355530111329 ], [ -75.15900364974452, 40.035729342854346 ], [ -75.15944365116377, 40.035302699889158 ], [ -75.159649102210906, 40.035103484389175 ], [ -75.157659066077784, 40.033865517943411 ], [ -75.157642149081695, 40.033215436156127 ], [ -75.157642754032636, 40.033037090129945 ], [ -75.157643095669926, 40.032936458881196 ], [ -75.157628125828992, 40.0320458398649 ], [ -75.157625392334381, 40.031785726068577 ], [ -75.157618980361988, 40.03152356772604 ], [ -75.157637375211038, 40.031418229802433 ], [ -75.157677858522788, 40.031326018190285 ], [ -75.157758582916671, 40.031201568284729 ], [ -75.157822778684888, 40.031133567832988 ], [ -75.158125870008703, 40.030834523422108 ], [ -75.159035159344356, 40.0303260454194 ], [ -75.159102619063745, 40.029367684863139 ], [ -75.15917639000854, 40.028319596654882 ], [ -75.15922239241192, 40.027666015121476 ], [ -75.159298572377253, 40.026600928563788 ], [ -75.159378251637264, 40.02551189802108 ], [ -75.159414315750837, 40.024749111675916 ], [ -75.159467267509228, 40.024115930835407 ], [ -75.15948197696423, 40.02405362675534 ], [ -75.159509621676477, 40.023992023531541 ], [ -75.159536323048243, 40.023957531305136 ], [ -75.159544337139167, 40.02394717921397 ], [ -75.159554070962159, 40.023934604366659 ], [ -75.159860080749283, 40.024633766985389 ], [ -75.15990000945537, 40.024942996860048 ], [ -75.159933680973211, 40.025564486553357 ], [ -75.160056180128862, 40.026032339049614 ], [ -75.160247097221173, 40.026309573842575 ], [ -75.160577215564317, 40.026732876015792 ], [ -75.160984834983665, 40.027262635833985 ], [ -75.161428169776684, 40.027773820058918 ], [ -75.162128709790707, 40.028254176803038 ], [ -75.162271155739276, 40.02834335148647 ], [ -75.163272123671263, 40.028969976724476 ], [ -75.163751410985014, 40.029264856318747 ], [ -75.164136635983297, 40.029503248760726 ], [ -75.164951793371046, 40.029955016421198 ], [ -75.165493026224695, 40.030251434080981 ], [ -75.16612302567529, 40.030609454560647 ], [ -75.166490894316709, 40.030803490511538 ], [ -75.166657904872508, 40.030899819205096 ], [ -75.167744629184114, 40.031525729533172 ], [ -75.168526652292726, 40.03195479686616 ], [ -75.169155654714061, 40.031344486556321 ], [ -75.169828547228178, 40.030691572616497 ], [ -75.170285889036677, 40.030248284071128 ], [ -75.170800906880444, 40.029733632418726 ], [ -75.171238093251446, 40.029309269364127 ], [ -75.171439797522282, 40.029120976361369 ], [ -75.172523689267919, 40.028056264619238 ], [ -75.173613152705684, 40.028700128038814 ], [ -75.174575196699934, 40.02925378112073 ], [ -75.175636490872378, 40.029871167986478 ], [ -75.176707810487855, 40.030469283982811 ], [ -75.178412246055942, 40.031458067891691 ], [ -75.178916444936661, 40.031746149132537 ], [ -75.178989603973605, 40.031800787867695 ], [ -75.179077517435843, 40.031866444607687 ], [ -75.179180175250394, 40.031926647737954 ], [ -75.179413797317764, 40.032063652255893 ], [ -75.180096931583648, 40.032464263055445 ], [ -75.180356376544665, 40.032616407289574 ], [ -75.18123826876004, 40.03310698334672 ], [ -75.182087211177375, 40.033602660483432 ], [ -75.182927813885328, 40.034076036620597 ], [ -75.184363120132076, 40.034917319194854 ], [ -75.185730406192093, 40.03357855836741 ], [ -75.185761104085216, 40.033553993910303 ], [ -75.185967006186416, 40.033389223001215 ], [ -75.186255954444917, 40.033280118197425 ], [ -75.186457889601087, 40.033235609038023 ], [ -75.187736263482563, 40.032969044194296 ], [ -75.187782783097632, 40.032959466341737 ], [ -75.187866027014152, 40.032942325661907 ], [ -75.187992908202887, 40.032916383327937 ], [ -75.189301037784077, 40.032648910861504 ], [ -75.189794843606023, 40.032547938012577 ], [ -75.19088420766785, 40.032287102070072 ], [ -75.191861813823365, 40.032091658455776 ], [ -75.192652672166986, 40.03202224650763 ], [ -75.193346380733203, 40.032072522115492 ], [ -75.194074223972535, 40.032273122694022 ], [ -75.194132526381509, 40.032289192135039 ], [ -75.195243498868535, 40.032694565636668 ], [ -75.196094745196504, 40.032991615103562 ], [ -75.196484746760021, 40.033122791737583 ], [ -75.196736063801382, 40.033202428026677 ], [ -75.196941404916728, 40.033275118562536 ], [ -75.197024658031197, 40.033315474475437 ], [ -75.197124769532792, 40.033385066907194 ], [ -75.197177881500394, 40.033339614167986 ], [ -75.197268239320223, 40.03329215017952 ], [ -75.19757505105494, 40.033266907685793 ], [ -75.19792085880384, 40.033252328409681 ], [ -75.198680330431941, 40.033111414355027 ], [ -75.199040031742399, 40.032968878910481 ], [ -75.199253526994326, 40.03274120767751 ], [ -75.199397162825349, 40.032598098072071 ], [ -75.199664710920558, 40.032331527356781 ], [ -75.199744246933037, 40.032380574522328 ], [ -75.199966190136919, 40.032517840983111 ], [ -75.200017442194564, 40.032537353975336 ], [ -75.200063892982769, 40.032560245426602 ], [ -75.200105543674724, 40.032586515368735 ], [ -75.200142393099853, 40.032616163780986 ], [ -75.20017276185132, 40.032649496665655 ], [ -75.200217837402363, 40.032712957623602 ], [ -75.200261120756835, 40.032768403995696 ], [ -75.200271191042944, 40.032784858228645 ], [ -75.200277827687117, 40.032800109979583 ], [ -75.200285751122749, 40.032838391104988 ], [ -75.200284949230195, 40.032878766174576 ], [ -75.200281386204637, 40.032894703307122 ], [ -75.200274636164337, 40.032912201404372 ], [ -75.200238785915644, 40.032980431371797 ], [ -75.200206336504351, 40.033058909155713 ], [ -75.200156720898676, 40.033187907098629 ], [ -75.200145021039731, 40.03321803728501 ], [ -75.200134596977847, 40.033244627822164 ], [ -75.200129025905397, 40.03326521729938 ], [ -75.200125749055687, 40.033288448095185 ], [ -75.200123989541709, 40.033374585479443 ], [ -75.200120028363969, 40.033409509618266 ], [ -75.200109204498702, 40.033453759048577 ], [ -75.200084668725921, 40.033534455972806 ], [ -75.200041421740565, 40.033676684141639 ], [ -75.200040553959653, 40.033679377795828 ], [ -75.200020453394657, 40.033746722102393 ], [ -75.200010257891478, 40.033797079861685 ], [ -75.200006336873912, 40.033837483889762 ], [ -75.200005644958694, 40.033878109177117 ], [ -75.200008179809117, 40.033918955671751 ], [ -75.200013942602212, 40.033960023399622 ], [ -75.200022788423652, 40.033993783063202 ], [ -75.200057337283724, 40.034063621911578 ], [ -75.200105611535619, 40.034161203716444 ], [ -75.200257843080067, 40.034620139495921 ], [ -75.20038550056158, 40.034914082950252 ], [ -75.200479147247421, 40.035095567636425 ], [ -75.200504874499202, 40.035154138980737 ], [ -75.200603942145065, 40.035271059076017 ], [ -75.200648383323099, 40.035323506285067 ], [ -75.200778931679793, 40.035489863808493 ], [ -75.200901431489598, 40.03568340059141 ], [ -75.200907250463843, 40.035701895777606 ], [ -75.200907876058423, 40.035747309392534 ], [ -75.200882762608288, 40.035788404491385 ], [ -75.200855770943235, 40.035852227143025 ], [ -75.200852973147377, 40.035909609385762 ], [ -75.200851205844017, 40.035945830120404 ], [ -75.200843562468592, 40.035967134984396 ], [ -75.200848632249333, 40.035992625149511 ], [ -75.200907053342021, 40.036081770411755 ], [ -75.200910180780255, 40.036105265893788 ], [ -75.200931158224122, 40.036133061572755 ], [ -75.200948145720886, 40.03617483515373 ], [ -75.20096257315582, 40.036193330371219 ], [ -75.201432415906325, 40.036478203840069 ], [ -75.201512888628457, 40.036492731385351 ], [ -75.201589928369472, 40.036471417406432 ], [ -75.201709108635882, 40.036402786040455 ], [ -75.201736904285667, 40.03638149845019 ], [ -75.201806275772597, 40.036329708980226 ], [ -75.201985711033004, 40.036170883075172 ], [ -75.202090431295176, 40.036051653711112 ], [ -75.202534782434284, 40.035468992825479 ], [ -75.202605167221478, 40.035371524738657 ], [ -75.20268227720149, 40.035278158463655 ], [ -75.202766114770668, 40.035188892238466 ], [ -75.202856677541476, 40.035103726896729 ], [ -75.202956784100621, 40.035020456204059 ], [ -75.203119507329149, 40.034873197226815 ], [ -75.203164199055408, 40.03483789857551 ], [ -75.203207238041173, 40.034809033356886 ], [ -75.203269459824355, 40.034774433319868 ], [ -75.203333189235977, 40.034743822979443 ], [ -75.203416924588197, 40.034707405928664 ], [ -75.203494121554868, 40.034675208307668 ], [ -75.203545840703683, 40.034657382583163 ], [ -75.203595732472579, 40.034645116950948 ], [ -75.203652438310669, 40.034635651312179 ], [ -75.203716593442792, 40.03462867537862 ], [ -75.203807707886611, 40.034622071816038 ], [ -75.203878046146016, 40.034618404391864 ], [ -75.203942751225583, 40.034617107826705 ], [ -75.204003147371779, 40.034618158325273 ], [ -75.204059758068382, 40.034621568399118 ], [ -75.204142160878035, 40.034630875072537 ], [ -75.204223775390872, 40.03464491699863 ], [ -75.20430460279465, 40.03466369420515 ], [ -75.204384641934482, 40.034687206667741 ], [ -75.204941553527931, 40.034786278050689 ], [ -75.204971202330725, 40.034790543540574 ], [ -75.205503243003093, 40.034929589006481 ], [ -75.205503507117314, 40.034929703878881 ], [ -75.205690884715807, 40.035011282423014 ], [ -75.205754577147374, 40.035053169020266 ], [ -75.205900550668218, 40.035183986077733 ], [ -75.205947394739397, 40.035259083288892 ], [ -75.206005562737602, 40.035364895053057 ], [ -75.206088415007727, 40.035652234037755 ], [ -75.206086750410279, 40.035675877285755 ], [ -75.20608766453357, 40.035698395534929 ], [ -75.206091156208998, 40.035719788759273 ], [ -75.206097225438612, 40.035740056958481 ], [ -75.206105872258334, 40.03575919923194 ], [ -75.206117097807265, 40.035777216505238 ], [ -75.206130900915767, 40.035794108751723 ], [ -75.206147281585018, 40.035809875970401 ], [ -75.206155410433837, 40.035816538711792 ], [ -75.206183958902002, 40.03584457495041 ], [ -75.206207624482573, 40.035875886297823 ], [ -75.20622540889012, 40.035909148701094 ], [ -75.20623660242012, 40.035943031884251 ], [ -75.206239487326414, 40.035958380361926 ], [ -75.20624823796237, 40.035984104934329 ], [ -75.206263575359699, 40.036011445816342 ], [ -75.206281663270317, 40.036036362649426 ], [ -75.206326273781428, 40.036091675584949 ], [ -75.206343995819651, 40.036117129410187 ], [ -75.206400606603111, 40.036210232971072 ], [ -75.206444883588617, 40.036287585067086 ], [ -75.206482259892979, 40.036358688155239 ], [ -75.20651361671554, 40.036425331322981 ], [ -75.206537439245736, 40.036491026470955 ], [ -75.206569378628984, 40.036610340630908 ], [ -75.206582998167477, 40.036654938139719 ], [ -75.206599947447671, 40.036698546198018 ], [ -75.206619396529547, 40.036736568439835 ], [ -75.206647986979846, 40.036782109227019 ], [ -75.206679813713109, 40.036826621544783 ], [ -75.206714876734083, 40.036870105390555 ], [ -75.206753177218829, 40.036912560787265 ], [ -75.206793844286892, 40.03696605988268 ], [ -75.206822771586943, 40.037000084276293 ], [ -75.206857404043419, 40.037036545148752 ], [ -75.206989980160543, 40.037162571640195 ], [ -75.207040966662817, 40.037214809758872 ], [ -75.207123407041365, 40.037311453571533 ], [ -75.207157170131751, 40.037348037457356 ], [ -75.207195975367739, 40.037385201477477 ], [ -75.207241378103006, 40.037424764040786 ], [ -75.207377818406414, 40.037532916845521 ], [ -75.20751294678719, 40.03763429824896 ], [ -75.207653407772668, 40.037731458297479 ], [ -75.207799201426894, 40.037824395171121 ], [ -75.207950326506079, 40.037913110624174 ], [ -75.208452656718705, 40.038190013020795 ], [ -75.208627439874746, 40.038291962340622 ], [ -75.208964895794139, 40.038599217184405 ], [ -75.208991985483806, 40.038626265337683 ], [ -75.209197486224028, 40.038867620292805 ], [ -75.209468357099865, 40.039185747935413 ], [ -75.209669070539007, 40.039481645340345 ], [ -75.210079900945487, 40.040055010620641 ], [ -75.210190948059974, 40.040259612613653 ], [ -75.210358020895626, 40.040519867295117 ], [ -75.210527598977379, 40.040820403124819 ], [ -75.210661047004706, 40.041173045751421 ], [ -75.210712302882271, 40.041308490874577 ], [ -75.210721525169319, 40.041362179890022 ], [ -75.21072990040571, 40.041410937928937 ], [ -75.210762254754499, 40.041467918784818 ], [ -75.210828601529855, 40.041719840801726 ], [ -75.210873831136681, 40.041830735530446 ], [ -75.210912535549085, 40.041911317831591 ], [ -75.21097403680713, 40.042136775688803 ], [ -75.211059598783862, 40.042300276494579 ], [ -75.211114047454956, 40.04238806061327 ], [ -75.211210020004714, 40.042542784998616 ], [ -75.211235631704866, 40.042599376106473 ], [ -75.211324440850149, 40.042765103641941 ], [ -75.211384668413018, 40.042850067261071 ], [ -75.211448072412438, 40.042902050581816 ], [ -75.211448137257506, 40.042902103371851 ], [ -75.211476144481736, 40.042925065296572 ], [ -75.211684970717428, 40.043096276583725 ], [ -75.211685089387643, 40.043096426068871 ], [ -75.211718562158524, 40.043124866947693 ], [ -75.21174979451709, 40.043154034070625 ], [ -75.211778787700197, 40.043183925664906 ], [ -75.211805541672277, 40.043214542632555 ], [ -75.211830056431111, 40.043245884975079 ], [ -75.21185233204163, 40.043277950893383 ], [ -75.211872369571665, 40.043310743115399 ], [ -75.21189016674353, 40.043344259790175 ], [ -75.21190148708547, 40.043368811670135 ], [ -75.211910748460284, 40.043393437888199 ], [ -75.211918398000591, 40.043417749181749 ], [ -75.211937511884727, 40.043484294939347 ], [ -75.211958387129613, 40.043545090689477 ], [ -75.21198163299016, 40.043608200320783 ], [ -75.212050286814076, 40.043788994396486 ], [ -75.212096807085544, 40.043918942572354 ], [ -75.212111808578967, 40.043963241865491 ], [ -75.212121262074959, 40.043994520779869 ], [ -75.212129367893127, 40.044025411321101 ], [ -75.21213698084189, 40.044059011089033 ], [ -75.212143936180937, 40.044094803775614 ], [ -75.212150034747893, 40.044131312748213 ], [ -75.212155900229448, 40.044171797185015 ], [ -75.212166201453556, 40.04425300476985 ], [ -75.212169948536257, 40.04428665788042 ], [ -75.212177446704146, 40.044363856258705 ], [ -75.212183505814679, 40.044450663534107 ], [ -75.21219057784829, 40.04459624103233 ], [ -75.212193271985299, 40.0446839074 ], [ -75.212193298756787, 40.044743561341043 ], [ -75.212191427536951, 40.044795504947402 ], [ -75.212187995883369, 40.044838799627357 ], [ -75.212177464721918, 40.044944061350662 ], [ -75.212173896903039, 40.045001747383793 ], [ -75.212172265322195, 40.045064647928044 ], [ -75.212171563130966, 40.045192124689315 ], [ -75.2121706056855, 40.04524624727604 ], [ -75.212165775032801, 40.045405024538205 ], [ -75.212163381608903, 40.045448549383948 ], [ -75.212160601543275, 40.045482696198164 ], [ -75.212160141814167, 40.045487371236909 ], [ -75.212156965251566, 40.045515318526689 ], [ -75.212153376501959, 40.0455401500653 ], [ -75.212148638366116, 40.045566938409053 ], [ -75.212142743647632, 40.045595531129933 ], [ -75.212130103141632, 40.045648609034771 ], [ -75.212097783601251, 40.045773001434711 ], [ -75.212090193953244, 40.045805221971918 ], [ -75.212084097313792, 40.045834103054148 ], [ -75.212078441845676, 40.045871060527872 ], [ -75.212069143298208, 40.045956930241651 ], [ -75.212065861253635, 40.045978105091962 ], [ -75.212062017708561, 40.045997115951003 ], [ -75.212056715518571, 40.046017230743779 ], [ -75.212050355541223, 40.046035881468882 ], [ -75.212042188755206, 40.04605488330904 ], [ -75.2120317090816, 40.04607604420007 ], [ -75.212025195088813, 40.046087434874558 ], [ -75.212017179653856, 40.046099882585516 ], [ -75.211980787453598, 40.046151549134365 ], [ -75.211959283755334, 40.046186952720575 ], [ -75.211943308154773, 40.046215070426747 ], [ -75.211928691200654, 40.046242469418885 ], [ -75.211915439425695, 40.04626913182183 ], [ -75.211903170083815, 40.046295824939669 ], [ -75.211889679856284, 40.046327607855638 ], [ -75.211880172551574, 40.046353360086123 ], [ -75.211873676241581, 40.046377408379499 ], [ -75.211862932677349, 40.046430348874047 ], [ -75.211857192062425, 40.046453375011595 ], [ -75.211849196387504, 40.046476324293849 ], [ -75.211835728598899, 40.046506471485834 ], [ -75.211816183127624, 40.046543613996022 ], [ -75.211791067220872, 40.046586069150976 ], [ -75.211766751930156, 40.046622790913375 ], [ -75.211740297038759, 40.046658761714902 ], [ -75.211723973294681, 40.046682736115706 ], [ -75.211627584591454, 40.046825969892161 ], [ -75.211599438099512, 40.046874218142563 ], [ -75.211577409844153, 40.046918680433365 ], [ -75.211558712230783, 40.046963518153071 ], [ -75.211552513385953, 40.046991393241115 ], [ -75.211550661216947, 40.04701589463059 ], [ -75.211552364081285, 40.047042671212431 ], [ -75.211557604050995, 40.04707226499179 ], [ -75.211566973894165, 40.04710807231838 ], [ -75.211579745543219, 40.047144986457539 ], [ -75.211599238390463, 40.047175599759683 ], [ -75.211641928117359, 40.047223932909439 ], [ -75.211671264731976, 40.047255281783606 ], [ -75.211706792074423, 40.047288712695895 ], [ -75.211859374548325, 40.047418359947962 ], [ -75.211934481310507, 40.047490518035254 ], [ -75.212012643058344, 40.047565819574402 ], [ -75.212073066106583, 40.047617390588051 ], [ -75.21215272611289, 40.047675210605547 ], [ -75.212245669217609, 40.047733906046901 ], [ -75.212353620294152, 40.047794848459866 ], [ -75.212501754204581, 40.047872253927281 ], [ -75.212631695810913, 40.04793184827507 ], [ -75.212683522800873, 40.047959996828681 ], [ -75.212734899355496, 40.047994862266528 ], [ -75.212782752646248, 40.048032934906431 ], [ -75.212827081502539, 40.048074214726874 ], [ -75.212867885957891, 40.048118700831701 ], [ -75.212868234570777, 40.048119003157581 ], [ -75.212944582069838, 40.048176777369576 ], [ -75.21315942847319, 40.048279751567897 ], [ -75.213519244913925, 40.048593831744128 ], [ -75.213546883463437, 40.048618990594413 ], [ -75.213627828066819, 40.048735750584434 ], [ -75.213653386235833, 40.048829486223894 ], [ -75.213632544010068, 40.048891761685525 ], [ -75.213623185611439, 40.04900931917436 ], [ -75.213650465464212, 40.049076194414283 ], [ -75.213707370014205, 40.049247708831153 ], [ -75.213816380530375, 40.049392158786539 ], [ -75.213981243905849, 40.0498046182122 ], [ -75.214195912964627, 40.05014649961111 ], [ -75.214327437064711, 40.050446305935147 ], [ -75.214551225009245, 40.050795068746936 ], [ -75.214908883238508, 40.051175028795704 ], [ -75.215129082857786, 40.051352833303447 ], [ -75.215157289148408, 40.051381105486755 ], [ -75.215213484884629, 40.051437430608921 ], [ -75.21538119395926, 40.051613293473288 ], [ -75.215811730825976, 40.051934352740126 ], [ -75.215960654105629, 40.05203023680523 ], [ -75.216111671498368, 40.052123962113775 ], [ -75.216264780655337, 40.052215528605892 ], [ -75.216419982775619, 40.052304935398872 ], [ -75.216488209608556, 40.05234078781848 ], [ -75.216639504245094, 40.052412618870257 ], [ -75.216703613758085, 40.052445203448208 ], [ -75.216767412184566, 40.052482667238507 ], [ -75.216819397026825, 40.052520165134375 ], [ -75.216858104660957, 40.052555038473045 ], [ -75.216896850916967, 40.052597043142647 ], [ -75.216931102399911, 40.052639446946358 ], [ -75.217011365693125, 40.052745249362864 ], [ -75.217056391385157, 40.052798005268549 ], [ -75.217059913007446, 40.052801753574208 ], [ -75.217084136585925, 40.052827516463246 ], [ -75.217115383337003, 40.052866150861803 ], [ -75.217147571996549, 40.052912720377037 ], [ -75.217171674965584, 40.052953775916635 ], [ -75.217207140947536, 40.053023234520687 ], [ -75.217252815120602, 40.05311450154705 ], [ -75.217282926670578, 40.053182358139438 ], [ -75.217310695865081, 40.05325661782922 ], [ -75.21733576908774, 40.053314434345317 ], [ -75.217358593243432, 40.053359256648264 ], [ -75.217397350197857, 40.053421568040761 ], [ -75.217438079607916, 40.053493953700517 ], [ -75.217474916004505, 40.053567452755225 ], [ -75.217507861719881, 40.053642065260433 ], [ -75.217536914433367, 40.05371779026737 ], [ -75.217562074099746, 40.053794628679398 ], [ -75.21758334305008, 40.053872580550603 ], [ -75.217600718962473, 40.053951644931274 ], [ -75.217614202962352, 40.054031822749252 ], [ -75.217707908950075, 40.054616075546498 ], [ -75.217772958928563, 40.055137835976488 ], [ -75.217772997619988, 40.055138087306389 ], [ -75.217822546529717, 40.055359068586029 ], [ -75.217805002130916, 40.055392220619552 ], [ -75.21778571302859, 40.055428671489899 ], [ -75.217779164609922, 40.055480128159424 ], [ -75.217878438116955, 40.055947596351402 ], [ -75.217916723512246, 40.056108547275905 ], [ -75.218292893823147, 40.056603260847062 ], [ -75.218416764566456, 40.05674514926519 ], [ -75.21868058757876, 40.057162701354372 ], [ -75.218874398419317, 40.05735507765759 ], [ -75.219082898129514, 40.057547844752769 ], [ -75.219083489772004, 40.057548392076491 ], [ -75.219083550987961, 40.057548448385717 ], [ -75.21920568705788, 40.05766136576306 ], [ -75.219364803778433, 40.057792020044857 ], [ -75.219364989237334, 40.057792171893141 ], [ -75.21948321230731, 40.057889245242315 ], [ -75.21954972318045, 40.057941399251604 ], [ -75.219711087901416, 40.058156366408312 ], [ -75.219795180638485, 40.058309681188497 ], [ -75.219963786378472, 40.058627174991727 ], [ -75.220016726247835, 40.058726863754586 ], [ -75.220025421996837, 40.058752108331205 ], [ -75.220224443281793, 40.059134450279494 ], [ -75.22042873414685, 40.059521912872945 ], [ -75.220428776717455, 40.059521997602801 ], [ -75.220579184242695, 40.059767380335671 ], [ -75.220978019039222, 40.060062483628329 ], [ -75.22102501631106, 40.060112292576598 ], [ -75.221412878196546, 40.060456983215808 ], [ -75.221475912384619, 40.060549794418037 ], [ -75.221531154901868, 40.060622880712089 ], [ -75.221561848980826, 40.060674461509507 ], [ -75.221570965763092, 40.060689784439781 ], [ -75.221718857758859, 40.061000325121576 ], [ -75.221762863694607, 40.061091069521609 ], [ -75.221883812722254, 40.061395967921449 ], [ -75.222152201002302, 40.062177450567198 ], [ -75.222158153815741, 40.062192034395423 ], [ -75.222287797049447, 40.06247659706456 ], [ -75.222366948220056, 40.062586658615466 ], [ -75.222666506846423, 40.063003199812641 ], [ -75.223131468238833, 40.063427874500768 ], [ -75.223200800628106, 40.063491198417395 ], [ -75.223292582279882, 40.063608822459521 ], [ -75.223416212679936, 40.063767259023642 ], [ -75.223502441024237, 40.063921007795884 ], [ -75.223568669169893, 40.064204320397721 ], [ -75.223494935071656, 40.064402627243581 ], [ -75.223414679938642, 40.064508137756263 ], [ -75.22311806637407, 40.06467476498009 ], [ -75.222316783050687, 40.065000620557747 ], [ -75.222277639638705, 40.065019347124959 ], [ -75.222247628935676, 40.065029921456386 ], [ -75.221881529177139, 40.065200438297374 ], [ -75.221836779554991, 40.065222485880305 ], [ -75.221472113390689, 40.065402147471914 ], [ -75.221383174784606, 40.065444179658087 ], [ -75.221322656472296, 40.065478639944814 ], [ -75.221120073942785, 40.065616403852296 ], [ -75.221066935754237, 40.065668111107399 ], [ -75.221003599424463, 40.065729740001665 ], [ -75.220818107158266, 40.065870304119066 ], [ -75.220566284266241, 40.066070959384675 ], [ -75.220448665271419, 40.066163775766192 ], [ -75.220359460766275, 40.066246446157443 ], [ -75.220341039907296, 40.066283499530506 ], [ -75.220320658011616, 40.066391281139353 ], [ -75.220329017012745, 40.066479073474248 ], [ -75.220362792740914, 40.066618313572505 ], [ -75.220362800862588, 40.06661844169269 ], [ -75.220362862813104, 40.066618604334685 ], [ -75.220435180949323, 40.066895248675209 ], [ -75.220492251328608, 40.067087922391181 ], [ -75.220505603178566, 40.067180233180885 ], [ -75.220521816671251, 40.067228762712269 ], [ -75.220528730544046, 40.067249464811141 ], [ -75.220598103439357, 40.0674121907754 ], [ -75.220637660985759, 40.067467195115292 ], [ -75.220817186082186, 40.067638706511239 ], [ -75.221010473343526, 40.067833191331182 ], [ -75.221291986133764, 40.068127924884053 ], [ -75.221441880157712, 40.068255705689076 ], [ -75.221585976983221, 40.068378542910892 ], [ -75.221843066409306, 40.068603181692488 ], [ -75.221918213431891, 40.068668842538173 ], [ -75.222138090887995, 40.068873437414467 ], [ -75.222227100452798, 40.068961337713347 ], [ -75.222329711316434, 40.069072909825728 ], [ -75.222330825288935, 40.069074392138702 ], [ -75.222342313631358, 40.069085304508953 ], [ -75.222434370819713, 40.069188365137052 ], [ -75.22259897758326, 40.069372644064238 ], [ -75.222967880050717, 40.069700291198572 ], [ -75.223140434477543, 40.069828732821627 ], [ -75.223162975766527, 40.069845511252737 ], [ -75.223404913284725, 40.0700096419923 ], [ -75.223745807291522, 40.0702492462515 ], [ -75.223919660460922, 40.070363012761192 ], [ -75.224093376560333, 40.070483120783905 ], [ -75.224162130965837, 40.070530658405353 ], [ -75.224775357633632, 40.070953051533387 ], [ -75.225047532735175, 40.071136600871135 ], [ -75.225359634612317, 40.071373155498506 ], [ -75.225434273774155, 40.071419296216717 ], [ -75.225487921703547, 40.071461150132727 ], [ -75.22553260175502, 40.071501832145309 ], [ -75.225600274959021, 40.071601351375442 ], [ -75.225603745626543, 40.071607704839451 ], [ -75.225636517082506, 40.07169991974623 ], [ -75.225625198635285, 40.071852876115102 ], [ -75.225615311408419, 40.071875552279202 ], [ -75.22559444948331, 40.071923401697688 ], [ -75.225482935003939, 40.072183161969775 ], [ -75.225481394048998, 40.07218675191595 ], [ -75.225215557255453, 40.072438300524965 ], [ -75.225194059362849, 40.072463902980353 ], [ -75.224961089763937, 40.072653811734035 ], [ -75.224371149919691, 40.072936067753901 ], [ -75.224165316225822, 40.07303451586008 ], [ -75.224149939304425, 40.073041076804039 ], [ -75.224070089652614, 40.073082073935211 ], [ -75.22402986428078, 40.073097336504105 ], [ -75.223992685280223, 40.073119573041758 ], [ -75.223959131377271, 40.073133149605539 ], [ -75.223493992306643, 40.073448696243155 ], [ -75.223178034470607, 40.073703716446573 ], [ -75.223142361974439, 40.073762688757057 ], [ -75.223113812826412, 40.073827522781656 ], [ -75.223106535576264, 40.073866493862319 ], [ -75.223070893157384, 40.073929187921884 ], [ -75.223055764103819, 40.073948856438022 ], [ -75.223055598593277, 40.073950560183299 ], [ -75.223055503273216, 40.07395104102045 ], [ -75.223020155386848, 40.074130987055675 ], [ -75.222991096473578, 40.074259294818958 ], [ -75.222986743537831, 40.074424950555965 ], [ -75.223024290782888, 40.074559350398594 ], [ -75.223092624143604, 40.074714167932932 ], [ -75.223296031155883, 40.07502126889851 ], [ -75.223351208326704, 40.075206604700909 ], [ -75.223395217045621, 40.075315210424975 ], [ -75.223406123487166, 40.07534612094878 ], [ -75.223554684236902, 40.075755498377347 ], [ -75.223729926518473, 40.076060784567957 ], [ -75.223740837039074, 40.076077391859648 ], [ -75.224050939225449, 40.076549396634448 ], [ -75.224071339926113, 40.076586241570723 ], [ -75.224110866502713, 40.076649822189864 ], [ -75.224280248183277, 40.076902037109143 ], [ -75.224286253582747, 40.076912893618861 ], [ -75.224425290329123, 40.077130542416647 ], [ -75.224575019772303, 40.077491541652677 ], [ -75.224597186379086, 40.077558935639715 ], [ -75.224607783294331, 40.077575189063914 ], [ -75.224683161519579, 40.077772725028979 ], [ -75.224696993535403, 40.077808974105032 ], [ -75.224697718147254, 40.07781068119214 ], [ -75.224698442826181, 40.077812386478655 ], [ -75.224861572392257, 40.078232028951923 ], [ -75.225101206351695, 40.078637577286827 ], [ -75.225101604685435, 40.078638250971174 ], [ -75.225102266722246, 40.078639371034569 ], [ -75.225190925897735, 40.078785017317806 ], [ -75.225467754171206, 40.079223113956829 ], [ -75.225486802511213, 40.079253257940088 ], [ -75.225509387537542, 40.079289000891933 ], [ -75.225570888213127, 40.079388872681179 ], [ -75.225634972677938, 40.079487744318001 ], [ -75.225740719640541, 40.079640833727659 ], [ -75.225772111919241, 40.079682007529435 ], [ -75.225854659960419, 40.079778415775493 ], [ -75.225889275306685, 40.079822841734412 ], [ -75.225919577764657, 40.079871557198395 ], [ -75.225930332777551, 40.079894642584151 ], [ -75.225938360662909, 40.079917289660465 ], [ -75.225944281857338, 40.079945109024038 ], [ -75.225951558301176, 40.080006950826075 ], [ -75.225956938785984, 40.080030988557944 ], [ -75.225961557848777, 40.080045608603541 ], [ -75.225975974396306, 40.080084083172068 ], [ -75.225994888853123, 40.080125243267247 ], [ -75.226051970442469, 40.080227442288603 ], [ -75.226070595569439, 40.080257878700372 ], [ -75.226113408527127, 40.080331403781607 ], [ -75.226159693605553, 40.080403474301761 ], [ -75.226213205238025, 40.080478726318795 ], [ -75.226273228022748, 40.080555141204961 ], [ -75.226339951170104, 40.080632961867373 ], [ -75.226413734361643, 40.080712609746925 ], [ -75.226481554272468, 40.080780412832496 ], [ -75.226556432825191, 40.08084979712342 ], [ -75.226639171333119, 40.080921514507281 ], [ -75.226731653611694, 40.080997202883246 ], [ -75.226807557977594, 40.081056273327498 ], [ -75.226885461514954, 40.081113915383028 ], [ -75.227028644062202, 40.081222562994 ], [ -75.227108269696458, 40.081289794117765 ], [ -75.227295616378711, 40.081461729770744 ], [ -75.227350620302971, 40.081506915395046 ], [ -75.227403082909916, 40.081545311194262 ], [ -75.227471811871254, 40.081589416770647 ], [ -75.227625877570787, 40.081680976356743 ], [ -75.22789044118413, 40.081846713758701 ], [ -75.227918586248734, 40.081859040659943 ], [ -75.228242286273073, 40.082010405690987 ], [ -75.22826897580201, 40.082024121433463 ], [ -75.228300569439327, 40.082035471541161 ], [ -75.228648272746042, 40.082163125321891 ], [ -75.22888246299992, 40.082248606683457 ], [ -75.228900206581272, 40.082253741411364 ], [ -75.229033404208238, 40.082307779879102 ], [ -75.229175550421061, 40.082365449934166 ], [ -75.229564172792792, 40.082531746273609 ], [ -75.22995393498779, 40.082667482073248 ], [ -75.230122925415046, 40.082689399779177 ], [ -75.230210355704756, 40.082684377118802 ], [ -75.230352556930498, 40.082676209604529 ], [ -75.230416128179243, 40.082678222171175 ], [ -75.230720257884556, 40.082722843881918 ], [ -75.230925341550204, 40.082753706386413 ], [ -75.231069176380444, 40.082792096493435 ], [ -75.23118379146014, 40.082864694635688 ], [ -75.231249130416586, 40.082939790668519 ], [ -75.231258126342311, 40.082978781800968 ], [ -75.231258042705107, 40.083049155521941 ], [ -75.231256723813516, 40.083053810875214 ], [ -75.2312070517808, 40.083229128406195 ], [ -75.231312370239095, 40.083282538777226 ], [ -75.231370483631139, 40.08337896954454 ], [ -75.231373794703686, 40.083387597915227 ], [ -75.231386219002886, 40.083419966187613 ], [ -75.231387538758014, 40.083423404458983 ], [ -75.231391006004557, 40.083432438994535 ], [ -75.231404131677522, 40.083448291240551 ], [ -75.231430166481402, 40.083471235147044 ], [ -75.231451644749868, 40.083483649326332 ], [ -75.231466247701505, 40.083496772395875 ], [ -75.231470252724847, 40.083505918722445 ], [ -75.23147855545966, 40.083533038495304 ], [ -75.231484989342562, 40.083560356080355 ], [ -75.231489969189994, 40.083568331754371 ], [ -75.231499927894461, 40.083575939898537 ], [ -75.231509426982029, 40.083579247449414 ], [ -75.231523088178449, 40.08357907016196 ], [ -75.23152720542879, 40.083578088196795 ], [ -75.231571361692119, 40.083565528226977 ], [ -75.231654204186142, 40.083533312010772 ], [ -75.231715899910583, 40.083500882893297 ], [ -75.231720924689142, 40.083498678337882 ], [ -75.231737205098597, 40.083483497438557 ], [ -75.231748441448403, 40.083454109112246 ], [ -75.231758063008144, 40.083443820662168 ], [ -75.231770307845863, 40.083440499388871 ], [ -75.231790748252962, 40.083441663510591 ], [ -75.231873679600326, 40.083453136359729 ], [ -75.231906667147555, 40.083465234977091 ], [ -75.231938612659206, 40.08349645772401 ], [ -75.23196320790062, 40.083518088757899 ], [ -75.232000367241184, 40.083550767284947 ], [ -75.232061343537453, 40.083580232944158 ], [ -75.232103268806313, 40.083587825926045 ], [ -75.232249918144021, 40.08357966427269 ], [ -75.232260882103176, 40.083578333109976 ], [ -75.232269316720988, 40.083578624186984 ], [ -75.23244019951909, 40.083574606096221 ], [ -75.232535080419225, 40.083576499571876 ], [ -75.232642354283897, 40.08357104921906 ], [ -75.232700941531775, 40.083570842123997 ], [ -75.232745149776022, 40.083577320789651 ], [ -75.232926810773534, 40.083537218174897 ], [ -75.232969212863836, 40.083527857421373 ], [ -75.232969542227721, 40.08352776912897 ], [ -75.233001530985618, 40.083513121258498 ], [ -75.233025185259024, 40.083502911150156 ], [ -75.233042833973244, 40.083495669836587 ], [ -75.233060703721065, 40.083490816481891 ], [ -75.233072824371291, 40.083490365612164 ], [ -75.233165647021181, 40.083495660689763 ], [ -75.223587934710224, 40.092954148819025 ], [ -75.219635451159192, 40.090679921381792 ], [ -75.216790063458149, 40.089042524357275 ], [ -75.214133254604079, 40.08751351355513 ], [ -75.213753618184711, 40.087299980674715 ], [ -75.210354527596053, 40.085322686121039 ], [ -75.20997333879005, 40.085177193391544 ], [ -75.209781393679293, 40.085098105649038 ], [ -75.209637853973661, 40.08503105346071 ], [ -75.209483419124311, 40.084951396780944 ], [ -75.209285864831756, 40.084842343152694 ], [ -75.209157350309127, 40.084763448180823 ], [ -75.208912370051252, 40.084583401009759 ], [ -75.208436678848287, 40.084206951167808 ], [ -75.206325925747223, 40.082978911922758 ], [ -75.206294575819243, 40.082960675665532 ], [ -75.204147474825902, 40.081730861238853 ], [ -75.202675461709674, 40.080887677718387 ], [ -75.200454697522574, 40.079615523441298 ], [ -75.196436040165878, 40.077313234582348 ], [ -75.196070055834298, 40.077103547119627 ], [ -75.195005055616946, 40.076497412528575 ], [ -75.190834435601417, 40.074123549945256 ], [ -75.189875629288267, 40.073577764105934 ], [ -75.189678677156209, 40.073468418387506 ], [ -75.189616378609031, 40.073522126836373 ], [ -75.188478599346766, 40.072878744038363 ], [ -75.182301476522909, 40.078928755057966 ], [ -75.179345633166051, 40.081850731139788 ], [ -75.177147332775107, 40.084052831411476 ], [ -75.176509656523962, 40.084701175446519 ], [ -75.176439892243721, 40.084660816017312 ], [ -75.175926545582215, 40.084363800379656 ], [ -75.175873267149868, 40.084332287374806 ], [ -75.175345324981137, 40.084020039474481 ], [ -75.174787330086374, 40.083690013662803 ], [ -75.174159738429225, 40.0833188259937 ], [ -75.173575392545345, 40.082973192669492 ], [ -75.17293916415305, 40.082596885813608 ], [ -75.171714234114219, 40.081872328642632 ], [ -75.169933973148517, 40.08081926368223 ], [ -75.16826854791482, 40.079834062835218 ], [ -75.167662467087752, 40.079475512788328 ], [ -75.164089924630389, 40.077361915175146 ], [ -75.163407503547717, 40.076979818528983 ], [ -75.163393536029091, 40.076972088838694 ], [ -75.159123122244836, 40.074607338660179 ], [ -75.158385305411826, 40.074189930699788 ], [ -75.155835689059131, 40.072742092383457 ], [ -75.154696594087127, 40.072093661736076 ], [ -75.154077722841137, 40.071741352305949 ], [ -75.15333469096764, 40.071318358624282 ], [ -75.152757955699968, 40.070990023817664 ], [ -75.152187208112124, 40.070665092031703 ], [ -75.151591179985815, 40.070325762264304 ], [ -75.150726392079903, 40.069833422614259 ], [ -75.150042337459396, 40.06944395381813 ], [ -75.148356960718772, 40.06848436335941 ], [ -75.147680322981358, 40.068099092449067 ], [ -75.146623178086969, 40.067497152365263 ], [ -75.145220694483882, 40.066698548058014 ], [ -75.144556200719464, 40.06632015567898 ], [ -75.143946077546744, 40.06597270799093 ], [ -75.140903969576456, 40.06424026299085 ], [ -75.140868073423476, 40.064219819191649 ] ] ] } },
{ "type": "Feature", "properties": { "district": 15.0, "complaints": 0, "population": 138626.0, "cat_departmental_violations": 0, "cat_lack_of_service": 0, "cat_other": 0, "cat_physical_abuse": 0, "cat_unprofessional_conduct": 0, "cat_verbal_abuse": 0, "race_black": 0, "race_latino": 0, "race_other": 0, "race_unknown": 0, "race_white": 0, "per_50k": 0.0 }, "geometry": { "type": "Polygon", "coordinates": [ [ [ -75.112817983227885, 40.027350285987914 ], [ -75.112393514849131, 40.027413914918817 ], [ -75.111900984009651, 40.027508463629886 ], [ -75.111774686427637, 40.027537636236886 ], [ -75.11170005146684, 40.027554875696069 ], [ -75.111379904997747, 40.02762882208846 ], [ -75.110041773146364, 40.028056792535324 ], [ -75.107254796622669, 40.028950139634794 ], [ -75.106134820201191, 40.029299988923803 ], [ -75.10550822162763, 40.029505884087634 ], [ -75.105134833067964, 40.029628573971074 ], [ -75.104616016277674, 40.029786093222555 ], [ -75.10460469937189, 40.029789529476851 ], [ -75.104308882288962, 40.029855105783533 ], [ -75.103966219752166, 40.02990771470818 ], [ -75.103598275039516, 40.029939508261407 ], [ -75.103071456528852, 40.029904494691436 ], [ -75.102538457774557, 40.029846621190288 ], [ -75.102159521818521, 40.02975734269301 ], [ -75.10180832492378, 40.029628430898114 ], [ -75.101284046224393, 40.029370686305292 ], [ -75.100593173074301, 40.028916410987982 ], [ -75.099364767864984, 40.028111416622551 ], [ -75.09922076708331, 40.028017047923058 ], [ -75.098811034711147, 40.027748534360576 ], [ -75.09746367644594, 40.02686115703802 ], [ -75.096736154109252, 40.02657017024589 ], [ -75.096309007446337, 40.026481323951877 ], [ -75.095880519918225, 40.026440699972071 ], [ -75.095436505291616, 40.026447162161759 ], [ -75.095035733581184, 40.026514671864426 ], [ -75.094624551287737, 40.026610331986689 ], [ -75.094129664921851, 40.026812319675777 ], [ -75.093194612836385, 40.027329517508313 ], [ -75.092051712350184, 40.027960875846077 ], [ -75.091559847155068, 40.028232585481582 ], [ -75.090763304258601, 40.028672588263483 ], [ -75.090348203676925, 40.028901828650234 ], [ -75.089874363139074, 40.029151347205094 ], [ -75.089165771488169, 40.029555824069483 ], [ -75.088132806361926, 40.030094510182195 ], [ -75.086724176250499, 40.030883728172299 ], [ -75.086196929891287, 40.03113762245701 ], [ -75.085852477181191, 40.031297303920425 ], [ -75.085383953720935, 40.031500184900445 ], [ -75.085200034457628, 40.031579824901947 ], [ -75.084727626665554, 40.031761917223058 ], [ -75.083561237149354, 40.032157882064752 ], [ -75.083011737597985, 40.032320474044035 ], [ -75.082444896530617, 40.032474366608 ], [ -75.081461246361087, 40.032704278441095 ], [ -75.080411972776048, 40.032945754158881 ], [ -75.078127163779811, 40.033474807046922 ], [ -75.074879131098541, 40.034219177514011 ], [ -75.071038955512009, 40.035098713116888 ], [ -75.070919421311146, 40.035112465322257 ], [ -75.070652739091912, 40.035175658801521 ], [ -75.070371964708144, 40.035242191934081 ], [ -75.070004318286564, 40.035329308096998 ], [ -75.067601594782602, 40.035897433936412 ], [ -75.066185911680492, 40.036233069983815 ], [ -75.064446508013262, 40.036606431784371 ], [ -75.063528286895647, 40.036831518105082 ], [ -75.063226021076318, 40.036931191721052 ], [ -75.062846694599187, 40.037122377459283 ], [ -75.062579180561286, 40.037247104173225 ], [ -75.062211879091706, 40.037472821572848 ], [ -75.061941511418041, 40.037676032265708 ], [ -75.061542331798606, 40.038014602598309 ], [ -75.060037890166456, 40.039441950633488 ], [ -75.058878565715361, 40.040512886518783 ], [ -75.058365925592994, 40.040994244893902 ], [ -75.057853247669101, 40.041475631791478 ], [ -75.057725589676707, 40.041595497299866 ], [ -75.057550964367408, 40.041747512150081 ], [ -75.05663916846477, 40.04256286880851 ], [ -75.055780540901182, 40.043317023283123 ], [ -75.05513692899369, 40.043873279042614 ], [ -75.054816345330337, 40.044171727711017 ], [ -75.05444222975153, 40.044532764823941 ], [ -75.054436580953336, 40.044537996197796 ], [ -75.054210449376825, 40.044747417021071 ], [ -75.054033721121868, 40.044911084826893 ], [ -75.052829288906494, 40.04602647559166 ], [ -75.052288458708645, 40.046550785425474 ], [ -75.05198105086528, 40.046946826763588 ], [ -75.05172649829602, 40.047390088452794 ], [ -75.05157238907195, 40.047820437289467 ], [ -75.051453659279474, 40.048359157099732 ], [ -75.051411004813431, 40.04892545194236 ], [ -75.051386733703296, 40.04922424131756 ], [ -75.051337865810439, 40.049821590745438 ], [ -75.051203002260735, 40.051455345672615 ], [ -75.051054781568723, 40.052060416622439 ], [ -75.050885199198504, 40.052443224217463 ], [ -75.050644395970352, 40.052844989450143 ], [ -75.050463586371535, 40.053088287501453 ], [ -75.050042948531058, 40.053539975027789 ], [ -75.049620388014247, 40.053955515458391 ], [ -75.049330366977955, 40.054235962974658 ], [ -75.049285420699334, 40.05428245378301 ], [ -75.04820675972195, 40.055377525191126 ], [ -75.047542053656883, 40.056052809860738 ], [ -75.047369418779894, 40.056228189103877 ], [ -75.046859723426138, 40.05674598020768 ], [ -75.046859143045197, 40.056746567551734 ], [ -75.046858684691159, 40.05674703522422 ], [ -75.046855996799138, 40.056745601487542 ], [ -75.046852589545963, 40.056743799416402 ], [ -75.046681441128584, 40.056653233920166 ], [ -75.046539086789238, 40.056576710976763 ], [ -75.046395360105024, 40.056497028915217 ], [ -75.045270558674588, 40.055884606273771 ], [ -75.044498581421834, 40.055465010991853 ], [ -75.043642345705791, 40.055004786633241 ], [ -75.04283370686322, 40.054572359994964 ], [ -75.041985087583726, 40.054104326114455 ], [ -75.041563846226126, 40.053877706845171 ], [ -75.041129023296335, 40.053641615550568 ], [ -75.040670200977743, 40.053392005749124 ], [ -75.040249582599074, 40.053167589295832 ], [ -75.039585670200694, 40.052800791556557 ], [ -75.038330732924436, 40.052120767244858 ], [ -75.03603938931164, 40.050890252282578 ], [ -75.033049559904782, 40.049264748284997 ], [ -75.032139602143758, 40.048769993289184 ], [ -75.031988664818584, 40.048660311328419 ], [ -75.031861074049985, 40.048542340443447 ], [ -75.031741353987442, 40.048371498000449 ], [ -75.031672475652073, 40.048223966783219 ], [ -75.031637097451537, 40.048106760305856 ], [ -75.031626505098288, 40.047935495942838 ], [ -75.031614207338919, 40.047863305337202 ], [ -75.031783165203237, 40.047150407061956 ], [ -75.031811438020569, 40.047004554820219 ], [ -75.031846692945578, 40.046824391667876 ], [ -75.031854626999305, 40.046626343968278 ], [ -75.031839807881468, 40.046436376445939 ], [ -75.031778366065211, 40.046150497692331 ], [ -75.031670383891694, 40.045906612251279 ], [ -75.031608853303197, 40.045762943709619 ], [ -75.031543354403624, 40.045690382497909 ], [ -75.030991116893787, 40.044977484104933 ], [ -75.030538633652981, 40.044381343227982 ], [ -75.03016410497473, 40.04390492486872 ], [ -75.029799973393636, 40.043412098983275 ], [ -75.029417068887355, 40.042911802546449 ], [ -75.028943533703227, 40.04229529950171 ], [ -75.028328461106497, 40.041457799778527 ], [ -75.028258771826529, 40.04137293061126 ], [ -75.028193583529415, 40.041281771463453 ], [ -75.027899369999631, 40.040789356660561 ], [ -75.027847946325849, 40.040687253097694 ], [ -75.027583644943931, 40.040056034943419 ], [ -75.027310226787492, 40.039409829832579 ], [ -75.027034250110802, 40.038753514698769 ], [ -75.026617466001397, 40.037856562569658 ], [ -75.026155108492716, 40.036889057317786 ], [ -75.02613232723013, 40.036830234035598 ], [ -75.025865569780478, 40.036265083141203 ], [ -75.025804313839046, 40.036214872281711 ], [ -75.025510877330333, 40.035781420347242 ], [ -75.025185838051826, 40.035289400620933 ], [ -75.024858111023789, 40.03479113032467 ], [ -75.024063021006327, 40.033609239080072 ], [ -75.023897936873894, 40.033455909235911 ], [ -75.022130478502874, 40.031632690438968 ], [ -75.011335470674453, 40.021765053427139 ], [ -75.013240370824178, 40.020312129947463 ], [ -75.016673465396892, 40.019443851679405 ], [ -75.019648337408171, 40.018445825459793 ], [ -75.022649993967136, 40.018033977802816 ], [ -75.024074730694906, 40.017838463377274 ], [ -75.027502801838608, 40.017088506676309 ], [ -75.030585140627934, 40.016203177582753 ], [ -75.030940314963871, 40.01610116384753 ], [ -75.034218673972063, 40.015228706056995 ], [ -75.038289780494836, 40.013840484836514 ], [ -75.04126881146118, 40.012723260293541 ], [ -75.044881467651237, 40.011205235716474 ], [ -75.04709354041546, 40.009951034212676 ], [ -75.049904531907515, 40.007226441247319 ], [ -75.053407183287803, 40.004577411499483 ], [ -75.056703393490494, 39.999340517464468 ], [ -75.058092285580258, 39.997413655540534 ], [ -75.058504275979899, 39.99481071585145 ], [ -75.05994941474809, 39.99146009066245 ], [ -75.062067379267774, 39.98865960314825 ], [ -75.064178116427868, 39.986037049849948 ], [ -75.067136971983558, 39.983434281068007 ], [ -75.067687473162394, 39.983043459965131 ], [ -75.068134278500665, 39.983271355657386 ], [ -75.070721904075555, 39.985122698497868 ], [ -75.070780786333216, 39.985164823715941 ], [ -75.071231186256739, 39.985487050681158 ], [ -75.071446306717959, 39.985636623274949 ], [ -75.071793773028318, 39.985878213296246 ], [ -75.071828151423816, 39.985905053890221 ], [ -75.072327313662825, 39.986294758914582 ], [ -75.072826480423245, 39.986684462636603 ], [ -75.073824828856104, 39.987463861699439 ], [ -75.073879770263815, 39.987502616249216 ], [ -75.073962890840761, 39.987561247048866 ], [ -75.075274927173382, 39.988591959457573 ], [ -75.075368050058557, 39.988665114610171 ], [ -75.076406018981046, 39.989480488862533 ], [ -75.076818553939418, 39.989804547002699 ], [ -75.077444011687149, 39.990295852780768 ], [ -75.078235373766177, 39.990917463690145 ], [ -75.07826622210392, 39.990945963576685 ], [ -75.078460940983206, 39.991125859350632 ], [ -75.07884682005168, 39.991482359307128 ], [ -75.079002866337348, 39.991626523437503 ], [ -75.079381901622355, 39.992019985991931 ], [ -75.079396667073823, 39.992035314758247 ], [ -75.07954234069787, 39.992201449216857 ], [ -75.080042223024265, 39.992771538961833 ], [ -75.080422973034231, 39.993205757494927 ], [ -75.080701660066751, 39.993523576296553 ], [ -75.080844961108966, 39.9936698525023 ], [ -75.081817283758568, 39.99477990447815 ], [ -75.081847138143587, 39.994824241229971 ], [ -75.081919174735418, 39.994941149724404 ], [ -75.08227010480212, 39.995287662162298 ], [ -75.082341276176635, 39.995363884512336 ], [ -75.082393529871553, 39.995411426772876 ], [ -75.082488209227648, 39.995537625500923 ], [ -75.082744003633522, 39.995852170411254 ], [ -75.083099205071022, 39.996202576330596 ], [ -75.083220110857098, 39.996314293108846 ], [ -75.083269243769223, 39.996364161903635 ], [ -75.083812878084288, 39.996875579692208 ], [ -75.083917151457683, 39.996969993240008 ], [ -75.083962834402271, 39.997003261925883 ], [ -75.084217558494061, 39.997187405192449 ], [ -75.084331947939958, 39.997252187415086 ], [ -75.08518213762683, 39.997864873625367 ], [ -75.085209793690012, 39.997881998359802 ], [ -75.085287744359547, 39.997941637511232 ], [ -75.085542385878455, 39.998150365105111 ], [ -75.085591502799247, 39.998190626484586 ], [ -75.085905783210421, 39.998448236657275 ], [ -75.08605523281733, 39.998583854084842 ], [ -75.086279414902094, 39.998846720187593 ], [ -75.08646979244773, 39.999069579229712 ], [ -75.086595895530053, 39.999188189499684 ], [ -75.086801643004321, 39.999398524206931 ], [ -75.086940652328124, 39.999567165414945 ], [ -75.087139792745333, 39.999825126453509 ], [ -75.087203891214344, 39.999923684003122 ], [ -75.087224188720668, 39.999955207318713 ], [ -75.087255064595013, 40.000003159557266 ], [ -75.087317363299761, 40.000099908351636 ], [ -75.087368458639759, 40.000179259497187 ], [ -75.087429742935285, 40.000365282099253 ], [ -75.087492613619474, 40.000630426488534 ], [ -75.087526561091323, 40.001086734666657 ], [ -75.087526583631472, 40.001272236448244 ], [ -75.087569829802007, 40.001659312730219 ], [ -75.08760861512566, 40.001846437942987 ], [ -75.087646963800807, 40.00198160004642 ], [ -75.087689539662449, 40.00210403839381 ], [ -75.08770580165762, 40.002150803682177 ], [ -75.087768151653307, 40.002310553041887 ], [ -75.087963969441134, 40.002725169088663 ], [ -75.088070010410917, 40.002880957657737 ], [ -75.088110893566849, 40.002948883407178 ], [ -75.088195974279145, 40.003063557120406 ], [ -75.08824858375057, 40.003134464130142 ], [ -75.088382099870302, 40.003252655675603 ], [ -75.088580545125495, 40.003417754740788 ], [ -75.088598743098174, 40.003428486303001 ], [ -75.089069693800468, 40.003717057305337 ], [ -75.089177274754675, 40.003764326127822 ], [ -75.089250361130411, 40.003796439127434 ], [ -75.089419381654082, 40.003870703149573 ], [ -75.090031933315387, 40.004120708383333 ], [ -75.090273108313284, 40.004225276995776 ], [ -75.090364440206002, 40.004254652939963 ], [ -75.091406330337591, 40.004608130444424 ], [ -75.09148695945855, 40.004645120964156 ], [ -75.09169865551064, 40.004742244245605 ], [ -75.09192484991236, 40.004903393500825 ], [ -75.091993482967851, 40.004954208925319 ], [ -75.092183469249051, 40.005109733000801 ], [ -75.092439899828705, 40.005349877664649 ], [ -75.092578250379162, 40.005498533688161 ], [ -75.092703344432437, 40.005615115744014 ], [ -75.092758407109031, 40.005667878173206 ], [ -75.092796694374272, 40.005718976428646 ], [ -75.092815052918809, 40.005752520747954 ], [ -75.092856682023694, 40.005878070585133 ], [ -75.092881561647488, 40.006081137254931 ], [ -75.092881293446922, 40.006159301368349 ], [ -75.092866386508987, 40.006223324592987 ], [ -75.092832431960574, 40.006298826768564 ], [ -75.092820042372466, 40.006313378277277 ], [ -75.092800783661559, 40.006335999061221 ], [ -75.092780740082006, 40.006359543258995 ], [ -75.092548302054439, 40.00660824549847 ], [ -75.092275705483672, 40.006871827235443 ], [ -75.092253824089639, 40.006894689067451 ], [ -75.092228828272198, 40.006932486462482 ], [ -75.092191885038801, 40.006992658424537 ], [ -75.092160207154777, 40.007061456257404 ], [ -75.092158237425863, 40.007068491903702 ], [ -75.09213960013318, 40.007135057015418 ], [ -75.092117345026438, 40.0072279477533 ], [ -75.092112522745481, 40.007290636566225 ], [ -75.092119945756806, 40.007338906655704 ], [ -75.092148357317512, 40.007413943184254 ], [ -75.092207750287713, 40.007530881518022 ], [ -75.092224348117327, 40.007553107789349 ], [ -75.092501199296578, 40.007874405425177 ], [ -75.092625948293005, 40.007998983376268 ], [ -75.092643222475232, 40.008017557116439 ], [ -75.092742801042036, 40.008129409957384 ], [ -75.092942650666416, 40.008255571668251 ], [ -75.092953517712971, 40.008263015242449 ], [ -75.093119280120334, 40.008364356186853 ], [ -75.093595676610676, 40.008655603116466 ], [ -75.094612869288099, 40.00927745349103 ], [ -75.094655326293946, 40.009310197871145 ], [ -75.094694652363785, 40.00934459170189 ], [ -75.094730847495839, 40.009380634986528 ], [ -75.094763911652464, 40.009418328628307 ], [ -75.094809227683513, 40.009480408314992 ], [ -75.09482831004442, 40.009511525391687 ], [ -75.09484708531626, 40.009547079271101 ], [ -75.094900496395908, 40.009665113932435 ], [ -75.09496210064124, 40.009801872339715 ], [ -75.094998770275367, 40.009898329233458 ], [ -75.095018177008228, 40.0099589690005 ], [ -75.095029133321646, 40.010002014350398 ], [ -75.09504008401268, 40.01007387739287 ], [ -75.095050717475445, 40.010171470280739 ], [ -75.09505207974928, 40.010242822360027 ], [ -75.095048469117884, 40.010298173283203 ], [ -75.095041740226605, 40.010338428229261 ], [ -75.09503216167596, 40.010371819864616 ], [ -75.095019582673388, 40.010404570858142 ], [ -75.094991245815422, 40.010458622854372 ], [ -75.09495427229524, 40.010510265780262 ], [ -75.094858021635233, 40.010667539456975 ], [ -75.094615389627336, 40.011014221354294 ], [ -75.094289799462373, 40.01149858322264 ], [ -75.093710207986248, 40.012360785968617 ], [ -75.09364994885766, 40.012461179164532 ], [ -75.093535668704931, 40.012651575790962 ], [ -75.093489519503805, 40.012788512516522 ], [ -75.093466351990358, 40.01296361904437 ], [ -75.093467414169936, 40.013004719150999 ], [ -75.093471814323649, 40.013174922148437 ], [ -75.093509030282419, 40.013329787396081 ], [ -75.09355102235395, 40.013436900096387 ], [ -75.09360013801151, 40.013528681572652 ], [ -75.093706183775438, 40.013726849924488 ], [ -75.09412474757498, 40.014405183223133 ], [ -75.094330971374575, 40.014704550472558 ], [ -75.094454397636326, 40.014856156246204 ], [ -75.094628094139807, 40.014995841426106 ], [ -75.094666355073088, 40.015029658214949 ], [ -75.095072714935654, 40.015308447559718 ], [ -75.095434318607431, 40.015524440093309 ], [ -75.095682991400153, 40.015672975143595 ], [ -75.095970086661026, 40.015825624363039 ], [ -75.096177359290152, 40.015911526382254 ], [ -75.09644002483445, 40.015965509547939 ], [ -75.096717300590839, 40.015989745962564 ], [ -75.096920075435278, 40.015994913566097 ], [ -75.097150109779022, 40.016001259355001 ], [ -75.09741325303068, 40.015996021788027 ], [ -75.097638635989242, 40.016021149332772 ], [ -75.097892311593114, 40.016084303044572 ], [ -75.098131783390642, 40.016194194578091 ], [ -75.098163493908672, 40.016208746114572 ], [ -75.098378054011761, 40.016285844380533 ], [ -75.098589260051, 40.016336017563816 ], [ -75.098795243762339, 40.016361037234255 ], [ -75.099012736070179, 40.016350660207998 ], [ -75.099170329756291, 40.016334636241119 ], [ -75.099205860261179, 40.016334768122093 ], [ -75.099323779654853, 40.016325064214655 ], [ -75.099422171113716, 40.016310136621051 ], [ -75.099496906553767, 40.016298798624334 ], [ -75.099570404208421, 40.01628926831502 ], [ -75.099709925120067, 40.016264359420731 ], [ -75.100016873606052, 40.016172450059621 ], [ -75.100261128718941, 40.016099311430025 ], [ -75.10061281431139, 40.016037292116231 ], [ -75.101022071373237, 40.016016505837307 ], [ -75.101397309708346, 40.016030992753407 ], [ -75.101570277468923, 40.016040721194202 ], [ -75.101830744008993, 40.016039258281815 ], [ -75.102008959594784, 40.016020623627554 ], [ -75.102058539326777, 40.016015438162434 ], [ -75.102090999808254, 40.016012043793637 ], [ -75.102557970676614, 40.015960684615578 ], [ -75.102757570913838, 40.015967685204842 ], [ -75.102773474770714, 40.015966919275037 ], [ -75.103006388859029, 40.015991283613076 ], [ -75.103224333059075, 40.016043647094641 ], [ -75.103763988606289, 40.016124769522214 ], [ -75.104114250229415, 40.016149972655917 ], [ -75.10427745682037, 40.016164664722652 ], [ -75.104456780315914, 40.016168796571911 ], [ -75.104687968658183, 40.016181482675023 ], [ -75.104977386674207, 40.016196759435523 ], [ -75.105287326454601, 40.01625763364946 ], [ -75.105435325376646, 40.016285432494826 ], [ -75.106076944804215, 40.016359800915403 ], [ -75.106255621220072, 40.016388594308594 ], [ -75.106493002398892, 40.016408448292005 ], [ -75.106693140364243, 40.016452716555207 ], [ -75.106884255026628, 40.016528500282256 ], [ -75.106973423523968, 40.016593719673459 ], [ -75.10707986765577, 40.016680615400446 ], [ -75.107338679676246, 40.016882981899641 ], [ -75.107409365977119, 40.016980177557336 ], [ -75.107483446473722, 40.017157621468407 ], [ -75.107535991532174, 40.017335762687679 ], [ -75.107534012682308, 40.017529647977042 ], [ -75.107480869927542, 40.017707350929079 ], [ -75.107384126889968, 40.017936163399 ], [ -75.10729094346965, 40.018070277307331 ], [ -75.107157618704207, 40.018212098231658 ], [ -75.107130274360287, 40.018227100861232 ], [ -75.106853624946879, 40.018378876703871 ], [ -75.106411508673716, 40.018533036226884 ], [ -75.105997052525368, 40.018697018828973 ], [ -75.105896900762815, 40.018762235105065 ], [ -75.105785895050673, 40.018823799957332 ], [ -75.10576790424426, 40.018840518787407 ], [ -75.105715974301901, 40.018900876028276 ], [ -75.105708914349009, 40.018910963587963 ], [ -75.105630311204777, 40.019034865432793 ], [ -75.105576538190306, 40.019114910071842 ], [ -75.10550274215602, 40.019199697012738 ], [ -75.105454071938226, 40.019229764435188 ], [ -75.1053430025149, 40.019281353892509 ], [ -75.10526185510453, 40.019324800509388 ], [ -75.105187784888784, 40.019351702240542 ], [ -75.105149824889679, 40.019359053421866 ], [ -75.104871737811138, 40.019369812456993 ], [ -75.104539037701798, 40.019348589215802 ], [ -75.104452671405994, 40.019344941513417 ], [ -75.104252365233265, 40.019354112184132 ], [ -75.10398530970599, 40.019395582662661 ], [ -75.103869080573176, 40.01942031368511 ], [ -75.103795278885713, 40.019450680686695 ], [ -75.103731038108094, 40.019508089921274 ], [ -75.10368302805351, 40.019588531447376 ], [ -75.103628387394579, 40.020064935734922 ], [ -75.103598215569349, 40.02019441256958 ], [ -75.103574799087099, 40.020325651628752 ], [ -75.103490175061751, 40.020522857443389 ], [ -75.103429247727107, 40.020677608482615 ], [ -75.103411273087744, 40.02080563551494 ], [ -75.103360307590151, 40.020893432422874 ], [ -75.103331373879115, 40.020917226777776 ], [ -75.10324294866426, 40.020945832779482 ], [ -75.103169111983718, 40.021004426169711 ], [ -75.103149453453, 40.021025081531818 ], [ -75.103142363225615, 40.021040738433541 ], [ -75.103114603470559, 40.021098257522297 ], [ -75.103113505452683, 40.021166175491004 ], [ -75.103147946252335, 40.021283695457768 ], [ -75.103248907663499, 40.021525448617169 ], [ -75.103272890226833, 40.021584935241755 ], [ -75.103325584931852, 40.021698693280321 ], [ -75.10344859661636, 40.021922929294654 ], [ -75.103555137163525, 40.022156513105934 ], [ -75.103646712767656, 40.022323596311793 ], [ -75.103684450191167, 40.022407370890882 ], [ -75.103751495304351, 40.022480981419157 ], [ -75.103763274412145, 40.022489197266459 ], [ -75.103897894911228, 40.022583116306812 ], [ -75.10400685928839, 40.022683249506798 ], [ -75.104139591592016, 40.022844986895336 ], [ -75.104169797013583, 40.0229149767518 ], [ -75.104197766218419, 40.023012811037916 ], [ -75.104201174230425, 40.023099192243677 ], [ -75.104218712166471, 40.023184057296085 ], [ -75.104230342015654, 40.023209365840295 ], [ -75.104262698768224, 40.02325967983186 ], [ -75.104422814582207, 40.023402757554557 ], [ -75.104449669750423, 40.023435314241198 ], [ -75.10447841865124, 40.023465290742614 ], [ -75.104509062419865, 40.023492687984401 ], [ -75.104541599919131, 40.02351750503793 ], [ -75.104576031112373, 40.023539742801702 ], [ -75.104612357203621, 40.023559400400991 ], [ -75.10465057698427, 40.023576478707099 ], [ -75.104690690486493, 40.023590976817999 ], [ -75.104753642716503, 40.02360895910504 ], [ -75.104779220389645, 40.023613856129394 ], [ -75.104802885567963, 40.023616462820428 ], [ -75.104834340474426, 40.023617187379372 ], [ -75.104871748151112, 40.02361622175502 ], [ -75.104895954526199, 40.02361230931087 ], [ -75.104899556837694, 40.023611296631998 ], [ -75.104928163597179, 40.023601831563482 ], [ -75.104956321346265, 40.023589963905408 ], [ -75.104983324749341, 40.023575989168933 ], [ -75.105008360517843, 40.023560326523899 ], [ -75.105029314464019, 40.023543545383454 ], [ -75.105049625497102, 40.023522329868797 ], [ -75.105107447141222, 40.02344460149277 ], [ -75.10514512951292, 40.023391739957681 ], [ -75.105202280045191, 40.023301392444964 ], [ -75.105235930460168, 40.023250881619653 ], [ -75.105304450847626, 40.023147973336705 ], [ -75.105332576740636, 40.023108672938065 ], [ -75.105365872582396, 40.023068731127651 ], [ -75.105400073158165, 40.023035406599718 ], [ -75.105422388348543, 40.023016769080527 ], [ -75.105436134390942, 40.023008589817316 ], [ -75.105453029183195, 40.023001081352149 ], [ -75.105508355858575, 40.022983245498651 ], [ -75.105547907333957, 40.022971886071332 ], [ -75.105588781300654, 40.022962498809449 ], [ -75.105649842592271, 40.022952930365392 ], [ -75.105721092827551, 40.022946977184453 ], [ -75.105779395130796, 40.022945323777918 ], [ -75.105837866879483, 40.022946811636622 ], [ -75.105896510388675, 40.022951441714348 ], [ -75.105955324495653, 40.022959213983988 ], [ -75.106072289566171, 40.022988082939541 ], [ -75.106370447302993, 40.023147933551705 ], [ -75.106554628103979, 40.023252098830838 ], [ -75.106631367602319, 40.023287747729817 ], [ -75.106766898872579, 40.023328805401107 ], [ -75.106874415818751, 40.023338908305419 ], [ -75.106929313693286, 40.023330636261448 ], [ -75.10696113195894, 40.02331736116767 ], [ -75.107013790307704, 40.023295390515017 ], [ -75.107176085714201, 40.023204720191487 ], [ -75.107691689832507, 40.02290859214731 ], [ -75.107886907883312, 40.02279268545815 ], [ -75.108108974548855, 40.022660835194067 ], [ -75.108487127256709, 40.022408000354886 ], [ -75.108640703971162, 40.022300369216829 ], [ -75.108688636562306, 40.022273344265756 ], [ -75.10878129208298, 40.022240937130967 ], [ -75.109159354576263, 40.022164068545372 ], [ -75.109175501059212, 40.022160866384759 ], [ -75.109249608405847, 40.022152143906148 ], [ -75.109315927502308, 40.022150725341774 ], [ -75.109437084954109, 40.022148134081611 ], [ -75.10951453595068, 40.022159894866149 ], [ -75.10963914059765, 40.022181966382021 ], [ -75.109949280483505, 40.022256150010989 ], [ -75.110073099324964, 40.022276135117274 ], [ -75.110465772686013, 40.022344127954582 ], [ -75.110611926863712, 40.022386904751066 ], [ -75.110765751549835, 40.022470255350051 ], [ -75.11085102564283, 40.02255306826774 ], [ -75.110851088799251, 40.022553131890277 ], [ -75.110853569957385, 40.022555540603136 ], [ -75.110935856081809, 40.022635451040848 ], [ -75.110979820167742, 40.022779202633863 ], [ -75.110999182458784, 40.022879907050914 ], [ -75.110990460578705, 40.022923947199345 ], [ -75.111000512315385, 40.022975348613222 ], [ -75.111077038332979, 40.023155923013938 ], [ -75.111230061436189, 40.023399977583011 ], [ -75.111376179017611, 40.023714277942751 ], [ -75.111392120608599, 40.023888103359894 ], [ -75.111465653343274, 40.024162552772566 ], [ -75.11155102340652, 40.02448118309308 ], [ -75.111551416751837, 40.024487948054102 ], [ -75.111557551555308, 40.024593607737778 ], [ -75.11155441083865, 40.024609761326843 ], [ -75.111532375434209, 40.024723106501078 ], [ -75.111532054743208, 40.024724753424074 ], [ -75.111413457596967, 40.025076898284368 ], [ -75.111394426424752, 40.025211568667586 ], [ -75.111394060703077, 40.025235356469345 ], [ -75.111381960177283, 40.025303566633923 ], [ -75.111364363475246, 40.025376373710692 ], [ -75.111356053828004, 40.02544960231485 ], [ -75.111352040273445, 40.025504755853973 ], [ -75.111353713130271, 40.025520965078833 ], [ -75.111358014194678, 40.025534688381519 ], [ -75.111365826782347, 40.025547804882855 ], [ -75.111377934270067, 40.025561568795119 ], [ -75.111429019132657, 40.025605162157078 ], [ -75.111459070467575, 40.025632608717629 ], [ -75.111478467200556, 40.025647447435226 ], [ -75.111506363100617, 40.025662355281383 ], [ -75.111541449002587, 40.025674649538352 ], [ -75.111577110602283, 40.025683410557015 ], [ -75.111670042699231, 40.025702251655169 ], [ -75.111735166575187, 40.025715476528283 ], [ -75.111886570840781, 40.025738844104438 ], [ -75.111953495426647, 40.025751636277235 ], [ -75.112039362372698, 40.025772145664256 ], [ -75.112122040426868, 40.025794551386795 ], [ -75.112142938307585, 40.025800625012266 ], [ -75.112241065632034, 40.025831244302559 ], [ -75.112323270549112, 40.025861093228833 ], [ -75.112401774798442, 40.025893703450649 ], [ -75.112461772533891, 40.025922792632763 ], [ -75.112540374696266, 40.025967152630962 ], [ -75.112567454726516, 40.025985752814321 ], [ -75.112589790443408, 40.026004171048143 ], [ -75.112623182773206, 40.026039759135841 ], [ -75.112656273100825, 40.026085382252973 ], [ -75.112672041155534, 40.026112237352137 ], [ -75.112694020226598, 40.026155972614227 ], [ -75.112719863760191, 40.026207664410393 ], [ -75.112732851732645, 40.026240282613593 ], [ -75.1127417320169, 40.026274733784774 ], [ -75.112749175531889, 40.026320341846969 ], [ -75.112753683533555, 40.026366331207861 ], [ -75.112755112881104, 40.026417592072477 ], [ -75.112751653210765, 40.026490159938504 ], [ -75.112752599051603, 40.026821802910966 ], [ -75.112817689561794, 40.02734523528067 ], [ -75.112817983227885, 40.027350285987914 ] ] ] } },
{ "type": "Feature", "properties": { "district": 19.0, "complaints": 0, "population": 87703.0, "cat_departmental_violations": 0, "cat_lack_of_service": 0, "cat_other": 0, "cat_physical_abuse": 0, "cat_unprofessional_conduct": 0, "cat_verbal_abuse": 0, "race_black": 0, "race_latino": 0, "race_other": 0, "race_unknown": 0, "race_white": 0, "per_50k": 0.0 }, "geometry": { "type": "Polygon", "coordinates": [ [ [ -75.224869856685004, 39.960014818042879 ], [ -75.226211272461683, 39.960168396949783 ], [ -75.226852962465742, 39.960248067465841 ], [ -75.227445841748334, 39.960320341577599 ], [ -75.227977969676772, 39.960386606393179 ], [ -75.228648249899379, 39.960472899497503 ], [ -75.229079703623682, 39.96052308661902 ], [ -75.229411936122105, 39.960562579669407 ], [ -75.229787495655856, 39.960608437586501 ], [ -75.230249848500293, 39.960665383439476 ], [ -75.230804767063248, 39.9607313733175 ], [ -75.231876535023929, 39.960859133380374 ], [ -75.23285982417822, 39.960985077349449 ], [ -75.233555709202918, 39.961075071177447 ], [ -75.234143926399241, 39.961145255656696 ], [ -75.234697282202717, 39.961217497440273 ], [ -75.235088754619525, 39.961267115000361 ], [ -75.236810833121467, 39.961480097022914 ], [ -75.238786865546899, 39.961724309837052 ], [ -75.239449267134646, 39.961803342670621 ], [ -75.240025032655268, 39.961879553750322 ], [ -75.240428086926627, 39.961928485484172 ], [ -75.241085804117006, 39.962008463188866 ], [ -75.24140773046139, 39.962047676007437 ], [ -75.241996757381585, 39.962122310108128 ], [ -75.242737613795157, 39.962211962178301 ], [ -75.243389494415922, 39.962292607204851 ], [ -75.244033638028753, 39.962373793993599 ], [ -75.244712449274061, 39.962460315675067 ], [ -75.245406657587154, 39.962546023353696 ], [ -75.245685753268859, 39.962581067131332 ], [ -75.24620495939709, 39.962645984326471 ], [ -75.246755825589531, 39.962714438842681 ], [ -75.247293897242329, 39.962758518184494 ], [ -75.247567846690757, 39.962803339779533 ], [ -75.247621229956223, 39.962812074221297 ], [ -75.247689528217535, 39.962828272484678 ], [ -75.247661465616659, 39.962941980963663 ], [ -75.247607305099592, 39.963001932002435 ], [ -75.247491106537083, 39.963128717856684 ], [ -75.247421257940815, 39.963200084578396 ], [ -75.247400772913579, 39.963258418457045 ], [ -75.247407076449704, 39.963336149350233 ], [ -75.247437366537852, 39.963426161370364 ], [ -75.247482156492921, 39.96353764582453 ], [ -75.247566716713521, 39.963647654189671 ], [ -75.247686872812736, 39.963786648858125 ], [ -75.247781028351213, 39.963885109278394 ], [ -75.247905548721022, 39.963988925059148 ], [ -75.248059417605688, 39.964083983330902 ], [ -75.248617546119377, 39.964361846703994 ], [ -75.248969844969565, 39.964503549058442 ], [ -75.249467201481494, 39.964730708221346 ], [ -75.249851451154512, 39.964917785140628 ], [ -75.249914182979381, 39.964956768421878 ], [ -75.249991664019745, 39.965010191562605 ], [ -75.250057363203766, 39.965051591003053 ], [ -75.250135893736001, 39.965076817875534 ], [ -75.250224178844022, 39.965085796111886 ], [ -75.250316124014248, 39.965078392916332 ], [ -75.250449396213597, 39.965027217933752 ], [ -75.250607800722236, 39.964957778486649 ], [ -75.250760085866631, 39.964888206436235 ], [ -75.250915920179352, 39.964846919707874 ], [ -75.251050517945686, 39.964842796517011 ], [ -75.251104619346236, 39.96486749156567 ], [ -75.251203477141772, 39.964921370424996 ], [ -75.251285684013226, 39.965012511944067 ], [ -75.251344239595042, 39.965081974082267 ], [ -75.251338766428603, 39.965147690266946 ], [ -75.251342887541952, 39.965201857460293 ], [ -75.251371348936701, 39.965258915301284 ], [ -75.251430510926951, 39.965311929498661 ], [ -75.251499524207162, 39.965346345500933 ], [ -75.251605786211101, 39.965365121358481 ], [ -75.251710031552307, 39.965355633287217 ], [ -75.251814535753027, 39.965339105013491 ], [ -75.251924974777523, 39.965327400017415 ], [ -75.252096563150715, 39.96531467368829 ], [ -75.252337370070052, 39.965289354295351 ], [ -75.252637890661646, 39.965260621944068 ], [ -75.252845938322523, 39.965253392123763 ], [ -75.252974612694899, 39.96524443457777 ], [ -75.253079289142278, 39.96522320574374 ], [ -75.253223998470148, 39.96519343261506 ], [ -75.253317182516838, 39.965235437234206 ], [ -75.253410626063399, 39.965270383661064 ], [ -75.253584899543199, 39.965309450178232 ], [ -75.253715246511348, 39.965338143615298 ], [ -75.253939112994757, 39.965399443769925 ], [ -75.25404868849094, 39.965411232880406 ], [ -75.254143340857624, 39.965413292741715 ], [ -75.254225227935933, 39.965346886160944 ], [ -75.254303974825774, 39.965282763706547 ], [ -75.254339895537441, 39.965220061288314 ], [ -75.254382688679371, 39.965136344093324 ], [ -75.254458998584127, 39.96505570745564 ], [ -75.254546560655967, 39.965001182905745 ], [ -75.254634554129893, 39.964934909760984 ], [ -75.254741214625255, 39.964859635282082 ], [ -75.254939990204633, 39.964772264269961 ], [ -75.255115254548571, 39.964700832858881 ], [ -75.255269392172679, 39.964664208359331 ], [ -75.255410871640365, 39.964639074467108 ], [ -75.255546600847637, 39.96460440005157 ], [ -75.255688943974235, 39.964555768778965 ], [ -75.255813924549159, 39.964480891604474 ], [ -75.255854904161865, 39.964446508692923 ], [ -75.255893962900913, 39.964381522459945 ], [ -75.255969480940919, 39.964322031895811 ], [ -75.256085127338224, 39.964251655609253 ], [ -75.256195271186286, 39.964164698543058 ], [ -75.256283606970797, 39.96408902530527 ], [ -75.25638527794969, 39.963983079373513 ], [ -75.25658867443515, 39.963811149108246 ], [ -75.256689482130639, 39.963728700877965 ], [ -75.256748709118767, 39.963697065775975 ], [ -75.256819361552161, 39.963686842245245 ], [ -75.25690205589575, 39.963681584393264 ], [ -75.256983974162509, 39.963697474748813 ], [ -75.257129242266629, 39.96373590478882 ], [ -75.257253554977297, 39.963762112455655 ], [ -75.257338442023155, 39.963780417733297 ], [ -75.257421136440499, 39.963775159507271 ], [ -75.25748917762192, 39.963753130844708 ], [ -75.25754559643336, 39.963714378692096 ], [ -75.25763263704782, 39.96367395093327 ], [ -75.257707204903284, 39.963640297009086 ], [ -75.257790760801569, 39.963611549539394 ], [ -75.257861338460657, 39.963603676229617 ], [ -75.257936634027317, 39.963633521623827 ], [ -75.257995797054136, 39.963686541390921 ], [ -75.258016465483394, 39.963748123271237 ], [ -75.25801528473869, 39.963863307035794 ], [ -75.258016307406223, 39.964002054458 ], [ -75.257994205265874, 39.964105035835857 ], [ -75.257964308443164, 39.964170220828983 ], [ -75.257946283590599, 39.964245071794167 ], [ -75.257946924146069, 39.964310920942793 ], [ -75.257977756312883, 39.964386832158063 ], [ -75.258010558915586, 39.96440870882585 ], [ -75.258061436843619, 39.964438023786499 ], [ -75.258121893478588, 39.964455797864446 ], [ -75.258192030521911, 39.964459672664063 ], [ -75.258274467153683, 39.964461462948172 ], [ -75.258341819638375, 39.964458222444577 ], [ -75.258408901884593, 39.964462030772864 ], [ -75.258471896393274, 39.964493969254164 ], [ -75.258512839254209, 39.964544232486425 ], [ -75.258549509206901, 39.964627325936888 ], [ -75.258593561081938, 39.964717624492145 ], [ -75.258640351470433, 39.964775078394801 ], [ -75.258686268885469, 39.964856020108058 ], [ -75.258708630475979, 39.96491293454396 ], [ -75.258715551409637, 39.964974217777105 ], [ -75.258718212376536, 39.965068329727373 ], [ -75.258714632131813, 39.965249296588475 ], [ -75.258702369371434, 39.965333678185864 ], [ -75.258712602563961, 39.965387977696061 ], [ -75.258740640855976, 39.965456774175145 ], [ -75.258768667537709, 39.965525569492961 ], [ -75.258800276661447, 39.965580333106971 ], [ -75.258841465744581, 39.965623554917514 ], [ -75.258892172583259, 39.965657569826647 ], [ -75.258976717801104, 39.965685272726581 ], [ -75.259080014890841, 39.965701624758161 ], [ -75.259217321778607, 39.965706957093289 ], [ -75.259336490486405, 39.965707192380229 ], [ -75.259403057153733, 39.965725098381739 ], [ -75.25942585035007, 39.965770264131017 ], [ -75.259430062921538, 39.965822081298278 ], [ -75.259430188033321, 39.965902029590971 ], [ -75.25945263676725, 39.965956593270981 ], [ -75.259554211556804, 39.966019939958848 ], [ -75.259650885377368, 39.966050248166695 ], [ -75.259780794774514, 39.966090692935232 ], [ -75.259910973569063, 39.966124079654094 ], [ -75.260066901826605, 39.966205056573024 ], [ -75.260312153004051, 39.966266807264837 ], [ -75.260492680101308, 39.96632295453275 ], [ -75.260585853848923, 39.966282638651009 ], [ -75.260663936232589, 39.96627904390143 ], [ -75.260752942373202, 39.966289795553166 ], [ -75.260831283374017, 39.966279142556623 ], [ -75.260935459020502, 39.966251417610991 ], [ -75.261028761375883, 39.966207581305575 ], [ -75.261118123020992, 39.966146017208729 ], [ -75.261163713665752, 39.966090559250375 ], [ -75.261218465349813, 39.966035300884812 ], [ -75.261285985394565, 39.966006779644729 ], [ -75.261388998573111, 39.96601077087783 ], [ -75.26144753030573, 39.9660402692029 ], [ -75.26148256097818, 39.966085122390972 ], [ -75.261549855152694, 39.966125387395365 ], [ -75.261664048877705, 39.966168436297778 ], [ -75.261738868214735, 39.966191232057824 ], [ -75.261814204302965, 39.966199920500856 ], [ -75.26189514938774, 39.966180501686679 ], [ -75.262015676317617, 39.966144310577995 ], [ -75.262095370888048, 39.96609665459583 ], [ -75.26210575732587, 39.966063363975046 ], [ -75.26211895447517, 39.966016023934635 ], [ -75.262141120386033, 39.965974167154513 ], [ -75.26216498569265, 39.965948222614372 ], [ -75.262245067302857, 39.965889988326261 ], [ -75.26234487949263, 39.965793368130427 ], [ -75.262385506842861, 39.965748388705002 ], [ -75.262424474703735, 39.965685731957798 ], [ -75.262460450926952, 39.965642417605999 ], [ -75.262513976158587, 39.965620646986515 ], [ -75.262561881301266, 39.965626975227046 ], [ -75.262620029607774, 39.965635289636815 ], [ -75.26268148845034, 39.965647209454261 ], [ -75.262768278356049, 39.965656145576105 ], [ -75.262839608370712, 39.965648870221301 ], [ -75.262920938241294, 39.965618882356935 ], [ -75.262963330442489, 39.965588051351226 ], [ -75.263031569743859, 39.965540137437578 ], [ -75.263095094506767, 39.965495654071191 ], [ -75.263146518473505, 39.965468549726857 ], [ -75.263197038256692, 39.965466112808606 ], [ -75.263253717248887, 39.965483216617564 ], [ -75.263309893084084, 39.965514418949859 ], [ -75.263386348831588, 39.965554882321371 ], [ -75.263470006598723, 39.965586688261098 ], [ -75.263533179683975, 39.965614510248798 ], [ -75.263617406434591, 39.965630453919601 ], [ -75.263697909063964, 39.965623378604015 ], [ -75.263773052975878, 39.965605599620716 ], [ -75.263857063905363, 39.965565081700809 ], [ -75.263931396189847, 39.965538473378743 ], [ -75.263992379739747, 39.965500989194624 ], [ -75.264018859893113, 39.96546628028139 ], [ -75.264059151720346, 39.9654301136827 ], [ -75.264134257933009, 39.965382348812689 ], [ -75.264244243824535, 39.965321230095824 ], [ -75.264375154416982, 39.965251743917406 ], [ -75.264498358321276, 39.965205028871395 ], [ -75.264556209826111, 39.965190406664078 ], [ -75.264645667877701, 39.965188812577125 ], [ -75.264760133913612, 39.965193057896265 ], [ -75.264921551779807, 39.96519832001831 ], [ -75.265061285180295, 39.965201347255004 ], [ -75.265255597162735, 39.96521613294744 ], [ -75.265390227514374, 39.965233156918131 ], [ -75.265450913065152, 39.965266222675425 ], [ -75.265530022252563, 39.965359665093892 ], [ -75.26556932046951, 39.965413430947898 ], [ -75.26565885310751, 39.965535318759301 ], [ -75.265746866223893, 39.965636008524712 ], [ -75.265807771393256, 39.965725523825697 ], [ -75.265860043084473, 39.965800735521846 ], [ -75.265924026702066, 39.965869154136961 ], [ -75.266051122083482, 39.965935407136776 ], [ -75.266196306169519, 39.965977355529851 ], [ -75.266316481644409, 39.96601347451135 ], [ -75.266398492899, 39.966027592315555 ], [ -75.266547389265043, 39.966030815139064 ], [ -75.266710149372216, 39.966030805953203 ], [ -75.266797701601391, 39.9660185913433 ], [ -75.266912362329165, 39.966017549908464 ], [ -75.267026379107605, 39.966034126718831 ], [ -75.267140769652613, 39.966071875661392 ], [ -75.267217614581014, 39.966101767264384 ], [ -75.267295465948635, 39.966166952385471 ], [ -75.267367092482971, 39.966214362363019 ], [ -75.267477399525177, 39.966269663906957 ], [ -75.267534285044277, 39.966281482146542 ], [ -75.267600706659096, 39.966282919186028 ], [ -75.267673170740125, 39.966307416998141 ], [ -75.267781648485254, 39.966350335161287 ], [ -75.26791244280578, 39.966409611342421 ], [ -75.268132620103614, 39.966500805570661 ], [ -75.268394984176723, 39.966598200563567 ], [ -75.268462680704317, 39.966627893447544 ], [ -75.268516489314081, 39.966660807893327 ], [ -75.268570052189617, 39.966700771714713 ], [ -75.268703748916707, 39.966805969890686 ], [ -75.268774797726522, 39.966869241822735 ], [ -75.268849597182751, 39.966955533898926 ], [ -75.268919486385414, 39.967050532285178 ], [ -75.269018978709184, 39.967244953843476 ], [ -75.269046953891035, 39.967294941729421 ], [ -75.269082001565096, 39.967339802752278 ], [ -75.269126712958453, 39.967370754265104 ], [ -75.269160627549624, 39.967383831031796 ], [ -75.26920853425834, 39.96739016460014 ], [ -75.269274646840231, 39.967400414610793 ], [ -75.269359082153954, 39.967411060706048 ], [ -75.269446700117086, 39.967397079537776 ], [ -75.269499902965279, 39.967384111246695 ], [ -75.269551067248813, 39.967364053158569 ], [ -75.26961611056862, 39.967340763209336 ], [ -75.269671669529004, 39.967326088851003 ], [ -75.269742807252456, 39.967324103721225 ], [ -75.26980426923329, 39.967336009820805 ], [ -75.26985865818564, 39.96735306079745 ], [ -75.269921512261604, 39.967389701933797 ], [ -75.26996342898623, 39.967434702132913 ], [ -75.270005023679531, 39.967488525008818 ], [ -75.270033309858064, 39.96756145032802 ], [ -75.270057126221047, 39.967662515002637 ], [ -75.270074975689695, 39.967738745700153 ], [ -75.270100530914021, 39.967792212866655 ], [ -75.270143132575299, 39.967881331010588 ], [ -75.270194316723547, 39.967986509973649 ], [ -75.270300242519525, 39.968193413740146 ], [ -75.27039148991868, 39.968331209098139 ], [ -75.270403951152289, 39.968366760951774 ], [ -75.270415125857724, 39.968437559462423 ], [ -75.27042470347422, 39.968488914442325 ], [ -75.270450462645314, 39.968537098044649 ], [ -75.270503373039517, 39.968594688089325 ], [ -75.270572530724081, 39.96864734040178 ], [ -75.270601535589947, 39.968669131273899 ], [ -75.27065370977364, 39.968684368059023 ], [ -75.270720326674393, 39.968680518679605 ], [ -75.270775629226492, 39.968672892939672 ], [ -75.270840531715351, 39.968653131096879 ], [ -75.270914800576634, 39.96862827379023 ], [ -75.270988747747879, 39.968612230127377 ], [ -75.271045829887456, 39.968618761136767 ], [ -75.271111931104116, 39.968629008910469 ], [ -75.271171037947255, 39.968642630198865 ], [ -75.271243312673022, 39.968672419372304 ], [ -75.271330546983393, 39.968700756710128 ], [ -75.271410333234101, 39.968713066756933 ], [ -75.271492670343292, 39.968718368127355 ], [ -75.271593330215779, 39.96872407420738 ], [ -75.27170054882059, 39.968738733485182 ], [ -75.271805012185709, 39.968765685653253 ], [ -75.271865126507024, 39.968814610889744 ], [ -75.27192504670424, 39.968868827887086 ], [ -75.271988459794969, 39.968953097836959 ], [ -75.272025921820614, 39.968994477278024 ], [ -75.272089164443443, 39.969020538991543 ], [ -75.27219904021841, 39.969056428305066 ], [ -75.27234633531269, 39.969103703952591 ], [ -75.27250775383105, 39.969140705891597 ], [ -75.272627552839623, 39.969187386594172 ], [ -75.272729285525941, 39.969226631436122 ], [ -75.272817720148936, 39.969253236608971 ], [ -75.272960365096978, 39.969302176989444 ], [ -75.273056195496693, 39.969314822305456 ], [ -75.273188038272437, 39.969314145378412 ], [ -75.273282409554113, 39.969303829865595 ], [ -75.273418142287355, 39.969290884145856 ], [ -75.273493998446241, 39.969285466630353 ], [ -75.273571878075117, 39.969287147439751 ], [ -75.273683865598969, 39.969296618982092 ], [ -75.273811894444307, 39.969306445592451 ], [ -75.273914592100468, 39.969319239282335 ], [ -75.274015253066494, 39.969324943238206 ], [ -75.274152766369426, 39.969326144479346 ], [ -75.274328167788084, 39.969325524023851 ], [ -75.274490013883167, 39.969319311275463 ], [ -75.274809865866359, 39.969302398250704 ], [ -75.274892621197836, 39.969296245670904 ], [ -75.275028954477861, 39.969298303373613 ], [ -75.27508710741823, 39.96930661236641 ], [ -75.275199568693793, 39.969334616863819 ], [ -75.275269230661195, 39.969373158715207 ], [ -75.275322542849821, 39.969420168544417 ], [ -75.275365585421838, 39.96951282684109 ], [ -75.275397382193134, 39.969584068582847 ], [ -75.275458177105989, 39.969787344102841 ], [ -75.27549621444993, 39.969938980894142 ], [ -75.275569899172552, 39.970134605650763 ], [ -75.275609197979236, 39.970220118495632 ], [ -75.275654420016764, 39.970268719623512 ], [ -75.275707067875089, 39.970302488491477 ], [ -75.275821095158719, 39.97031905658811 ], [ -75.276007284882311, 39.970321305107163 ], [ -75.276189108093462, 39.970333163678021 ], [ -75.276247337725152, 39.970339715895598 ], [ -75.276305042566278, 39.97036035805791 ], [ -75.276373624624227, 39.970397119004247 ], [ -75.276413863827443, 39.970425323163965 ], [ -75.276440603535264, 39.970477940365242 ], [ -75.276469667943019, 39.970529715697701 ], [ -75.276510118734052, 39.970599386723592 ], [ -75.27661454448679, 39.970785086816925 ], [ -75.276642430308996, 39.970837720559729 ], [ -75.276658399632851, 39.970871580438789 ], [ -75.276670500172045, 39.970916819232862 ], [ -75.276677147383197, 39.970954883983964 ], [ -75.276664312091995, 39.970992539616411 ], [ -75.276639035815663, 39.971025502361258 ], [ -75.276589998221425, 39.971065899600703 ], [ -75.276531277895515, 39.971104322178626 ], [ -75.276473651648899, 39.971144534238704 ], [ -75.276488141561373, 39.971187184677831 ], [ -75.276526560661296, 39.971233871962831 ], [ -75.276584814994607, 39.971271284996277 ], [ -75.276691140881084, 39.971262998349175 ], [ -75.27676257162554, 39.97125306842976 ], [ -75.276827807429243, 39.97122448974762 ], [ -75.276899182214592, 39.971184573824814 ], [ -75.27707540430967, 39.971114283834787 ], [ -75.277137865343846, 39.971098871613002 ], [ -75.277200037297121, 39.971091399797302 ], [ -75.277268833145143, 39.971091116372953 ], [ -75.27734099315245, 39.971092671325898 ], [ -75.277424159492099, 39.971106806859133 ], [ -75.27749360898153, 39.971119772821666 ], [ -75.27754342780149, 39.971136721575185 ], [ -75.277579273512174, 39.971159540971016 ], [ -75.277612773327292, 39.971184075736936 ], [ -75.277659657260571, 39.971218602445759 ], [ -75.277689236029815, 39.971256279133762 ], [ -75.277707359526744, 39.971293709008812 ], [ -75.277715186977034, 39.971330926062208 ], [ -75.277691410348964, 39.97135422676574 ], [ -75.27764950254209, 39.971371839040671 ], [ -75.277598528772643, 39.971386616986962 ], [ -75.277553501284331, 39.971395350399263 ], [ -75.277526583722207, 39.971410644834968 ], [ -75.277510854333769, 39.971433235930597 ], [ -75.277506387587678, 39.971461367477708 ], [ -75.277507398074349, 39.971496663627981 ], [ -75.277516585233414, 39.971527729251981 ], [ -75.277532457613603, 39.971564236697446 ], [ -75.277556657014628, 39.971592093925999 ], [ -75.277594442306679, 39.971624658686892 ], [ -75.277642742676647, 39.971652161219417 ], [ -75.277678043864796, 39.971669004339716 ], [ -75.277767929845311, 39.971687754158353 ], [ -75.277889184168458, 39.971702385561429 ], [ -75.277969620790003, 39.971723335470102 ], [ -75.278021363954551, 39.97176049846064 ], [ -75.27829912287018, 39.971937073706655 ], [ -75.278355356097123, 39.972022383553849 ], [ -75.278451894232205, 39.972115768437909 ], [ -75.278539595765793, 39.97219454719648 ], [ -75.278611688071123, 39.972272990611003 ], [ -75.278659171371686, 39.972341289604316 ], [ -75.278699882264249, 39.972423858443676 ], [ -75.27872689791316, 39.972539775012301 ], [ -75.278762154145767, 39.972643849932119 ], [ -75.27877877852589, 39.972701879828733 ], [ -75.278783094902607, 39.972754833420765 ], [ -75.278785849710488, 39.97285100053886 ], [ -75.278797516931036, 39.972959379592417 ], [ -75.278812569291205, 39.973060623683267 ], [ -75.278833523457848, 39.973171598435833 ], [ -75.278861673954651, 39.973256302338889 ], [ -75.278918519298401, 39.973324802808314 ], [ -75.278954391378591, 39.973368831430655 ], [ -75.278973093870093, 39.973455728464415 ], [ -75.279001407480465, 39.973535634503783 ], [ -75.27904958666069, 39.973627976587188 ], [ -75.279084411322771, 39.973700805933987 ], [ -75.279111252088924, 39.973821529862583 ], [ -75.279126307775385, 39.973922764957507 ], [ -75.279173616736401, 39.97399587028913 ], [ -75.279243810178485, 39.97404062878271 ], [ -75.2793609971378, 39.974081597667876 ], [ -75.279468472508427, 39.974131969930205 ], [ -75.279603606962979, 39.974194947618734 ], [ -75.279807964647773, 39.974329097205761 ], [ -75.279957213683161, 39.974433228814242 ], [ -75.280029310327876, 39.974511662330571 ], [ -75.280047452787542, 39.974549595843328 ], [ -75.280087361288182, 39.974633057742878 ], [ -75.28013327642806, 39.974744569436609 ], [ -75.280195226368548, 39.974844416125777 ], [ -75.280306611526001, 39.975000882142901 ], [ -75.279430476009964, 39.975445822731309 ], [ -75.276381442195841, 39.977013760266701 ], [ -75.273574645985818, 39.978268817990383 ], [ -75.272877228832314, 39.978580653243043 ], [ -75.271338958378678, 39.979262921099696 ], [ -75.269272070807318, 39.980179596337678 ], [ -75.265593526764476, 39.981810881358378 ], [ -75.264384652008943, 39.982346932268399 ], [ -75.263716138510546, 39.98264335522309 ], [ -75.26218609965116, 39.983490320879028 ], [ -75.260731176194113, 39.98429012570557 ], [ -75.259511263033886, 39.984960719525183 ], [ -75.258729193925333, 39.985390610261476 ], [ -75.258569398998731, 39.98552115546412 ], [ -75.258502590426886, 39.985575728628412 ], [ -75.256839468535986, 39.986808658298798 ], [ -75.256298262044922, 39.987209851827096 ], [ -75.256120766254028, 39.987321078557208 ], [ -75.255699075100168, 39.987518720015061 ], [ -75.254002299672393, 39.988313943748764 ], [ -75.251548837881444, 39.989463738217445 ], [ -75.25082323112008, 39.989804770344939 ], [ -75.249191348136833, 39.990571722752584 ], [ -75.248012860651983, 39.991125558481443 ], [ -75.245686057453327, 39.992219014727084 ], [ -75.241652968202104, 39.994114093719297 ], [ -75.237335004990399, 39.996142760899701 ], [ -75.235287777080671, 39.997097352197606 ], [ -75.234310477345957, 39.99755302518232 ], [ -75.23323063338303, 39.998056492227981 ], [ -75.232152964283529, 39.998558933988399 ], [ -75.230889380220418, 39.999148025595858 ], [ -75.230438450339662, 39.9993582524922 ], [ -75.229455086524041, 39.999820248626548 ], [ -75.228377513566812, 40.000326478482982 ], [ -75.226416343899444, 40.001247767516318 ], [ -75.223631590207617, 40.002555855275929 ], [ -75.220698135895049, 40.003933665533715 ], [ -75.219226326592192, 40.004624903826738 ], [ -75.214572011724343, 40.006810609997636 ], [ -75.21375704857752, 40.007155108830474 ], [ -75.213047386072077, 40.007455095846268 ], [ -75.210768442974327, 40.008560530061864 ], [ -75.208925810589818, 40.00945427314727 ], [ -75.208927111551674, 40.009449379769407 ], [ -75.208935800343838, 40.00943781220095 ], [ -75.209054881227402, 40.009279262112749 ], [ -75.209229149702679, 40.009047232090644 ], [ -75.20940392138337, 40.008814529103383 ], [ -75.209117027969441, 40.008625209372724 ], [ -75.208879617509581, 40.008468542591324 ], [ -75.208492527985712, 40.008694156492822 ], [ -75.207953155670836, 40.008343729800941 ], [ -75.206939675963596, 40.009073486367051 ], [ -75.206467049055803, 40.009023450185531 ], [ -75.2049412581148, 40.00870577144228 ], [ -75.204682910403491, 40.008538478251779 ], [ -75.204068237218749, 40.008246993713634 ], [ -75.203971728094118, 40.008158099597871 ], [ -75.203828732178792, 40.008026387735825 ], [ -75.20358367102439, 40.007800543896742 ], [ -75.203864279802048, 40.007739710155178 ], [ -75.204374101976811, 40.007629184460988 ], [ -75.204683643442152, 40.00756207686468 ], [ -75.204998807173766, 40.007493748781556 ], [ -75.205706529349357, 40.00734931408077 ], [ -75.206084268294262, 40.007261699887273 ], [ -75.206320611086468, 40.00720203459057 ], [ -75.206547768880668, 40.00712641581385 ], [ -75.206806837603978, 40.006993744735162 ], [ -75.206926149892013, 40.006917684194939 ], [ -75.207416409568296, 40.006548595550818 ], [ -75.207502194435378, 40.006482428252262 ], [ -75.207600832695846, 40.006416841059725 ], [ -75.207039533120778, 40.006217850948396 ], [ -75.203609526993375, 40.005163547704619 ], [ -75.20235658848965, 40.004778390895623 ], [ -75.202106552926679, 40.004677705066811 ], [ -75.201150438098793, 40.004292683300918 ], [ -75.201449469556664, 40.003864337998927 ], [ -75.202545250842761, 40.002294640671565 ], [ -75.203314406870788, 40.001678393315693 ], [ -75.203389606592495, 40.001303837623624 ], [ -75.203920069131271, 40.000638398029224 ], [ -75.204502762295405, 40.000533716601197 ], [ -75.205463164941676, 40.000950663960531 ], [ -75.206452158612905, 39.999800213674568 ], [ -75.20711969285297, 39.999023669073956 ], [ -75.207571091754829, 39.99803282231565 ], [ -75.211697434754214, 39.997316873397139 ], [ -75.212384277779776, 39.997197726910208 ], [ -75.212696623000483, 39.997117817129464 ], [ -75.213543440453989, 39.996887178853079 ], [ -75.215575704965332, 39.996250908429943 ], [ -75.21581681528184, 39.996146760092778 ], [ -75.215993810460958, 39.996065522928895 ], [ -75.216155684840189, 39.9959657064826 ], [ -75.216334493095502, 39.995835853944037 ], [ -75.217131934547012, 39.995020251336555 ], [ -75.217436277123397, 39.99470463385012 ], [ -75.217697486294597, 39.994485371103529 ], [ -75.217997433007909, 39.994232655835958 ], [ -75.21791368040104, 39.993935985149548 ], [ -75.217537437365962, 39.992592256791085 ], [ -75.217325395213038, 39.991818844571405 ], [ -75.216951385122229, 39.990454629164709 ], [ -75.216884374066154, 39.990210198408739 ], [ -75.216224117304151, 39.987737700604931 ], [ -75.215682601221459, 39.985796078938911 ], [ -75.215419481064671, 39.984867994723764 ], [ -75.214947151253654, 39.983149924483165 ], [ -75.214767488604124, 39.982496388461989 ], [ -75.214719826029025, 39.982323011986963 ], [ -75.214651743139086, 39.982140979862429 ], [ -75.214502988388219, 39.981557945535336 ], [ -75.214161357113767, 39.980312004141354 ], [ -75.213708771898013, 39.978630226895824 ], [ -75.213472607698435, 39.977800175829614 ], [ -75.213306903361229, 39.977226465879184 ], [ -75.213124515924619, 39.976554755214444 ], [ -75.213012137881293, 39.976147377989214 ], [ -75.212921598517624, 39.975822413300527 ], [ -75.212854666771563, 39.975582180761066 ], [ -75.212617524312478, 39.97473100701464 ], [ -75.212423555798111, 39.973992984582154 ], [ -75.212214778239343, 39.973251709552741 ], [ -75.213889748124956, 39.973063324971598 ], [ -75.216334465287247, 39.972799907978775 ], [ -75.21746626794689, 39.972670729384184 ], [ -75.217769865909915, 39.972636076166573 ], [ -75.218419598988945, 39.97303321457062 ], [ -75.219075908248101, 39.972886454360847 ], [ -75.222012688974459, 39.972262396966308 ], [ -75.222250575070333, 39.972209912260944 ], [ -75.223297845157632, 39.971984088007623 ], [ -75.223674695324306, 39.971903837049695 ], [ -75.225386604256528, 39.971540409298186 ], [ -75.225714452244972, 39.971472967917308 ], [ -75.225844163675873, 39.971439822824145 ], [ -75.225836708938317, 39.971373734638924 ], [ -75.225618710883822, 39.970488280379975 ], [ -75.225565333294355, 39.97027731324652 ], [ -75.225453173780579, 39.969834013547057 ], [ -75.225375465091034, 39.969526874559065 ], [ -75.225216191151915, 39.968597759586757 ], [ -75.225142821793668, 39.968154782289467 ], [ -75.22511983587502, 39.968017972614504 ], [ -75.225059073113059, 39.967656313804305 ], [ -75.225048668646679, 39.967594385404972 ], [ -75.224965752663365, 39.967119924211687 ], [ -75.224889829627614, 39.966652047245503 ], [ -75.224815182304212, 39.966215275504005 ], [ -75.224767231898838, 39.965919102761305 ], [ -75.224709466174929, 39.965576271108844 ], [ -75.224643041878096, 39.965193028278165 ], [ -75.2245930381508, 39.964905103016733 ], [ -75.22449781404913, 39.964441003983097 ], [ -75.224322151199516, 39.963584837002351 ], [ -75.22422180304126, 39.963095741972424 ], [ -75.224482307680674, 39.961867426799856 ], [ -75.224608489365394, 39.961277399641311 ], [ -75.224707669747104, 39.960817318308131 ], [ -75.224770649691067, 39.960505696813307 ], [ -75.224869618650501, 39.960015993111654 ], [ -75.224869856685004, 39.960014818042879 ] ] ] } },
{ "type": "Feature", "properties": { "district": 1.0, "complaints": 29, "population": 36334.0, "cat_departmental_violations": 4, "cat_lack_of_service": 7, "cat_other": 2, "cat_physical_abuse": 3, "cat_unprofessional_conduct": 4, "cat_verbal_abuse": 9, "race_black": 12, "race_latino": 1, "race_other": 2, "race_unknown": 6, "race_white": 8, "per_50k": 39.91 }, "geometry": { "type": "Polygon", "coordinates": [ [ [ -75.168959507679673, 39.928044730711441 ], [ -75.169131227976379, 39.927264172592885 ], [ -75.169186019776419, 39.927015111810775 ], [ -75.169229967038532, 39.926815342063712 ], [ -75.169496086395071, 39.925605625385472 ], [ -75.169502039404335, 39.92554083309556 ], [ -75.169747403241018, 39.924418502428331 ], [ -75.16988672461143, 39.923783808753164 ], [ -75.169970695852626, 39.923401264750666 ], [ -75.170026483310295, 39.923147112834847 ], [ -75.170312318220894, 39.921894956441285 ], [ -75.170583341668944, 39.920662762617219 ], [ -75.170856787402954, 39.919419513327682 ], [ -75.171017313578673, 39.918667395188862 ], [ -75.171180689179039, 39.917904938770704 ], [ -75.171307504722009, 39.917317678577902 ], [ -75.17139751922889, 39.916894064570471 ], [ -75.171425273531483, 39.916766714937417 ], [ -75.171697419013938, 39.915490441685584 ], [ -75.171819588509081, 39.914893647512542 ], [ -75.171840895095414, 39.914793390493955 ], [ -75.171879281638866, 39.914612780326642 ], [ -75.17192827125551, 39.914382277022675 ], [ -75.171896035646597, 39.914324452159114 ], [ -75.171878817447649, 39.914265285487808 ], [ -75.172063149843197, 39.913886839765944 ], [ -75.172281206318644, 39.913402849438661 ], [ -75.172345727867736, 39.913259637709885 ], [ -75.172391772923575, 39.913157435593412 ], [ -75.172515118625412, 39.913041875734244 ], [ -75.172636075301497, 39.912443681424563 ], [ -75.172643950720925, 39.912404735522529 ], [ -75.172655691197718, 39.912340501240045 ], [ -75.17266387944062, 39.912295710280922 ], [ -75.172742608954906, 39.911953242182371 ], [ -75.172879558386597, 39.911432675505061 ], [ -75.172915166469878, 39.911301351188243 ], [ -75.172996853424564, 39.910844153913139 ], [ -75.173028172066495, 39.910626171806591 ], [ -75.173054466123332, 39.910522413668872 ], [ -75.173295726878834, 39.909292225114939 ], [ -75.173480725649512, 39.908473798485254 ], [ -75.173643418015175, 39.907729105807192 ], [ -75.173681415556473, 39.907546055542795 ], [ -75.173793093074423, 39.907008074804729 ], [ -75.17383890813818, 39.90678736479957 ], [ -75.174143579008572, 39.905442742215278 ], [ -75.174476027337221, 39.903854191767032 ], [ -75.174565518775765, 39.903426560203819 ], [ -75.174897117104294, 39.901956250624167 ], [ -75.17529535325157, 39.900243796778831 ], [ -75.17532717237097, 39.900106969035392 ], [ -75.175337208134096, 39.900063813344424 ], [ -75.175408800701788, 39.899734204243863 ], [ -75.175454887433901, 39.899522024401172 ], [ -75.175485659943945, 39.899380349093391 ], [ -75.175486603587856, 39.899377269899745 ], [ -75.175512307032335, 39.899280276431483 ], [ -75.175523453356845, 39.899238216076881 ], [ -75.175549872864963, 39.899166491394858 ], [ -75.17555123130596, 39.899130579569366 ], [ -75.175574959283438, 39.898503468184707 ], [ -75.175506350003815, 39.89802146077767 ], [ -75.175548266169784, 39.897815953867472 ], [ -75.175579315769937, 39.897663720393176 ], [ -75.175636816485095, 39.897381800730358 ], [ -75.175401597539846, 39.897351692849256 ], [ -75.173878627759876, 39.897156737950176 ], [ -75.173829557878207, 39.897156547823187 ], [ -75.173404966145497, 39.897106970302367 ], [ -75.173356591679521, 39.897101949949487 ], [ -75.173308225427377, 39.897096898225143 ], [ -75.173259867661884, 39.897091807927389 ], [ -75.173211520029582, 39.89708666647909 ], [ -75.173163187512756, 39.897081465883126 ], [ -75.173114869352119, 39.897076195310241 ], [ -75.173066570666492, 39.897070843162318 ], [ -75.173018291762929, 39.897065401337201 ], [ -75.172970036591693, 39.897059858210511 ], [ -75.172921805528105, 39.897054203879598 ], [ -75.172873602454118, 39.897048428520563 ], [ -75.17282542901647, 39.897042519556216 ], [ -75.172777287859944, 39.897036468937031 ], [ -75.172729180494898, 39.897030267686816 ], [ -75.172681103790708, 39.897023905823971 ], [ -75.172633056578746, 39.897017383322407 ], [ -75.172585036248762, 39.897010707331489 ], [ -75.172537046171271, 39.897003881530992 ], [ -75.17248908638031, 39.896996905020906 ], [ -75.172441155400449, 39.896989785877096 ], [ -75.172393256670205, 39.896982525978949 ], [ -75.17234539239081, 39.896975128980081 ], [ -75.172297558885617, 39.896967599302812 ], [ -75.172249760727624, 39.896959939753259 ], [ -75.172201998949319, 39.896952153958573 ], [ -75.172154269976403, 39.896944243640576 ], [ -75.17210657938007, 39.89693621613258 ], [ -75.172058927126344, 39.896928072334973 ], [ -75.172011313010771, 39.896919817649213 ], [ -75.171963738099933, 39.896911454802456 ], [ -75.171916202257435, 39.896902987395656 ], [ -75.171868708887487, 39.896894418208603 ], [ -75.171821240322174, 39.896885750447865 ], [ -75.171773780539766, 39.89687697474298 ], [ -75.171726339368831, 39.896868078700869 ], [ -75.171678925741972, 39.896859042700058 ], [ -75.171631551790881, 39.896849855300353 ], [ -75.171584228615487, 39.896840501434269 ], [ -75.17153696731512, 39.896830966034223 ], [ -75.171489777786846, 39.896821234906731 ], [ -75.171442671164144, 39.896811292084102 ], [ -75.171395659681849, 39.896801123425277 ], [ -75.171348752067715, 39.896790714710683 ], [ -75.171301960590569, 39.896780050899082 ], [ -75.171255296350253, 39.896769116923096 ], [ -75.171208769243606, 39.896757898589243 ], [ -75.171162391539383, 39.896746380856605 ], [ -75.171116194873505, 39.896734469830385 ], [ -75.171070243268957, 39.896721957915865 ], [ -75.171024522197342, 39.896708888936253 ], [ -75.170979010637481, 39.89669532368773 ], [ -75.170967197461806, 39.896691673673153 ], [ -75.170991794635583, 39.896896316934168 ], [ -75.170964941524431, 39.896980727101607 ], [ -75.170906119942401, 39.897076564531829 ], [ -75.170807911236778, 39.897171515662592 ], [ -75.170710852950918, 39.897236129294612 ], [ -75.170575097924981, 39.8972816535071 ], [ -75.170447911967969, 39.897309153683821 ], [ -75.170247129603084, 39.897287849014546 ], [ -75.169970386630212, 39.897258482958158 ], [ -75.169576304869182, 39.897216665344466 ], [ -75.167143864061359, 39.897119371933428 ], [ -75.166963379839359, 39.897097086253787 ], [ -75.166680953677727, 39.897060358885703 ], [ -75.166562794299651, 39.897057696670075 ], [ -75.16621527648266, 39.89707415308888 ], [ -75.165860574930846, 39.897072228847563 ], [ -75.163230752766353, 39.896982547755734 ], [ -75.162931882660914, 39.896963656758899 ], [ -75.162233075714923, 39.896877955966701 ], [ -75.159290753949918, 39.896517063467087 ], [ -75.15827842351338, 39.896393980874898 ], [ -75.156072834999179, 39.896137621372908 ], [ -75.154126738769889, 39.895899242041295 ], [ -75.152746776789968, 39.895725403132126 ], [ -75.152510449021193, 39.895695630065461 ], [ -75.148837948428195, 39.895247990766542 ], [ -75.145353729413216, 39.894825766665392 ], [ -75.144973379864552, 39.894777866923285 ], [ -75.135270568928192, 39.893601073454356 ], [ -75.138009512349115, 39.888702376851342 ], [ -75.139814550877489, 39.886972119545135 ], [ -75.14049015478048, 39.886324485362131 ], [ -75.142644412509213, 39.884414120276993 ], [ -75.146306827032802, 39.883369251609452 ], [ -75.147888354947156, 39.883239547535318 ], [ -75.149708640942592, 39.883090236255384 ], [ -75.155882570572999, 39.88287391412733 ], [ -75.167373139282603, 39.882688127938813 ], [ -75.172704420726134, 39.882333154666007 ], [ -75.17610158437121, 39.88217200778049 ], [ -75.180596943070611, 39.881501015586579 ], [ -75.185391285934699, 39.881074030018496 ], [ -75.191394166904502, 39.879248850760455 ], [ -75.192919814439804, 39.878381321756585 ], [ -75.193512971570954, 39.880114593191529 ], [ -75.194620032179316, 39.884577768256754 ], [ -75.194813916386536, 39.887119680337427 ], [ -75.195157132427028, 39.890048757270733 ], [ -75.195468551305538, 39.891136089187903 ], [ -75.196802800332108, 39.892383711476661 ], [ -75.197110688847289, 39.892605885231603 ], [ -75.197111242312999, 39.892606284992489 ], [ -75.197330577909085, 39.892764556757179 ], [ -75.19764649999118, 39.892992522992735 ], [ -75.198674930986741, 39.893474713989953 ], [ -75.200442972981506, 39.893954523294106 ], [ -75.202337108169417, 39.89419432346557 ], [ -75.205296773943047, 39.894614524723799 ], [ -75.207704707996911, 39.895157123409192 ], [ -75.210153909238912, 39.89627692367376 ], [ -75.210897560801641, 39.896958628233129 ], [ -75.211624537252334, 39.897670715901548 ], [ -75.211800832094227, 39.897843398445048 ], [ -75.212253768208114, 39.898287044752308 ], [ -75.212704421125608, 39.898815833808221 ], [ -75.213399910831583, 39.899696257564877 ], [ -75.21402851045103, 39.900430124704648 ], [ -75.214448110723879, 39.901087924858444 ], [ -75.215031111461741, 39.903108457827507 ], [ -75.215415726483997, 39.904642053183558 ], [ -75.2154643115352, 39.904899525478307 ], [ -75.215626911698664, 39.90604012604539 ], [ -75.21565977872325, 39.907012658740925 ], [ -75.215634178065628, 39.908368058990987 ], [ -75.215358712303427, 39.90927972494984 ], [ -75.215126112114945, 39.909640125849357 ], [ -75.214729711538851, 39.910077259998687 ], [ -75.213835977892927, 39.910454126150881 ], [ -75.213054936404419, 39.910585181957025 ], [ -75.212543910969188, 39.910670926734397 ], [ -75.209898509470932, 39.910530327936065 ], [ -75.207770711076947, 39.91058006095713 ], [ -75.206826976311874, 39.910903327166196 ], [ -75.206400109117453, 39.911133860490146 ], [ -75.205418975393869, 39.912261260411213 ], [ -75.204899908295928, 39.912972727525009 ], [ -75.204739953050606, 39.913258499154466 ], [ -75.204454007682244, 39.913769354618296 ], [ -75.204024515382656, 39.914547662228394 ], [ -75.20342796661167, 39.915628672833456 ], [ -75.20325222473042, 39.915968826290673 ], [ -75.20254061518429, 39.917346129736679 ], [ -75.20230065104235, 39.917810560610612 ], [ -75.201871968893073, 39.918588041303991 ], [ -75.201781032091006, 39.918752971280483 ], [ -75.201696378759294, 39.91920461112894 ], [ -75.201698739494844, 39.919528522001627 ], [ -75.201741263552549, 39.919635735302123 ], [ -75.201770163696509, 39.919708606710131 ], [ -75.201770282881938, 39.919708798570106 ], [ -75.20186875630057, 39.91995708049825 ], [ -75.201870491515749, 39.919961454699568 ], [ -75.201871659759789, 39.919964346760672 ], [ -75.20190310438521, 39.920039209134195 ], [ -75.202228589446719, 39.920391086421724 ], [ -75.202809582918036, 39.920775779123304 ], [ -75.203037003566564, 39.920876252849354 ], [ -75.203056195592552, 39.92088059672524 ], [ -75.203669055425749, 39.921015169984244 ], [ -75.204061355203706, 39.921092070122036 ], [ -75.204394651661545, 39.92111103353929 ], [ -75.20486920499954, 39.921090138249149 ], [ -75.20552511003207, 39.921061252409501 ], [ -75.2064244219237, 39.921003019873986 ], [ -75.208091627811427, 39.92089504340624 ], [ -75.208261381608864, 39.920893459922418 ], [ -75.208273974165735, 39.920893953500901 ], [ -75.208780306691324, 39.920924632515366 ], [ -75.209111772857369, 39.920978631233211 ], [ -75.209672003832878, 39.921116928065828 ], [ -75.21018314316396, 39.921337563125846 ], [ -75.210510829181302, 39.921537122056783 ], [ -75.210581510490158, 39.921574597811329 ], [ -75.211090911305917, 39.921914165819032 ], [ -75.211311142162472, 39.922130646105117 ], [ -75.211839262719721, 39.922775362208483 ], [ -75.21184058563712, 39.922776976355294 ], [ -75.21204310847169, 39.923283462611472 ], [ -75.212351143487524, 39.924218354116007 ], [ -75.212353997988913, 39.924380126522486 ], [ -75.212380809988758, 39.925899687614134 ], [ -75.212379047407026, 39.925904080640436 ], [ -75.211918142005175, 39.927052887563114 ], [ -75.211808545752589, 39.92724855444478 ], [ -75.211337681028112, 39.92808918704506 ], [ -75.211004297625394, 39.928684357245302 ], [ -75.209990207870717, 39.930494688415187 ], [ -75.209962497715409, 39.930527006329129 ], [ -75.209955591343345, 39.930555227750965 ], [ -75.208271111495534, 39.932519664480999 ], [ -75.205971510080943, 39.93492293126976 ], [ -75.205881855010489, 39.935031200161099 ], [ -75.205860213540049, 39.934990844333491 ], [ -75.204415294898169, 39.932957182784328 ], [ -75.203790560663009, 39.932829282851856 ], [ -75.200713147941755, 39.932158300030899 ], [ -75.200354296851572, 39.93207693283258 ], [ -75.199643592131267, 39.93190890404253 ], [ -75.199589086288327, 39.931816283010157 ], [ -75.198973498123124, 39.931168547572618 ], [ -75.198440434705404, 39.930582225599906 ], [ -75.198177348095939, 39.930301214205684 ], [ -75.197851223868355, 39.929998213976667 ], [ -75.19769723246327, 39.92985514156274 ], [ -75.197508314631108, 39.929679616643448 ], [ -75.19723843217524, 39.929428862451466 ], [ -75.196925035357836, 39.929174964684421 ], [ -75.196653558497815, 39.929323258405908 ], [ -75.196207860856674, 39.92955554617609 ], [ -75.196117254819143, 39.929602768442479 ], [ -75.195846277612048, 39.929741315349531 ], [ -75.195735584610389, 39.92979791091706 ], [ -75.195585344434107, 39.929882847858202 ], [ -75.195105648705805, 39.930147183494313 ], [ -75.194650593811303, 39.930391174609021 ], [ -75.194246407614443, 39.930607890697047 ], [ -75.193782353862275, 39.930855106288384 ], [ -75.193382528271968, 39.931089878247718 ], [ -75.193355008242648, 39.931194830432297 ], [ -75.192818852192943, 39.931125632477453 ], [ -75.192325462138797, 39.931063679345407 ], [ -75.191785325970343, 39.930991663996515 ], [ -75.191008755216444, 39.930883963197068 ], [ -75.190223827979111, 39.930788445917081 ], [ -75.18892944257739, 39.930628206188636 ], [ -75.188269619185391, 39.930545337990544 ], [ -75.188062876068756, 39.93051908085399 ], [ -75.187029147242825, 39.930390935558904 ], [ -75.186272176775304, 39.930283851258125 ], [ -75.185774674348053, 39.930215483285657 ], [ -75.185242271523109, 39.930155562545359 ], [ -75.183824147591935, 39.929964691103621 ], [ -75.183602932622719, 39.929937200096155 ], [ -75.181947318434879, 39.929738993480107 ], [ -75.180370253551189, 39.929530995334531 ], [ -75.179959476002409, 39.929477498100759 ], [ -75.179198343325126, 39.929378369857005 ], [ -75.1784469873391, 39.929280509034129 ], [ -75.176874086633191, 39.929070982552958 ], [ -75.176336994139746, 39.929009181325263 ], [ -75.175881310730219, 39.928950282589426 ], [ -75.17529218042651, 39.928876330375381 ], [ -75.173730625909954, 39.928669737070564 ], [ -75.173163865376637, 39.928597036828144 ], [ -75.172701769972818, 39.928529407202994 ], [ -75.172157294045576, 39.928472301075765 ], [ -75.171597999551537, 39.92839661180939 ], [ -75.171139648542422, 39.928338076470347 ], [ -75.170881969670234, 39.928308158487347 ], [ -75.170272639126793, 39.928228286495944 ], [ -75.170051745321089, 39.928196393792341 ], [ -75.169583481347033, 39.928142125216802 ], [ -75.169234527673481, 39.928087659338104 ], [ -75.169055084973934, 39.92805965108294 ], [ -75.168980820377129, 39.928048057617175 ], [ -75.168959507679673, 39.928044730711441 ] ] ] } },
{ "type": "Feature", "properties": { "district": 5.0, "complaints": 0, "population": 43446.0, "cat_departmental_violations": 0, "cat_lack_of_service": 0, "cat_other": 0, "cat_physical_abuse": 0, "cat_unprofessional_conduct": 0, "cat_verbal_abuse": 0, "race_black": 0, "race_latino": 0, "race_other": 0, "race_unknown": 0, "race_white": 0, "per_50k": 0.0 }, "geometry": { "type": "Polygon", "coordinates": [ [ [ -75.231391006004557, 40.083432438994535 ], [ -75.231387538758014, 40.083423404458983 ], [ -75.231386219002886, 40.083419966187613 ], [ -75.231373794703686, 40.083387597915227 ], [ -75.231370483631139, 40.08337896954454 ], [ -75.231312370239095, 40.083282538777226 ], [ -75.2312070517808, 40.083229128406195 ], [ -75.231256723813516, 40.083053810875214 ], [ -75.231258042705107, 40.083049155521941 ], [ -75.231258126342311, 40.082978781800968 ], [ -75.231249130416586, 40.082939790668519 ], [ -75.23118379146014, 40.082864694635688 ], [ -75.231069176380444, 40.082792096493435 ], [ -75.230925341550204, 40.082753706386413 ], [ -75.230720257884556, 40.082722843881918 ], [ -75.230416128179243, 40.082678222171175 ], [ -75.230352556930498, 40.082676209604529 ], [ -75.230210355704756, 40.082684377118802 ], [ -75.230122925415046, 40.082689399779177 ], [ -75.22995393498779, 40.082667482073248 ], [ -75.229564172792792, 40.082531746273609 ], [ -75.229175550421061, 40.082365449934166 ], [ -75.229033404208238, 40.082307779879102 ], [ -75.228900206581272, 40.082253741411364 ], [ -75.22888246299992, 40.082248606683457 ], [ -75.228648272746042, 40.082163125321891 ], [ -75.228300569439327, 40.082035471541161 ], [ -75.22826897580201, 40.082024121433463 ], [ -75.228242286273073, 40.082010405690987 ], [ -75.227918586248734, 40.081859040659943 ], [ -75.22789044118413, 40.081846713758701 ], [ -75.227625877570787, 40.081680976356743 ], [ -75.227471814148231, 40.081589418622578 ], [ -75.227403082909916, 40.081545311194262 ], [ -75.227350621474997, 40.081506915420746 ], [ -75.227295618655759, 40.081461731622753 ], [ -75.227108270834989, 40.08128979504373 ], [ -75.227028644062202, 40.081222562994 ], [ -75.226885461514954, 40.081113915383028 ], [ -75.226807554562114, 40.081056270549574 ], [ -75.226731653611694, 40.080997202883246 ], [ -75.226639170161079, 40.080921514481503 ], [ -75.226556431653265, 40.080849797097706 ], [ -75.226481554305906, 40.080780411932231 ], [ -75.226413734361643, 40.080712609746925 ], [ -75.226339949964583, 40.080632962741873 ], [ -75.226273226817298, 40.080555142079461 ], [ -75.226213204065999, 40.080478726293094 ], [ -75.226159693605553, 40.080403474301761 ], [ -75.226113411774989, 40.080331411060875 ], [ -75.226070595569439, 40.080257878700372 ], [ -75.226051970442469, 40.080227442288603 ], [ -75.225994888853123, 40.080125243267247 ], [ -75.225975973224379, 40.080084083146282 ], [ -75.225961557848777, 40.080045608603541 ], [ -75.225956938785984, 40.080030988557944 ], [ -75.22595155836818, 40.080006949025581 ], [ -75.225944281890847, 40.079945108123759 ], [ -75.225938360662909, 40.079917289660465 ], [ -75.225930332777551, 40.079894642584151 ], [ -75.225919577764657, 40.079871557198395 ], [ -75.22588927523968, 40.07982284353497 ], [ -75.225854661065341, 40.079778417601695 ], [ -75.225772112990654, 40.079682010255922 ], [ -75.225740719640541, 40.079640833727659 ], [ -75.225634972677938, 40.079487744318001 ], [ -75.225570890456495, 40.079388875433388 ], [ -75.225509387537542, 40.079289000891933 ], [ -75.225486802511213, 40.079253257940088 ], [ -75.225467754171206, 40.079223113956829 ], [ -75.225190925897735, 40.078785017317806 ], [ -75.225102266722246, 40.078639371034569 ], [ -75.225101604685435, 40.078638250971174 ], [ -75.225101206351695, 40.078637577286827 ], [ -75.224861572392257, 40.078232028951923 ], [ -75.224698442826181, 40.077812386478655 ], [ -75.224697718147254, 40.07781068119214 ], [ -75.224696993535403, 40.077808974105032 ], [ -75.224683161519579, 40.077772725028979 ], [ -75.224607783294331, 40.077575189063914 ], [ -75.224597186379086, 40.077558935639715 ], [ -75.224575019772303, 40.077491541652677 ], [ -75.224425290329123, 40.077130542416647 ], [ -75.224286253582747, 40.076912893618861 ], [ -75.224280248183277, 40.076902037109143 ], [ -75.224110866502713, 40.076649822189864 ], [ -75.224071339926113, 40.076586241570723 ], [ -75.224050939225449, 40.076549396634448 ], [ -75.223740837039074, 40.076077391859648 ], [ -75.223729926518473, 40.076060784567957 ], [ -75.223554684236902, 40.075755498377347 ], [ -75.223406123487166, 40.07534612094878 ], [ -75.223395217045621, 40.075315210424975 ], [ -75.223351208326704, 40.075206604700909 ], [ -75.223296031155883, 40.07502126889851 ], [ -75.223092624143604, 40.074714167932932 ], [ -75.223024290782888, 40.074559350398594 ], [ -75.222986743537831, 40.074424950555965 ], [ -75.222991096473578, 40.074259294818958 ], [ -75.223020155386848, 40.074130987055675 ], [ -75.223055503273216, 40.07395104102045 ], [ -75.223055598593277, 40.073950560183299 ], [ -75.223055764103819, 40.073948856438022 ], [ -75.223070893157384, 40.073929187921884 ], [ -75.223106535576264, 40.073866493862319 ], [ -75.223113812826412, 40.073827522781656 ], [ -75.223142361974439, 40.073762688757057 ], [ -75.223178034470607, 40.073703716446573 ], [ -75.223493992306643, 40.073448696243155 ], [ -75.223959131377271, 40.073133149605539 ], [ -75.223992685280223, 40.073119573041758 ], [ -75.22402986428078, 40.073097336504105 ], [ -75.224070089652614, 40.073082073935211 ], [ -75.224149939304425, 40.073041076804039 ], [ -75.224165316225822, 40.07303451586008 ], [ -75.224371149919691, 40.072936067753901 ], [ -75.224961089763937, 40.072653811734035 ], [ -75.225194059362849, 40.072463902980353 ], [ -75.225215557255453, 40.072438300524965 ], [ -75.225481394048998, 40.07218675191595 ], [ -75.225482935003939, 40.072183161969775 ], [ -75.22559444948331, 40.071923401697688 ], [ -75.225615311408419, 40.071875552279202 ], [ -75.225625198635285, 40.071852876115102 ], [ -75.225636517082506, 40.07169991974623 ], [ -75.225603745626543, 40.071607704839451 ], [ -75.225600274959021, 40.071601351375442 ], [ -75.22553260175502, 40.071501832145309 ], [ -75.225487921703547, 40.071461150132727 ], [ -75.225434273774155, 40.071419296216717 ], [ -75.225359634612317, 40.071373155498506 ], [ -75.225047532735175, 40.071136600871135 ], [ -75.224775357633632, 40.070953051533387 ], [ -75.224162130965837, 40.070530658405353 ], [ -75.224093376560333, 40.070483120783905 ], [ -75.223919660460922, 40.070363012761192 ], [ -75.223745807291522, 40.0702492462515 ], [ -75.223404913284725, 40.0700096419923 ], [ -75.223162975766527, 40.069845511252737 ], [ -75.223140434477543, 40.069828732821627 ], [ -75.222967880050717, 40.069700291198572 ], [ -75.22259897758326, 40.069372644064238 ], [ -75.222434370819713, 40.069188365137052 ], [ -75.222342313631358, 40.069085304508953 ], [ -75.222330825288935, 40.069074392138702 ], [ -75.222329711316434, 40.069072909825728 ], [ -75.222227100452798, 40.068961337713347 ], [ -75.222138090887995, 40.068873437414467 ], [ -75.221918213431891, 40.068668842538173 ], [ -75.221843066409306, 40.068603181692488 ], [ -75.221585976983221, 40.068378542910892 ], [ -75.221441880157712, 40.068255705689076 ], [ -75.221291986133764, 40.068127924884053 ], [ -75.221010473343526, 40.067833191331182 ], [ -75.220817186082186, 40.067638706511239 ], [ -75.220637660985759, 40.067467195115292 ], [ -75.220598103439357, 40.0674121907754 ], [ -75.220528730544046, 40.067249464811141 ], [ -75.220521816671251, 40.067228762712269 ], [ -75.220505603178566, 40.067180233180885 ], [ -75.220492251328608, 40.067087922391181 ], [ -75.220435180949323, 40.066895248675209 ], [ -75.220362862813104, 40.066618604334685 ], [ -75.220362800862588, 40.06661844169269 ], [ -75.220362792740914, 40.066618313572505 ], [ -75.220329017012745, 40.066479073474248 ], [ -75.220320658011616, 40.066391281139353 ], [ -75.220341039907296, 40.066283499530506 ], [ -75.220359460766275, 40.066246446157443 ], [ -75.220448665271419, 40.066163775766192 ], [ -75.220566284266241, 40.066070959384675 ], [ -75.220818107158266, 40.065870304119066 ], [ -75.221003599424463, 40.065729740001665 ], [ -75.221066935754237, 40.065668111107399 ], [ -75.221120073942785, 40.065616403852296 ], [ -75.221322656472296, 40.065478639944814 ], [ -75.221383174784606, 40.065444179658087 ], [ -75.221472113390689, 40.065402147471914 ], [ -75.221836779554991, 40.065222485880305 ], [ -75.221881529177139, 40.065200438297374 ], [ -75.222247628935676, 40.065029921456386 ], [ -75.222277639638705, 40.065019347124959 ], [ -75.222316783050687, 40.065000620557747 ], [ -75.22311806637407, 40.06467476498009 ], [ -75.223414679938642, 40.064508137756263 ], [ -75.223494935071656, 40.064402627243581 ], [ -75.223568669169893, 40.064204320397721 ], [ -75.223502441024237, 40.063921007795884 ], [ -75.223416212679936, 40.063767259023642 ], [ -75.223292582279882, 40.063608822459521 ], [ -75.223200800628106, 40.063491198417395 ], [ -75.223131468238833, 40.063427874500768 ], [ -75.222666506846423, 40.063003199812641 ], [ -75.222366948220056, 40.062586658615466 ], [ -75.222287797049447, 40.06247659706456 ], [ -75.222158153815741, 40.062192034395423 ], [ -75.222152201002302, 40.062177450567198 ], [ -75.221883812722254, 40.061395967921449 ], [ -75.221762863694607, 40.061091069521609 ], [ -75.221718857758859, 40.061000325121576 ], [ -75.221570965763092, 40.060689784439781 ], [ -75.221561848980826, 40.060674461509507 ], [ -75.221531154901868, 40.060622880712089 ], [ -75.221475912384619, 40.060549794418037 ], [ -75.221412878196546, 40.060456983215808 ], [ -75.22102501631106, 40.060112292576598 ], [ -75.220978019039222, 40.060062483628329 ], [ -75.220579184242695, 40.059767380335671 ], [ -75.220428776717455, 40.059521997602801 ], [ -75.22042873414685, 40.059521912872945 ], [ -75.220224443281793, 40.059134450279494 ], [ -75.220025421996837, 40.058752108331205 ], [ -75.220016726247835, 40.058726863754586 ], [ -75.219963786378472, 40.058627174991727 ], [ -75.219795180638485, 40.058309681188497 ], [ -75.219711087901416, 40.058156366408312 ], [ -75.21954972318045, 40.057941399251604 ], [ -75.21948321230731, 40.057889245242315 ], [ -75.219364989237334, 40.057792171893141 ], [ -75.219364803778433, 40.057792020044857 ], [ -75.21920568705788, 40.05766136576306 ], [ -75.219083550987961, 40.057548448385717 ], [ -75.219083489772004, 40.057548392076491 ], [ -75.219082898129514, 40.057547844752769 ], [ -75.218874398419317, 40.05735507765759 ], [ -75.21868058757876, 40.057162701354372 ], [ -75.218416764566456, 40.05674514926519 ], [ -75.218292893823147, 40.056603260847062 ], [ -75.217916723512246, 40.056108547275905 ], [ -75.217878438116955, 40.055947596351402 ], [ -75.217779164609922, 40.055480128159424 ], [ -75.21778571302859, 40.055428671489899 ], [ -75.217805002130916, 40.055392220619552 ], [ -75.217822546529717, 40.055359068586029 ], [ -75.217772997619988, 40.055138087306389 ], [ -75.217772958928563, 40.055137835976488 ], [ -75.217707908950075, 40.054616075546498 ], [ -75.217614202962352, 40.054031822749252 ], [ -75.217600718928864, 40.053951645831489 ], [ -75.217583343016472, 40.053872581450818 ], [ -75.217562075203958, 40.053794630505685 ], [ -75.217536914366164, 40.053717792067864 ], [ -75.217507861652706, 40.053642067060863 ], [ -75.217474917108817, 40.053567454581582 ], [ -75.217438079574322, 40.053493954600725 ], [ -75.217397350197857, 40.053421568040761 ], [ -75.217358593243432, 40.053359256648264 ], [ -75.217335766845551, 40.053314431592874 ], [ -75.217310695865081, 40.05325661782922 ], [ -75.217282926670578, 40.053182358139438 ], [ -75.217252817329211, 40.053114505199723 ], [ -75.217207140947536, 40.053023234520687 ], [ -75.217171671585589, 40.052953772238176 ], [ -75.217147571996549, 40.052912720377037 ], [ -75.217115382199196, 40.052866149935717 ], [ -75.217084136585925, 40.052827516463246 ], [ -75.217059913007446, 40.052801753574208 ], [ -75.217056391385157, 40.052798005268549 ], [ -75.217011366831116, 40.052745250288879 ], [ -75.216931103537817, 40.052639447872437 ], [ -75.216896852054873, 40.052597044068655 ], [ -75.216858104627363, 40.052555039373338 ], [ -75.216819397026825, 40.052520165134375 ], [ -75.21676741101308, 40.052482667212715 ], [ -75.216703612586684, 40.052445203422351 ], [ -75.216639503073608, 40.0524126188444 ], [ -75.216488209608556, 40.05234078781848 ], [ -75.216419982775619, 40.052304935398872 ], [ -75.216264773760955, 40.052215524849821 ], [ -75.216111662294594, 40.052123957405747 ], [ -75.215960647211332, 40.052030233049145 ], [ -75.215811730825976, 40.051934352740126 ], [ -75.21538119395926, 40.051613293473288 ], [ -75.215213484884629, 40.051437430608921 ], [ -75.215157289148408, 40.051381105486755 ], [ -75.215129082857786, 40.051352833303447 ], [ -75.214908883238508, 40.051175028795704 ], [ -75.214551225009245, 40.050795068746936 ], [ -75.214327437064711, 40.050446305935147 ], [ -75.214195912964627, 40.05014649961111 ], [ -75.213981243905849, 40.0498046182122 ], [ -75.213816380530375, 40.049392158786539 ], [ -75.213707370014205, 40.049247708831153 ], [ -75.213650465464212, 40.049076194414283 ], [ -75.213623185611439, 40.04900931917436 ], [ -75.213632544010068, 40.048891761685525 ], [ -75.213653386235833, 40.048829486223894 ], [ -75.213627828066819, 40.048735750584434 ], [ -75.213546883463437, 40.048618990594413 ], [ -75.213519244913925, 40.048593831744128 ], [ -75.21315942847319, 40.048279751567897 ], [ -75.212944582069838, 40.048176777369576 ], [ -75.212868234570777, 40.048119003157581 ], [ -75.212867885957891, 40.048118700831701 ], [ -75.212827080331138, 40.048074214701018 ], [ -75.212782751441168, 40.048032935780803 ], [ -75.212734899321816, 40.047994863166821 ], [ -75.212683522800873, 40.047959996828681 ], [ -75.212631699257756, 40.047931850153162 ], [ -75.212501754204581, 40.047872253927281 ], [ -75.212353622569651, 40.047794850312165 ], [ -75.212245670355415, 40.047733906972987 ], [ -75.212152726079196, 40.047675211505769 ], [ -75.212073066106583, 40.047617390588051 ], [ -75.212012646505187, 40.047565821452565 ], [ -75.211934481310507, 40.047490518035254 ], [ -75.211859374548325, 40.047418359947962 ], [ -75.211706795453878, 40.047288716374602 ], [ -75.211671265836003, 40.047255283609992 ], [ -75.211641928117359, 40.047223932909439 ], [ -75.211599238390463, 40.047175599759683 ], [ -75.211579745543219, 40.047144986457539 ], [ -75.211566973894165, 40.04710807231838 ], [ -75.211557603949927, 40.047072267692563 ], [ -75.211552364013912, 40.047042673012967 ], [ -75.211550659978172, 40.04701589640527 ], [ -75.211552513385953, 40.046991393241115 ], [ -75.211558712230783, 40.046963518153071 ], [ -75.211577409844153, 40.046918680433365 ], [ -75.21159943813322, 40.046874217242333 ], [ -75.211627585830229, 40.046825968117538 ], [ -75.211723973294681, 40.046682736115706 ], [ -75.211740297038759, 40.046658761714902 ], [ -75.211766751930156, 40.046622790913375 ], [ -75.211791067220872, 40.046586069150976 ], [ -75.211816183127624, 40.046543613996022 ], [ -75.211835728598899, 40.046506471485834 ], [ -75.211849196387504, 40.046476324293849 ], [ -75.211857192062425, 40.046453375011595 ], [ -75.211862932677349, 40.046430348874047 ], [ -75.211873676241581, 40.046377408379499 ], [ -75.211880172551574, 40.046353360086123 ], [ -75.211889679856284, 40.046327607855638 ], [ -75.211903170083815, 40.046295824939669 ], [ -75.211915439425695, 40.04626913182183 ], [ -75.211928691200654, 40.046242469418885 ], [ -75.211943308154773, 40.046215070426747 ], [ -75.211959283755334, 40.046186952720575 ], [ -75.211980787453598, 40.046151549134365 ], [ -75.212017179653856, 40.046099882585516 ], [ -75.212025195088813, 40.046087434874558 ], [ -75.2120317090816, 40.04607604420007 ], [ -75.212042188755206, 40.04605488330904 ], [ -75.212050355541223, 40.046035881468882 ], [ -75.212056715518571, 40.046017230743779 ], [ -75.212062017708561, 40.045997115951003 ], [ -75.212065861253635, 40.045978105091962 ], [ -75.212069143298208, 40.045956930241651 ], [ -75.212078441845676, 40.045871060527872 ], [ -75.212084097313792, 40.045834103054148 ], [ -75.212090193953244, 40.045805221971918 ], [ -75.212097783601251, 40.045773001434711 ], [ -75.212130103141632, 40.045648609034771 ], [ -75.212142743647632, 40.045595531129933 ], [ -75.212148638366116, 40.045566938409053 ], [ -75.212153376501959, 40.0455401500653 ], [ -75.212156965251566, 40.045515318526689 ], [ -75.212160141814167, 40.045487371236909 ], [ -75.212160601543275, 40.045482696198164 ], [ -75.212163381608903, 40.045448549383948 ], [ -75.212165775032801, 40.045405024538205 ], [ -75.2121706056855, 40.04524624727604 ], [ -75.212171563130966, 40.045192124689315 ], [ -75.212172265322195, 40.045064647928044 ], [ -75.212173896903039, 40.045001747383793 ], [ -75.212177464721918, 40.044944061350662 ], [ -75.212187995883369, 40.044838799627357 ], [ -75.212191427536951, 40.044795504947402 ], [ -75.212193298756787, 40.044743561341043 ], [ -75.212193271985299, 40.0446839074 ], [ -75.21219057784829, 40.04459624103233 ], [ -75.212183505814679, 40.044450663534107 ], [ -75.212177446704146, 40.044363856258705 ], [ -75.212169948536257, 40.04428665788042 ], [ -75.212166201453556, 40.04425300476985 ], [ -75.212155900229448, 40.044171797185015 ], [ -75.212150034747893, 40.044131312748213 ], [ -75.212143936180937, 40.044094803775614 ], [ -75.21213698084189, 40.044059011089033 ], [ -75.212129367893127, 40.044025411321101 ], [ -75.212121262074959, 40.043994520779869 ], [ -75.212111808578967, 40.043963241865491 ], [ -75.212096807085544, 40.043918942572354 ], [ -75.212050286814076, 40.043788994396486 ], [ -75.21198163299016, 40.043608200320783 ], [ -75.211958387129613, 40.043545090689477 ], [ -75.211937511884727, 40.043484294939347 ], [ -75.211918398000591, 40.043417749181749 ], [ -75.211910748460284, 40.043393437888199 ], [ -75.21190148708547, 40.043368811670135 ], [ -75.21189016674353, 40.043344259790175 ], [ -75.211872369571665, 40.043310743115399 ], [ -75.21185233204163, 40.043277950893383 ], [ -75.211830056431111, 40.043245884975079 ], [ -75.211805541672277, 40.043214542632555 ], [ -75.211778787700197, 40.043183925664906 ], [ -75.21174979451709, 40.043154034070625 ], [ -75.211718562158524, 40.043124866947693 ], [ -75.211685089387643, 40.043096426068871 ], [ -75.211684970717428, 40.043096276583725 ], [ -75.211476144481736, 40.042925065296572 ], [ -75.211448137257506, 40.042902103371851 ], [ -75.211448072412438, 40.042902050581816 ], [ -75.211384668413018, 40.042850067261071 ], [ -75.211324440850149, 40.042765103641941 ], [ -75.211235631704866, 40.042599376106473 ], [ -75.211210020004714, 40.042542784998616 ], [ -75.211114047454956, 40.04238806061327 ], [ -75.211059598783862, 40.042300276494579 ], [ -75.21097403680713, 40.042136775688803 ], [ -75.210912535549085, 40.041911317831591 ], [ -75.210873831136681, 40.041830735530446 ], [ -75.210828601529855, 40.041719840801726 ], [ -75.210762254754499, 40.041467918784818 ], [ -75.21072990040571, 40.041410937928937 ], [ -75.210721525169319, 40.041362179890022 ], [ -75.210712302882271, 40.041308490874577 ], [ -75.210661047004706, 40.041173045751421 ], [ -75.210527598977379, 40.040820403124819 ], [ -75.210358020895626, 40.040519867295117 ], [ -75.210190948059974, 40.040259612613653 ], [ -75.210079900945487, 40.040055010620641 ], [ -75.209669070539007, 40.039481645340345 ], [ -75.209468357099865, 40.039185747935413 ], [ -75.209197486224028, 40.038867620292805 ], [ -75.208991985483806, 40.038626265337683 ], [ -75.208964895794139, 40.038599217184405 ], [ -75.208627439874746, 40.038291962340622 ], [ -75.208452656718705, 40.038190013020795 ], [ -75.207950326506079, 40.037913110624174 ], [ -75.207799200289458, 40.037824394244964 ], [ -75.207653406668911, 40.037731456471043 ], [ -75.207512945649739, 40.037634297322739 ], [ -75.207377818406414, 40.037532916845521 ], [ -75.207241379240529, 40.037424764967007 ], [ -75.207195976505176, 40.037385202403712 ], [ -75.207157170131751, 40.037348037457356 ], [ -75.207123409282573, 40.037311456324204 ], [ -75.207040966662817, 40.037214809758872 ], [ -75.206989981264215, 40.037162573466581 ], [ -75.20685740518087, 40.037036546075043 ], [ -75.206822771586943, 40.037000084276293 ], [ -75.206793844286892, 40.03696605988268 ], [ -75.206753177218829, 40.036912560787265 ], [ -75.206714877871619, 40.036870106316705 ], [ -75.20667981367933, 40.036826622445084 ], [ -75.206647986946066, 40.036782110127248 ], [ -75.206619396529547, 40.036736568439835 ], [ -75.206599948585122, 40.036698547124189 ], [ -75.206582999237469, 40.036654940866356 ], [ -75.206569380836427, 40.036610344283773 ], [ -75.206537440349408, 40.036491028297363 ], [ -75.20651361671554, 40.036425331322981 ], [ -75.206482261131683, 40.036358686380623 ], [ -75.206444883656076, 40.036287583266599 ], [ -75.206400605499368, 40.036210231144587 ], [ -75.206343995819651, 40.036117129410187 ], [ -75.206326273781428, 40.036091675584949 ], [ -75.206281662099101, 40.036036362623491 ], [ -75.206263575359699, 40.036011445816342 ], [ -75.20624823796237, 40.035984104934329 ], [ -75.206239487326414, 40.035958380361926 ], [ -75.20623660242012, 40.035943031884251 ], [ -75.206225410027557, 40.035909149627265 ], [ -75.206207624448808, 40.035875887198074 ], [ -75.206183958868309, 40.035844575850653 ], [ -75.206155410433837, 40.035816538711792 ], [ -75.206147281585018, 40.035809875970401 ], [ -75.206130900915767, 40.035794108751723 ], [ -75.206117096636135, 40.03577721647931 ], [ -75.206105872258334, 40.03575919923194 ], [ -75.206097224267467, 40.035740056932546 ], [ -75.206091155037768, 40.035719788733338 ], [ -75.206087663362439, 40.035698395509002 ], [ -75.206086750410279, 40.035675877285755 ], [ -75.206088415007727, 40.035652234037755 ], [ -75.206005562737602, 40.035364895053057 ], [ -75.205947394739397, 40.035259083288892 ], [ -75.205900550668218, 40.035183986077733 ], [ -75.205754577147374, 40.035053169020266 ], [ -75.205690884715807, 40.035011282423014 ], [ -75.205503507117314, 40.034929703878881 ], [ -75.205503243003093, 40.034929589006481 ], [ -75.204971202330725, 40.034790543540574 ], [ -75.204941553527931, 40.034786278050689 ], [ -75.204384641934482, 40.034687206667741 ], [ -75.204304602828415, 40.034663693304893 ], [ -75.204223776595782, 40.034644916124371 ], [ -75.204142160911729, 40.034630874172272 ], [ -75.204059758068382, 40.034621568399118 ], [ -75.204003147405558, 40.034618157425015 ], [ -75.203942750088146, 40.034617106900441 ], [ -75.203878045008665, 40.034618403465664 ], [ -75.203807707886611, 40.034622071816038 ], [ -75.203716595818918, 40.034628674530289 ], [ -75.203652440653016, 40.034635651364042 ], [ -75.203595732472579, 40.034645116950948 ], [ -75.203545840703683, 40.034657382583163 ], [ -75.203494122725999, 40.034675208333667 ], [ -75.203416924588197, 40.034707405928664 ], [ -75.203333188030982, 40.034743823853709 ], [ -75.203269459824355, 40.034774433319868 ], [ -75.203207238041173, 40.034809033356886 ], [ -75.203164197850498, 40.03483789944984 ], [ -75.203119504919229, 40.034873198975404 ], [ -75.202956784100621, 40.035020456204059 ], [ -75.202856677541476, 40.035103726896729 ], [ -75.202766116009442, 40.035188890463964 ], [ -75.202682279645174, 40.035278155814886 ], [ -75.202605168426402, 40.035371523864399 ], [ -75.202534782434284, 40.035468992825479 ], [ -75.202090431295176, 40.036051653711112 ], [ -75.201985711033004, 40.036170883075172 ], [ -75.201806275772597, 40.036329708980226 ], [ -75.201736904285667, 40.03638149845019 ], [ -75.201709108635882, 40.036402786040455 ], [ -75.201589928369472, 40.036471417406432 ], [ -75.201512888628457, 40.036492731385351 ], [ -75.201432415906325, 40.036478203840069 ], [ -75.20096257315582, 40.036193330371219 ], [ -75.200948145720886, 40.03617483515373 ], [ -75.200931158224122, 40.036133061572755 ], [ -75.200910180780255, 40.036105265893788 ], [ -75.200907053342021, 40.036081770411755 ], [ -75.200848632249333, 40.035992625149511 ], [ -75.200843562468592, 40.035967134984396 ], [ -75.200851205844017, 40.035945830120404 ], [ -75.200852973147377, 40.035909609385762 ], [ -75.200855770943235, 40.035852227143025 ], [ -75.200882762608288, 40.035788404491385 ], [ -75.200907876058423, 40.035747309392534 ], [ -75.200907250463843, 40.035701895777606 ], [ -75.200901431489598, 40.03568340059141 ], [ -75.200778931679793, 40.035489863808493 ], [ -75.200648383323099, 40.035323506285067 ], [ -75.200603942145065, 40.035271059076017 ], [ -75.200504874499202, 40.035154138980737 ], [ -75.200479147247421, 40.035095567636425 ], [ -75.20038550056158, 40.034914082950252 ], [ -75.200257843080067, 40.034620139495921 ], [ -75.200105611535619, 40.034161203716444 ], [ -75.200057337283724, 40.034063621911578 ], [ -75.200022788423652, 40.033993783063202 ], [ -75.200013942602212, 40.033960023399622 ], [ -75.200008179775253, 40.03391895657203 ], [ -75.200005644924829, 40.033878110077325 ], [ -75.200006338011278, 40.033837484815969 ], [ -75.200010257891478, 40.033797079861685 ], [ -75.200020454633432, 40.033746720327855 ], [ -75.200040553959653, 40.033679377795828 ], [ -75.200041421740565, 40.033676684141639 ], [ -75.200084668725921, 40.033534455972806 ], [ -75.200109204431044, 40.033453760849142 ], [ -75.200120028363969, 40.033409509618266 ], [ -75.200123989575488, 40.033374584579171 ], [ -75.200125749089565, 40.033288447194906 ], [ -75.200129025905397, 40.03326521729938 ], [ -75.200134596977847, 40.033244627822164 ], [ -75.200145021039731, 40.03321803728501 ], [ -75.200156720898676, 40.033187907098629 ], [ -75.200206336571995, 40.033058907355148 ], [ -75.200238785915644, 40.032980431371797 ], [ -75.200274637403112, 40.032912199629941 ], [ -75.200281387375782, 40.032894703333127 ], [ -75.200284949230195, 40.032878766174576 ], [ -75.200285752260015, 40.032838392031195 ], [ -75.200277827687117, 40.032800109979583 ], [ -75.200271189871799, 40.032784858202646 ], [ -75.200261120756835, 40.032768403995696 ], [ -75.200217837402363, 40.032712957623602 ], [ -75.200172760713954, 40.032649495739442 ], [ -75.200142393099853, 40.032616163780986 ], [ -75.200105542503593, 40.032586515342736 ], [ -75.200063891811638, 40.032560245400596 ], [ -75.200017441023434, 40.03253735394933 ], [ -75.199966190136919, 40.032517840983111 ], [ -75.199744246933037, 40.032380574522328 ], [ -75.199664710920558, 40.032331527356781 ], [ -75.199665694842764, 40.0323305463887 ], [ -75.199553713344372, 40.032262740580428 ], [ -75.19933944730991, 40.032127328659023 ], [ -75.199241566158889, 40.032073261530748 ], [ -75.199190628544557, 40.03203744519773 ], [ -75.198943328307976, 40.031863557577203 ], [ -75.198730433929001, 40.031752147933595 ], [ -75.198604120634343, 40.031653105749207 ], [ -75.198420531762409, 40.031485618426899 ], [ -75.198203142453607, 40.03121297327462 ], [ -75.198158638546658, 40.031135413538181 ], [ -75.198066259949911, 40.030914371942508 ], [ -75.198058003892214, 40.030816991798666 ], [ -75.198076507513122, 40.030747166993855 ], [ -75.198111852553097, 40.030620393631182 ], [ -75.198118850985651, 40.030587383181313 ], [ -75.198127801175815, 40.030545169996678 ], [ -75.198131926404258, 40.030512857053147 ], [ -75.198146513912761, 40.030398582497845 ], [ -75.198198745695876, 40.030132001640631 ], [ -75.198225713816285, 40.029978285011737 ], [ -75.198331379251741, 40.029633857076256 ], [ -75.198334920365497, 40.029503009081658 ], [ -75.198321460347231, 40.029380747439724 ], [ -75.198320583309069, 40.029378013228808 ], [ -75.19831863729928, 40.029371944979005 ], [ -75.198317005989907, 40.029366858607474 ], [ -75.198314022486045, 40.029357554326488 ], [ -75.198309412819327, 40.029343182709127 ], [ -75.198291714043719, 40.029287994919493 ], [ -75.198264489721552, 40.029203107425396 ], [ -75.198262315100038, 40.029196324103836 ], [ -75.198256666930305, 40.029178712825569 ], [ -75.198256388954704, 40.029177845289482 ], [ -75.198256225289924, 40.029177335288878 ], [ -75.198256163304748, 40.029177144700824 ], [ -75.198256056378995, 40.029176808953629 ], [ -75.198252420844483, 40.029166392760459 ], [ -75.198184401508996, 40.028977317637413 ], [ -75.198160720113762, 40.028911487580864 ], [ -75.198084844022873, 40.028727116745429 ], [ -75.198024143853189, 40.028633578113883 ], [ -75.198007149490252, 40.028607389418411 ], [ -75.197973741299066, 40.028555907002037 ], [ -75.197969459406224, 40.028544884475153 ], [ -75.197964750916938, 40.028532770362645 ], [ -75.197962106021095, 40.028525964870759 ], [ -75.197961075694053, 40.028523318251473 ], [ -75.197889035455702, 40.028337950395247 ], [ -75.197865587603388, 40.028301954094218 ], [ -75.197795863607496, 40.028194915971909 ], [ -75.197770404648338, 40.028155834066965 ], [ -75.197763665584802, 40.028141151105828 ], [ -75.19775896089395, 40.028130901245071 ], [ -75.197754355714864, 40.028120872539532 ], [ -75.197752581341319, 40.028117005641214 ], [ -75.197751650799518, 40.028114978425151 ], [ -75.197750285907361, 40.0281120036109 ], [ -75.197749771263801, 40.028110884839634 ], [ -75.197749392202326, 40.028110056501852 ], [ -75.1977489945195, 40.028109193511973 ], [ -75.197747924320836, 40.02810685955383 ], [ -75.197745520448805, 40.028101624456447 ], [ -75.197742811121643, 40.028095723035676 ], [ -75.197715269656285, 40.028035724878045 ], [ -75.197685508692089, 40.027960229670427 ], [ -75.197650245186722, 40.027777677388677 ], [ -75.197482506862585, 40.027635675838219 ], [ -75.197387850019865, 40.027572623514203 ], [ -75.197330914282077, 40.027544019720587 ], [ -75.197272024085279, 40.027518240350503 ], [ -75.197215396586941, 40.027496556754734 ], [ -75.197164003949325, 40.027479843205839 ], [ -75.197095413035498, 40.027462602262929 ], [ -75.197014815459397, 40.027447681151031 ], [ -75.196943386620447, 40.02743936544725 ], [ -75.196792234107278, 40.027429383611299 ], [ -75.196670217590281, 40.027414989326957 ], [ -75.196638728911381, 40.027412965650598 ], [ -75.196610515621884, 40.027412946543407 ], [ -75.196573369641968, 40.027415158828099 ], [ -75.196539585908923, 40.027418998289235 ], [ -75.196515282647994, 40.027423616168491 ], [ -75.196488893278001, 40.027430786155278 ], [ -75.196403541986058, 40.027460757780375 ], [ -75.196371433467093, 40.027470566655751 ], [ -75.196290278201232, 40.027490687114081 ], [ -75.196210157658584, 40.027507695930616 ], [ -75.196131347176177, 40.027521533456849 ], [ -75.196054055530865, 40.027532164693994 ], [ -75.195955039983076, 40.027540783748925 ], [ -75.195808000026076, 40.027547430922667 ], [ -75.195706694900977, 40.027552078571254 ], [ -75.195595377654627, 40.027554876221124 ], [ -75.195507557063905, 40.027551477617791 ], [ -75.195445773788848, 40.02754332327229 ], [ -75.19529197955265, 40.027511231310136 ], [ -75.195254505630601, 40.027505027698162 ], [ -75.195220707058198, 40.027501193486678 ], [ -75.195147812697087, 40.027497502256111 ], [ -75.195066880693219, 40.027498043484158 ], [ -75.194977563334334, 40.027502526502701 ], [ -75.194844505890273, 40.027512744262502 ], [ -75.194704867883587, 40.027524570607035 ], [ -75.194657334061134, 40.027530675942081 ], [ -75.19461497535616, 40.027538009151328 ], [ -75.194531271945152, 40.027556062439764 ], [ -75.194501572111392, 40.027564612533922 ], [ -75.194475632454299, 40.027573994127479 ], [ -75.194425515206902, 40.02759766103501 ], [ -75.194330392407878, 40.027638193326169 ], [ -75.194232319909148, 40.027674419766981 ], [ -75.194131297758744, 40.027706339449651 ], [ -75.194027327108884, 40.027733953292739 ], [ -75.193830200907598, 40.027781963803619 ], [ -75.19361267851626, 40.027780288138004 ], [ -75.193480075062055, 40.027762127364845 ], [ -75.193320424861781, 40.027707127680713 ], [ -75.193303031260015, 40.027699431500686 ], [ -75.193135392137648, 40.027551054594511 ], [ -75.19313544316077, 40.02755072686341 ], [ -75.19314243185481, 40.02750620880677 ], [ -75.193160954100705, 40.027461947531492 ], [ -75.193169055256149, 40.027442592293582 ], [ -75.193169494463049, 40.027441542489576 ], [ -75.193209358373394, 40.02734627830592 ], [ -75.193231342963628, 40.027307702863503 ], [ -75.193232280399741, 40.027291342553923 ], [ -75.193253098005925, 40.027264082082553 ], [ -75.193280456485724, 40.027213023908168 ], [ -75.193284651124102, 40.02719799661957 ], [ -75.193407503904183, 40.027121712531667 ], [ -75.193539969755619, 40.027027959180771 ], [ -75.193612190325382, 40.026947368118982 ], [ -75.193681326314632, 40.026853450060663 ], [ -75.193704988122022, 40.026821302701137 ], [ -75.193783855877413, 40.026731189912667 ], [ -75.19397569981335, 40.026563812131428 ], [ -75.1942273324307, 40.026395346358186 ], [ -75.194417354118443, 40.026276278868075 ], [ -75.194529371756886, 40.026191666904545 ], [ -75.194888075346853, 40.025895146484437 ], [ -75.194994584833324, 40.025803646794657 ], [ -75.195098759956281, 40.02565577866411 ], [ -75.195165186740539, 40.025472741476861 ], [ -75.195176401107872, 40.025410977495092 ], [ -75.195224318968727, 40.025148712203418 ], [ -75.195231021646265, 40.025025314615839 ], [ -75.195240017590564, 40.02490989508663 ], [ -75.195258489684051, 40.024831041016469 ], [ -75.195294992105602, 40.024767487068331 ], [ -75.195348673387258, 40.024666719034023 ], [ -75.195363528159035, 40.024595505191705 ], [ -75.195370216140148, 40.024563444845434 ], [ -75.195370278845232, 40.024563148908776 ], [ -75.195380490766269, 40.024514184813242 ], [ -75.195403607497965, 40.024466209671694 ], [ -75.195463993875066, 40.024372554614679 ], [ -75.195778097149628, 40.024153155775757 ], [ -75.195778174159045, 40.024153102527293 ], [ -75.195778626712141, 40.024152786429276 ], [ -75.195889088056532, 40.024085193751937 ], [ -75.196023358569391, 40.024003028751579 ], [ -75.196133198798208, 40.023937976384573 ], [ -75.196218878158589, 40.023889670594386 ], [ -75.196219839624007, 40.023889128847912 ], [ -75.196248059399593, 40.023871368702196 ], [ -75.196252979558821, 40.023867966000871 ], [ -75.196273313746531, 40.023853898501841 ], [ -75.196273383492269, 40.023853851398584 ], [ -75.196586357570496, 40.02365642066939 ], [ -75.197002930287724, 40.023420663349157 ], [ -75.197287793605497, 40.023284210216325 ], [ -75.197404357524064, 40.023228373855268 ], [ -75.197637304025122, 40.023101935606462 ], [ -75.198103571893128, 40.022892601699191 ], [ -75.198164272700083, 40.022864261604823 ], [ -75.198314164886895, 40.022812607696679 ], [ -75.198326673076252, 40.02280886445245 ], [ -75.198711449137519, 40.022686941080138 ], [ -75.198865421435443, 40.022628482635817 ], [ -75.198992101207665, 40.022586557498428 ], [ -75.199008358686015, 40.02257987370141 ], [ -75.199451243860992, 40.022386552978773 ], [ -75.199469615187411, 40.022378533928745 ], [ -75.199524431744024, 40.022353190730421 ], [ -75.199579017975026, 40.022321843508188 ], [ -75.199794801455695, 40.022210342321465 ], [ -75.200177257286541, 40.021881225516509 ], [ -75.200481504797722, 40.021561787777387 ], [ -75.200584141749147, 40.021386044400721 ], [ -75.200665757220051, 40.021215023136492 ], [ -75.200707572553881, 40.021071726020025 ], [ -75.20082417692295, 40.020835922598749 ], [ -75.200918226056444, 40.020656946530572 ], [ -75.200933727069682, 40.020610316814199 ], [ -75.201010364176625, 40.020430450500434 ], [ -75.201066624240113, 40.020276760985098 ], [ -75.20122679996426, 40.020021836496838 ], [ -75.201574964983195, 40.01946356709157 ], [ -75.201591757668979, 40.019436638472172 ], [ -75.201894079034716, 40.018878835645729 ], [ -75.202236942673679, 40.01826814899011 ], [ -75.202260804285785, 40.018225649216774 ], [ -75.20237503673448, 40.017968121767247 ], [ -75.202607972526081, 40.017474785331274 ], [ -75.202643738949135, 40.017375655755437 ], [ -75.202740276017195, 40.017142519321588 ], [ -75.202788735991561, 40.017040563738384 ], [ -75.202850725259751, 40.016910141933437 ], [ -75.202909178949341, 40.016814602390575 ], [ -75.202966576725274, 40.016741453650582 ], [ -75.203079482480064, 40.016608972500954 ], [ -75.203122316674467, 40.016565238256987 ], [ -75.203236440330883, 40.016488828162899 ], [ -75.203262100191608, 40.016478792482488 ], [ -75.203571424813063, 40.01636971617085 ], [ -75.203853539454329, 40.016351314473525 ], [ -75.204033624164168, 40.016351788271329 ], [ -75.204059518954566, 40.016351856063608 ], [ -75.204371523705404, 40.016409558582858 ], [ -75.204912479931508, 40.016549632190731 ], [ -75.205161179111698, 40.016599057397507 ], [ -75.205240389925876, 40.01660206169619 ], [ -75.205299212177252, 40.016597092530667 ], [ -75.205354641789583, 40.016580843285979 ], [ -75.205632119280807, 40.016462065514141 ], [ -75.205691721077429, 40.016437513022865 ], [ -75.206011976727069, 40.016230693867826 ], [ -75.206136370230951, 40.016096360538356 ], [ -75.206351502934368, 40.015816264795134 ], [ -75.206406911392648, 40.015615761482557 ], [ -75.206420020237474, 40.015575893312089 ], [ -75.206435863841023, 40.015535124351878 ], [ -75.206468418711097, 40.015451350438248 ], [ -75.206557707927644, 40.015221577997721 ], [ -75.206561048251416, 40.015216430683033 ], [ -75.206681268327202, 40.015014102165942 ], [ -75.206707101287094, 40.014910527549851 ], [ -75.206725962197822, 40.014834908860053 ], [ -75.206726371857627, 40.014833263694371 ], [ -75.206726917699598, 40.014831080042853 ], [ -75.206872724997154, 40.014448304108768 ], [ -75.206919505337183, 40.014325497506469 ], [ -75.207005104476579, 40.014100777854736 ], [ -75.207006018241813, 40.014098375298303 ], [ -75.207179041150852, 40.013657519542186 ], [ -75.207278993614338, 40.013402839422838 ], [ -75.207361232178286, 40.013193290979672 ], [ -75.207361848791052, 40.01319137558945 ], [ -75.207478393506875, 40.012828968666369 ], [ -75.20752755465027, 40.01268373818656 ], [ -75.207602407833321, 40.012728668987243 ], [ -75.207631045369624, 40.012745854502427 ], [ -75.208653756764718, 40.013447734278401 ], [ -75.210009078588271, 40.014114517492331 ], [ -75.211664326450048, 40.015127520002281 ], [ -75.213085545006322, 40.016248546796334 ], [ -75.213851444013088, 40.016930549753134 ], [ -75.214646212951195, 40.01782545116896 ], [ -75.215425787253068, 40.018635110043057 ], [ -75.216257915998085, 40.019516669265563 ], [ -75.217346462571513, 40.020432185215277 ], [ -75.218564826743901, 40.021322246242384 ], [ -75.219391283415646, 40.021864041936304 ], [ -75.22056536574496, 40.022215377606216 ], [ -75.221259993192319, 40.022343876327803 ], [ -75.222224173065442, 40.022648117291261 ], [ -75.223048570430052, 40.023246450845058 ], [ -75.223947596864832, 40.023818100547864 ], [ -75.225193444661954, 40.024468132760902 ], [ -75.226311102434039, 40.025101178368352 ], [ -75.227954780205707, 40.02594388845673 ], [ -75.22968074352363, 40.026802514762849 ], [ -75.2307474986616, 40.027321199134185 ], [ -75.231704971511235, 40.027809175822682 ], [ -75.232908406058471, 40.028613847559626 ], [ -75.233924814247487, 40.029499309414085 ], [ -75.235020047656221, 40.030244986853731 ], [ -75.235700643075404, 40.030755156354537 ], [ -75.237140154196311, 40.031649857111852 ], [ -75.238322420224492, 40.03228419597221 ], [ -75.239811954740944, 40.033321459077349 ], [ -75.240491569888135, 40.033859886383823 ], [ -75.241271114069761, 40.034683503370331 ], [ -75.241888264165937, 40.035418658303051 ], [ -75.242424946101906, 40.035840751570753 ], [ -75.242981068797036, 40.036234958290251 ], [ -75.243524029633988, 40.036487371713818 ], [ -75.244375535907636, 40.036859715001235 ], [ -75.244952164693075, 40.037197759774202 ], [ -75.245597679956902, 40.037664656618837 ], [ -75.246172560932038, 40.038299810412141 ], [ -75.247002857881412, 40.039747122424444 ], [ -75.2479224103012, 40.040771850154748 ], [ -75.249042273691728, 40.041857541298249 ], [ -75.250987749590664, 40.043272487033427 ], [ -75.252885238713048, 40.044742962067744 ], [ -75.254320595213798, 40.045764693423855 ], [ -75.255895171159665, 40.04650642694078 ], [ -75.257658651712092, 40.04762013707925 ], [ -75.259624286816162, 40.049247629125098 ], [ -75.261099997606053, 40.050680517542943 ], [ -75.26267890330584, 40.052313728185645 ], [ -75.264432723421322, 40.054103345185169 ], [ -75.263870436032988, 40.054558953571629 ], [ -75.243459834845467, 40.073343679561653 ], [ -75.243290424277063, 40.073504197742302 ], [ -75.243068646040072, 40.073714346762387 ], [ -75.242116922057818, 40.074654623466479 ], [ -75.233165647021181, 40.083495660689763 ], [ -75.233072824371291, 40.083490365612164 ], [ -75.233060703721065, 40.083490816481891 ], [ -75.233042833973244, 40.083495669836587 ], [ -75.233025185259024, 40.083502911150156 ], [ -75.233001530985618, 40.083513121258498 ], [ -75.232969542227721, 40.08352776912897 ], [ -75.232969212863836, 40.083527857421373 ], [ -75.232926810773534, 40.083537218174897 ], [ -75.232745149776022, 40.083577320789651 ], [ -75.232700941531775, 40.083570842123997 ], [ -75.232642354283897, 40.08357104921906 ], [ -75.232535080419225, 40.083576499571876 ], [ -75.23244019951909, 40.083574606096221 ], [ -75.232269316720988, 40.083578624186984 ], [ -75.232260882103176, 40.083578333109976 ], [ -75.232249918144021, 40.08357966427269 ], [ -75.232103268806313, 40.083587825926045 ], [ -75.232061343537453, 40.083580232944158 ], [ -75.232000367241184, 40.083550767284947 ], [ -75.23196320790062, 40.083518088757899 ], [ -75.231938612659206, 40.08349645772401 ], [ -75.231906667147555, 40.083465234977091 ], [ -75.231873679600326, 40.083453136359729 ], [ -75.231790748252962, 40.083441663510591 ], [ -75.231770307845863, 40.083440499388871 ], [ -75.231758063008144, 40.083443820662168 ], [ -75.231748441448403, 40.083454109112246 ], [ -75.231737205098597, 40.083483497438557 ], [ -75.231720924689142, 40.083498678337882 ], [ -75.231715899910583, 40.083500882893297 ], [ -75.231654204186142, 40.083533312010772 ], [ -75.231571361692119, 40.083565528226977 ], [ -75.23152720542879, 40.083578088196795 ], [ -75.231523088178449, 40.08357907016196 ], [ -75.231509426982029, 40.083579247449414 ], [ -75.231499927894461, 40.083575939898537 ], [ -75.231489969189994, 40.083568331754371 ], [ -75.231484989342562, 40.083560356080355 ], [ -75.23147855545966, 40.083533038495304 ], [ -75.231470252724847, 40.083505918722445 ], [ -75.231466247701505, 40.083496772395875 ], [ -75.231451644749868, 40.083483649326332 ], [ -75.231430166481402, 40.083471235147044 ], [ -75.231404131677522, 40.083448291240551 ], [ -75.231391006004557, 40.083432438994535 ] ] ] } },
{ "type": "Feature", "properties": { "district": 39.0, "complaints": 0, "population": 60951.0, "cat_departmental_violations": 0, "cat_lack_of_service": 0, "cat_other": 0, "cat_physical_abuse": 0, "cat_unprofessional_conduct": 0, "cat_verbal_abuse": 0, "race_black": 0, "race_latino": 0, "race_other": 0, "race_unknown": 0, "race_white": 0, "per_50k": 0.0 }, "geometry": { "type": "Polygon", "coordinates": [ [ [ -75.18123826876004, 40.03310698334672 ], [ -75.180356376544665, 40.032616407289574 ], [ -75.180096931583648, 40.032464263055445 ], [ -75.17990586336694, 40.032352216042511 ], [ -75.179717232408336, 40.032241597280631 ], [ -75.17949854409332, 40.032113351182737 ], [ -75.179237016125185, 40.031959980677115 ], [ -75.179077517435843, 40.031866444607687 ], [ -75.178916444936661, 40.031746149132537 ], [ -75.178412246055942, 40.031458067891691 ], [ -75.176707810487855, 40.030469283982811 ], [ -75.175636490872378, 40.029871167986478 ], [ -75.174575196699934, 40.02925378112073 ], [ -75.173613152705684, 40.028700128038814 ], [ -75.172523689267919, 40.028056264619238 ], [ -75.171439797522282, 40.029120976361369 ], [ -75.171238093251446, 40.029309269364127 ], [ -75.170800906880444, 40.029733632418726 ], [ -75.170285889036677, 40.030248284071128 ], [ -75.169828547228178, 40.030691572616497 ], [ -75.169155654714061, 40.031344486556321 ], [ -75.168526652292726, 40.03195479686616 ], [ -75.167744629184114, 40.031525729533172 ], [ -75.166657904872508, 40.030899819205096 ], [ -75.166490894316709, 40.030803490511538 ], [ -75.16612302567529, 40.030609454560647 ], [ -75.165493026224695, 40.030251434080981 ], [ -75.164951793371046, 40.029955016421198 ], [ -75.164136635983297, 40.029503248760726 ], [ -75.163751410985014, 40.029264856318747 ], [ -75.163272123671263, 40.028969976724476 ], [ -75.162271155739276, 40.02834335148647 ], [ -75.162128709790707, 40.028254176803038 ], [ -75.161428169776684, 40.027773820058918 ], [ -75.160984834983665, 40.027262635833985 ], [ -75.160577215564317, 40.026732876015792 ], [ -75.160247097221173, 40.026309573842575 ], [ -75.160056180128862, 40.026032339049614 ], [ -75.159933680973211, 40.025564486553357 ], [ -75.15990000945537, 40.024942996860048 ], [ -75.159860080749283, 40.024633766985389 ], [ -75.159554068517124, 40.02393460701456 ], [ -75.159522724520272, 40.023866578774843 ], [ -75.159481293268314, 40.0237766607545 ], [ -75.15914064030369, 40.023037328318544 ], [ -75.159037829235757, 40.022809979082787 ], [ -75.15811107250785, 40.022711279596393 ], [ -75.157367869932088, 40.022623728584989 ], [ -75.157306752302716, 40.022616528132204 ], [ -75.156512984121406, 40.022510026681239 ], [ -75.155963278018802, 40.022441814907161 ], [ -75.155714050075304, 40.02241002185179 ], [ -75.155486783325529, 40.022372499313057 ], [ -75.15493161835964, 40.022299371211801 ], [ -75.154389197472682, 40.022237356884993 ], [ -75.153908939079855, 40.022173369223168 ], [ -75.153849517279383, 40.022165451100264 ], [ -75.153360416481917, 40.022097323764584 ], [ -75.152845690813564, 40.022036702306309 ], [ -75.152586306722469, 40.022002654416461 ], [ -75.152353589381377, 40.021970807577809 ], [ -75.151792286635867, 40.021903541404754 ], [ -75.151239228948114, 40.021833932602291 ], [ -75.150775679551941, 40.021772790350639 ], [ -75.15021168017104, 40.021701683678764 ], [ -75.149798520595269, 40.021647620473487 ], [ -75.149450112360171, 40.021602028506834 ], [ -75.148569336705776, 40.021485204564549 ], [ -75.148694010308503, 40.020962392452525 ], [ -75.148740535668921, 40.020720260482733 ], [ -75.148834626668204, 40.020287204250323 ], [ -75.148861836676076, 40.020161959084597 ], [ -75.148938737920318, 40.019834654334304 ], [ -75.14895606634515, 40.019753043315063 ], [ -75.148956406764967, 40.019751438202228 ], [ -75.148995781779803, 40.019581879843976 ], [ -75.149039278238092, 40.019385405886645 ], [ -75.149044124642316, 40.019363522691116 ], [ -75.149232665030894, 40.018511865749268 ], [ -75.14934927692039, 40.017966917177716 ], [ -75.149588637481415, 40.016941699630848 ], [ -75.149728962120335, 40.016224086737921 ], [ -75.149772184912649, 40.016030882479008 ], [ -75.14984156612347, 40.015681231099656 ], [ -75.14993399427992, 40.015334788416759 ], [ -75.150041397422569, 40.014827779026568 ], [ -75.150098271083834, 40.014577303273867 ], [ -75.150205385058783, 40.013996085621869 ], [ -75.150247430851365, 40.013771153133987 ], [ -75.150396908182898, 40.013175222225861 ], [ -75.150575571768655, 40.012379618538972 ], [ -75.150885615913168, 40.010846462311576 ], [ -75.15109332732375, 40.009943683481879 ], [ -75.151248688382779, 40.009288308664871 ], [ -75.151371422652872, 40.008736639488241 ], [ -75.151455657487617, 40.008312743572603 ], [ -75.151605278113536, 40.007674637135558 ], [ -75.151923332624548, 40.006176599829324 ], [ -75.152237940685538, 40.004699034316793 ], [ -75.152552519545821, 40.003190911268952 ], [ -75.152779519597019, 40.002231088809488 ], [ -75.152786281533281, 40.002202496601164 ], [ -75.152928293135631, 40.001602015352979 ], [ -75.153273554555852, 40.000014036631491 ], [ -75.153377412387371, 39.99954379187826 ], [ -75.153432206765572, 39.999330977279598 ], [ -75.153518536083482, 39.998951755968783 ], [ -75.15356795005107, 39.998732991836441 ], [ -75.153611215629866, 39.998524671083693 ], [ -75.153987224681572, 39.99679116627383 ], [ -75.154144322235425, 39.996000806614276 ], [ -75.154255730659159, 39.995534829856524 ], [ -75.154320993631146, 39.99523120107829 ], [ -75.154346011149386, 39.995111634942496 ], [ -75.154371590740425, 39.994989375755075 ], [ -75.154394400579676, 39.99488036377322 ], [ -75.15459045531739, 39.993947636207807 ], [ -75.154823668186353, 39.993976319415367 ], [ -75.15505492640203, 39.99400508590044 ], [ -75.15544205804828, 39.99405552542941 ], [ -75.155491335017473, 39.994061945350666 ], [ -75.156230906770844, 39.994158296985383 ], [ -75.156789220989836, 39.994235024485945 ], [ -75.157250322261447, 39.994286754117908 ], [ -75.157793797115559, 39.99435203825999 ], [ -75.158361276697974, 39.994391895379039 ], [ -75.158809878545895, 39.99444023698554 ], [ -75.159369557893569, 39.99453445875659 ], [ -75.159920727497507, 39.994600837153968 ], [ -75.160948669150173, 39.994746204320933 ], [ -75.161352424924644, 39.994821345945653 ], [ -75.161860612811395, 39.994887039341613 ], [ -75.162545421497526, 39.994977342438396 ], [ -75.163196190246666, 39.995071267653145 ], [ -75.163542733677886, 39.995122309244678 ], [ -75.164097524275476, 39.995178103486282 ], [ -75.165966641775256, 39.995421630686579 ], [ -75.167570201403024, 39.995630653132274 ], [ -75.168141958943664, 39.995704207053102 ], [ -75.168608933014767, 39.995771414761506 ], [ -75.169178921929642, 39.995836385686957 ], [ -75.169734428813825, 39.99591353249231 ], [ -75.170203940088143, 39.995976964974759 ], [ -75.17077040710916, 39.996045293347841 ], [ -75.171328351152809, 39.996123222350171 ], [ -75.171791121413193, 39.996179543726022 ], [ -75.172357561605381, 39.996249861137485 ], [ -75.173951177372544, 39.996441615038123 ], [ -75.174420701447417, 39.996507518088244 ], [ -75.175541235498372, 39.996648379499717 ], [ -75.176000763818308, 39.99671140196579 ], [ -75.176718215497615, 39.996809794913119 ], [ -75.176951456577825, 39.996841780631989 ], [ -75.177504365783221, 39.996920217889915 ], [ -75.177990752255383, 39.996972217470308 ], [ -75.178578726166734, 39.997049088026991 ], [ -75.17920673418277, 39.997128054980699 ], [ -75.180191766715069, 39.997262607544066 ], [ -75.181793875897469, 39.997453514561833 ], [ -75.182343661451398, 39.997528501231535 ], [ -75.184398317366913, 39.997802793954264 ], [ -75.185031880719819, 39.99788714722893 ], [ -75.186548216475828, 39.998075346279073 ], [ -75.187607617986458, 39.998204846764551 ], [ -75.187591781060263, 39.998569527706117 ], [ -75.187558704418564, 39.998652781350927 ], [ -75.187034394420436, 39.999983044514515 ], [ -75.186955254362772, 40.000194140797504 ], [ -75.186863265295585, 40.000418490501268 ], [ -75.186951999746654, 40.000373499430488 ], [ -75.187198262300811, 40.000295427121053 ], [ -75.187343337231042, 40.000269596562532 ], [ -75.187513827145011, 40.000258868202735 ], [ -75.187745205692622, 40.000262215468751 ], [ -75.188115429906617, 40.0002795622324 ], [ -75.188290577292491, 40.00028235447077 ], [ -75.188450324561487, 40.000281079842637 ], [ -75.188562857308639, 40.000264301147908 ], [ -75.188817505461259, 40.000213600431216 ], [ -75.189579615234791, 39.99990488414079 ], [ -75.190423111433347, 39.999677449180965 ], [ -75.191720193924482, 39.999363554777098 ], [ -75.191708205120733, 39.999402807564124 ], [ -75.191629898266839, 39.999659171168275 ], [ -75.191476029389264, 40.000652115944007 ], [ -75.191333218213103, 40.001901541700128 ], [ -75.191344768489628, 40.002602646478998 ], [ -75.191386815991237, 40.003836037609275 ], [ -75.191544893155054, 40.004659205570974 ], [ -75.191631322023085, 40.005062131910066 ], [ -75.19168312061899, 40.005199268846049 ], [ -75.191709628448649, 40.005254752478358 ], [ -75.192051810441029, 40.00584908645768 ], [ -75.192112386649498, 40.005927371267063 ], [ -75.192182892035959, 40.006018487745592 ], [ -75.192405018835885, 40.006305548725194 ], [ -75.192500889323568, 40.006436563490901 ], [ -75.192552822380208, 40.006507530344685 ], [ -75.192593704849898, 40.006563400626092 ], [ -75.192720802646434, 40.006678753023046 ], [ -75.192738900400443, 40.006689073517322 ], [ -75.192884459788772, 40.00677206373539 ], [ -75.193111722910345, 40.006901636309102 ], [ -75.193260891771274, 40.006986684124186 ], [ -75.193298640854294, 40.007008206475007 ], [ -75.193451185434924, 40.007068930861664 ], [ -75.195350474206762, 40.007781556668135 ], [ -75.196307311698135, 40.007992346518783 ], [ -75.1973313864152, 40.008337689943609 ], [ -75.197518054254886, 40.008400637901659 ], [ -75.19903257986202, 40.008911346651587 ], [ -75.201731114742927, 40.00978927979093 ], [ -75.203080431265477, 40.010241791286127 ], [ -75.204561283162974, 40.010861249206386 ], [ -75.205344238274876, 40.011255210138117 ], [ -75.205445648201376, 40.011314241519436 ], [ -75.205517664559281, 40.011366288260717 ], [ -75.205670296096386, 40.011476596253075 ], [ -75.205942496685736, 40.011673315144677 ], [ -75.206091792598812, 40.011781211435562 ], [ -75.206153093936081, 40.011825513199192 ], [ -75.206140666208896, 40.011834680356202 ], [ -75.206144711456574, 40.011837359462497 ], [ -75.206407150993726, 40.012011207927422 ], [ -75.20752755465027, 40.01268373818656 ], [ -75.207478393506875, 40.012828968666369 ], [ -75.207361848791052, 40.01319137558945 ], [ -75.207361232178286, 40.013193290979672 ], [ -75.207278993614338, 40.013402839422838 ], [ -75.207179041150852, 40.013657519542186 ], [ -75.207006018241813, 40.014098375298303 ], [ -75.207005104476579, 40.014100777854736 ], [ -75.206919505337183, 40.014325497506469 ], [ -75.206872724997154, 40.014448304108768 ], [ -75.206726917699598, 40.014831080042853 ], [ -75.206726371857627, 40.014833263694371 ], [ -75.206725962197822, 40.014834908860053 ], [ -75.206707101287094, 40.014910527549851 ], [ -75.206681268327202, 40.015014102165942 ], [ -75.206561048251416, 40.015216430683033 ], [ -75.206557707927644, 40.015221577997721 ], [ -75.206468418711097, 40.015451350438248 ], [ -75.206435863841023, 40.015535124351878 ], [ -75.206420020237474, 40.015575893312089 ], [ -75.206406911392648, 40.015615761482557 ], [ -75.206351502934368, 40.015816264795134 ], [ -75.206136370230951, 40.016096360538356 ], [ -75.206011976727069, 40.016230693867826 ], [ -75.205691721077429, 40.016437513022865 ], [ -75.205632119280807, 40.016462065514141 ], [ -75.205354641789583, 40.016580843285979 ], [ -75.205299212177252, 40.016597092530667 ], [ -75.205240389925876, 40.01660206169619 ], [ -75.205161179111698, 40.016599057397507 ], [ -75.204912479931508, 40.016549632190731 ], [ -75.204371523705404, 40.016409558582858 ], [ -75.204059518954566, 40.016351856063608 ], [ -75.204033624164168, 40.016351788271329 ], [ -75.203853539454329, 40.016351314473525 ], [ -75.203571424813063, 40.01636971617085 ], [ -75.203262100191608, 40.016478792482488 ], [ -75.203236440330883, 40.016488828162899 ], [ -75.203122316674467, 40.016565238256987 ], [ -75.203079482480064, 40.016608972500954 ], [ -75.202966576725274, 40.016741453650582 ], [ -75.202909178949341, 40.016814602390575 ], [ -75.202850725259751, 40.016910141933437 ], [ -75.202788735991561, 40.017040563738384 ], [ -75.202740276017195, 40.017142519321588 ], [ -75.202643738949135, 40.017375655755437 ], [ -75.202607972526081, 40.017474785331274 ], [ -75.20237503673448, 40.017968121767247 ], [ -75.202260804285785, 40.018225649216774 ], [ -75.202236942673679, 40.01826814899011 ], [ -75.201894079034716, 40.018878835645729 ], [ -75.201591757668979, 40.019436638472172 ], [ -75.201574964983195, 40.01946356709157 ], [ -75.20122679996426, 40.020021836496838 ], [ -75.201066624240113, 40.020276760985098 ], [ -75.201010364176625, 40.020430450500434 ], [ -75.200933727069682, 40.020610316814199 ], [ -75.200918226056444, 40.020656946530572 ], [ -75.20082417692295, 40.020835922598749 ], [ -75.200707572553881, 40.021071726020025 ], [ -75.200665757220051, 40.021215023136492 ], [ -75.200584141749147, 40.021386044400721 ], [ -75.200481504797722, 40.021561787777387 ], [ -75.200177257286541, 40.021881225516509 ], [ -75.199794801455695, 40.022210342321465 ], [ -75.199579017975026, 40.022321843508188 ], [ -75.199524431744024, 40.022353190730421 ], [ -75.199469615187411, 40.022378533928745 ], [ -75.199451243860992, 40.022386552978773 ], [ -75.199008358686015, 40.02257987370141 ], [ -75.198992101207665, 40.022586557498428 ], [ -75.198865421435443, 40.022628482635817 ], [ -75.198711449137519, 40.022686941080138 ], [ -75.198326673076252, 40.02280886445245 ], [ -75.198314164886895, 40.022812607696679 ], [ -75.198164272700083, 40.022864261604823 ], [ -75.198103571893128, 40.022892601699191 ], [ -75.197637304025122, 40.023101935606462 ], [ -75.197404357524064, 40.023228373855268 ], [ -75.197287793605497, 40.023284210216325 ], [ -75.197002930287724, 40.023420663349157 ], [ -75.196586357570496, 40.02365642066939 ], [ -75.196273383492269, 40.023853851398584 ], [ -75.196273313746531, 40.023853898501841 ], [ -75.196252979558821, 40.023867966000871 ], [ -75.196248059399593, 40.023871368702196 ], [ -75.196219839624007, 40.023889128847912 ], [ -75.196218878158589, 40.023889670594386 ], [ -75.196133198798208, 40.023937976384573 ], [ -75.196023358569391, 40.024003028751579 ], [ -75.195889088056532, 40.024085193751937 ], [ -75.195778626712141, 40.024152786429276 ], [ -75.195778174159045, 40.024153102527293 ], [ -75.195778097149628, 40.024153155775757 ], [ -75.195463993875066, 40.024372554614679 ], [ -75.195403607497965, 40.024466209671694 ], [ -75.195380490766269, 40.024514184813242 ], [ -75.195370278845232, 40.024563148908776 ], [ -75.195370216140148, 40.024563444845434 ], [ -75.195363528159035, 40.024595505191705 ], [ -75.195348673387258, 40.024666719034023 ], [ -75.195294992105602, 40.024767487068331 ], [ -75.195258489684051, 40.024831041016469 ], [ -75.195240017590564, 40.02490989508663 ], [ -75.195231021646265, 40.025025314615839 ], [ -75.195224318968727, 40.025148712203418 ], [ -75.195176401107872, 40.025410977495092 ], [ -75.195165186740539, 40.025472741476861 ], [ -75.195098759956281, 40.02565577866411 ], [ -75.194994584833324, 40.025803646794657 ], [ -75.194888075346853, 40.025895146484437 ], [ -75.194529371756886, 40.026191666904545 ], [ -75.194417354118443, 40.026276278868075 ], [ -75.1942273324307, 40.026395346358186 ], [ -75.19397569981335, 40.026563812131428 ], [ -75.193783855877413, 40.026731189912667 ], [ -75.193704988122022, 40.026821302701137 ], [ -75.193681326314632, 40.026853450060663 ], [ -75.193612190325382, 40.026947368118982 ], [ -75.193539969755619, 40.027027959180771 ], [ -75.193407503904183, 40.027121712531667 ], [ -75.193284651124102, 40.02719799661957 ], [ -75.193280456485724, 40.027213023908168 ], [ -75.193253098005925, 40.027264082082553 ], [ -75.193232280399741, 40.027291342553923 ], [ -75.193231342963628, 40.027307702863503 ], [ -75.193209358373394, 40.02734627830592 ], [ -75.193169494463049, 40.027441542489576 ], [ -75.193169055256149, 40.027442592293582 ], [ -75.193160954100705, 40.027461947531492 ], [ -75.19314243185481, 40.02750620880677 ], [ -75.19313544316077, 40.02755072686341 ], [ -75.193135392137648, 40.027551054594511 ], [ -75.193303031260015, 40.027699431500686 ], [ -75.193320424861781, 40.027707127680713 ], [ -75.193480075062055, 40.027762127364845 ], [ -75.19361267851626, 40.027780288138004 ], [ -75.193830200907598, 40.027781963803619 ], [ -75.194027327108884, 40.027733953292739 ], [ -75.194131297758744, 40.027706339449651 ], [ -75.194232319909148, 40.027674419766981 ], [ -75.194330392407878, 40.027638193326169 ], [ -75.194425515206902, 40.02759766103501 ], [ -75.194475632454299, 40.027573994127479 ], [ -75.194501572111392, 40.027564612533922 ], [ -75.194531271945152, 40.027556062439764 ], [ -75.19461497535616, 40.027538009151328 ], [ -75.194657334061134, 40.027530675942081 ], [ -75.194704867883587, 40.027524570607035 ], [ -75.194844505890273, 40.027512744262502 ], [ -75.194977563334334, 40.027502526502701 ], [ -75.195066880693219, 40.027498043484158 ], [ -75.195147812697087, 40.027497502256111 ], [ -75.195220707058198, 40.027501193486678 ], [ -75.195254505630601, 40.027505027698162 ], [ -75.19529197955265, 40.027511231310136 ], [ -75.195445773788848, 40.02754332327229 ], [ -75.195507557063905, 40.027551477617791 ], [ -75.195595377654627, 40.027554876221124 ], [ -75.195706694900977, 40.027552078571254 ], [ -75.195808000026076, 40.027547430922667 ], [ -75.195955039983076, 40.027540783748925 ], [ -75.196054055530865, 40.027532164693994 ], [ -75.196131347176177, 40.027521533456849 ], [ -75.196210157658584, 40.027507695930616 ], [ -75.196290278201232, 40.027490687114081 ], [ -75.196371433467093, 40.027470566655751 ], [ -75.196403541986058, 40.027460757780375 ], [ -75.196488893278001, 40.027430786155278 ], [ -75.196515282647994, 40.027423616168491 ], [ -75.196539585908923, 40.027418998289235 ], [ -75.196573369641968, 40.027415158828099 ], [ -75.196610515621884, 40.027412946543407 ], [ -75.196638728911381, 40.027412965650598 ], [ -75.196670217590281, 40.027414989326957 ], [ -75.196792234107278, 40.027429383611299 ], [ -75.196943386620447, 40.02743936544725 ], [ -75.197014815459397, 40.027447681151031 ], [ -75.197095413035498, 40.027462602262929 ], [ -75.197164003949325, 40.027479843205839 ], [ -75.197215396586941, 40.027496556754734 ], [ -75.197272024085279, 40.027518240350503 ], [ -75.197330914282077, 40.027544019720587 ], [ -75.197387850019865, 40.027572623514203 ], [ -75.197482506862585, 40.027635675838219 ], [ -75.197650245186722, 40.027777677388677 ], [ -75.197685508692089, 40.027960229670427 ], [ -75.197715269656285, 40.028035724878045 ], [ -75.197742811121643, 40.028095723035676 ], [ -75.197745520448805, 40.028101624456447 ], [ -75.197747924320836, 40.02810685955383 ], [ -75.1977489945195, 40.028109193511973 ], [ -75.197749392202326, 40.028110056501852 ], [ -75.197749771263801, 40.028110884839634 ], [ -75.197750285907361, 40.0281120036109 ], [ -75.197751650799518, 40.028114978425151 ], [ -75.197752581341319, 40.028117005641214 ], [ -75.197754355714864, 40.028120872539532 ], [ -75.19775896089395, 40.028130901245071 ], [ -75.197763665584802, 40.028141151105828 ], [ -75.197770404648338, 40.028155834066965 ], [ -75.197795863607496, 40.028194915971909 ], [ -75.197865587603388, 40.028301954094218 ], [ -75.197889035455702, 40.028337950395247 ], [ -75.197961075694053, 40.028523318251473 ], [ -75.197962106021095, 40.028525964870759 ], [ -75.197964750916938, 40.028532770362645 ], [ -75.197969459406224, 40.028544884475153 ], [ -75.197973741299066, 40.028555907002037 ], [ -75.198007149490252, 40.028607389418411 ], [ -75.198024143853189, 40.028633578113883 ], [ -75.198084844022873, 40.028727116745429 ], [ -75.198160720113762, 40.028911487580864 ], [ -75.198184401508996, 40.028977317637413 ], [ -75.198252420844483, 40.029166392760459 ], [ -75.198256056378995, 40.029176808953629 ], [ -75.198256163304748, 40.029177144700824 ], [ -75.198256225289924, 40.029177335288878 ], [ -75.198256388954704, 40.029177845289482 ], [ -75.198256666930305, 40.029178712825569 ], [ -75.198262315100038, 40.029196324103836 ], [ -75.198264489721552, 40.029203107425396 ], [ -75.198291714043719, 40.029287994919493 ], [ -75.198309412819327, 40.029343182709127 ], [ -75.198314022486045, 40.029357554326488 ], [ -75.198317005989907, 40.029366858607474 ], [ -75.19831863729928, 40.029371944979005 ], [ -75.198320583309069, 40.029378013228808 ], [ -75.198321460347231, 40.029380747439724 ], [ -75.198334920365497, 40.029503009081658 ], [ -75.198331379251741, 40.029633857076256 ], [ -75.198225713816285, 40.029978285011737 ], [ -75.198198745695876, 40.030132001640631 ], [ -75.198146513912761, 40.030398582497845 ], [ -75.198131926404258, 40.030512857053147 ], [ -75.198127801175815, 40.030545169996678 ], [ -75.198118850985651, 40.030587383181313 ], [ -75.198111852553097, 40.030620393631182 ], [ -75.198076507513122, 40.030747166993855 ], [ -75.198058003892214, 40.030816991798666 ], [ -75.198066259949911, 40.030914371942508 ], [ -75.198158638546658, 40.031135413538181 ], [ -75.198203142453607, 40.03121297327462 ], [ -75.198420531762409, 40.031485618426899 ], [ -75.198604120634343, 40.031653105749207 ], [ -75.198730433929001, 40.031752147933595 ], [ -75.198943328307976, 40.031863557577203 ], [ -75.199190628544557, 40.03203744519773 ], [ -75.199241566158889, 40.032073261530748 ], [ -75.19933944730991, 40.032127328659023 ], [ -75.199553713344372, 40.032262740580428 ], [ -75.199575913157915, 40.032276770234553 ], [ -75.199664710920558, 40.032331527356781 ], [ -75.199397162825349, 40.032598098072071 ], [ -75.199253526994326, 40.03274120767751 ], [ -75.199040031742399, 40.032968878910481 ], [ -75.198680330431941, 40.033111414355027 ], [ -75.19792085880384, 40.033252328409681 ], [ -75.19757505105494, 40.033266907685793 ], [ -75.197268239320223, 40.03329215017952 ], [ -75.197177881500394, 40.033339614167986 ], [ -75.197124769532792, 40.033385066907194 ], [ -75.197024658031197, 40.033315474475437 ], [ -75.196941404916728, 40.033275118562536 ], [ -75.196736063801382, 40.033202428026677 ], [ -75.196484746760021, 40.033122791737583 ], [ -75.196094745196504, 40.032991615103562 ], [ -75.195243498868535, 40.032694565636668 ], [ -75.194132526381509, 40.032289192135039 ], [ -75.194074223972535, 40.032273122694022 ], [ -75.193346380733203, 40.032072522115492 ], [ -75.192652672166986, 40.03202224650763 ], [ -75.191861813823365, 40.032091658455776 ], [ -75.19088420766785, 40.032287102070072 ], [ -75.189794843606023, 40.032547938012577 ], [ -75.189301037784077, 40.032648910861504 ], [ -75.187992908202887, 40.032916383327937 ], [ -75.187866027014152, 40.032942325661907 ], [ -75.187782783097632, 40.032959466341737 ], [ -75.187736263482563, 40.032969044194296 ], [ -75.186457889601087, 40.033235609038023 ], [ -75.186255954444917, 40.033280118197425 ], [ -75.185967006186416, 40.033389223001215 ], [ -75.185761104085216, 40.033553993910303 ], [ -75.185730406192093, 40.03357855836741 ], [ -75.184363120132076, 40.034917319194854 ], [ -75.182927813885328, 40.034076036620597 ], [ -75.182087211177375, 40.033602660483432 ], [ -75.18123826876004, 40.03310698334672 ] ] ] } },
{ "type": "Feature", "properties": { "district": 35.0, "complaints": 0, "population": 99899.0, "cat_departmental_violations": 0, "cat_lack_of_service": 0, "cat_other": 0, "cat_physical_abuse": 0, "cat_unprofessional_conduct": 0, "cat_verbal_abuse": 0, "race_black": 0, "race_latino": 0, "race_other": 0, "race_unknown": 0, "race_white": 0, "per_50k": 0.0 }, "geometry": { "type": "Polygon", "coordinates": [ [ [ -75.159554070962159, 40.023934604366659 ], [ -75.159544337139167, 40.02394717921397 ], [ -75.159536323048243, 40.023957531305136 ], [ -75.159509621676477, 40.023992023531541 ], [ -75.15948197696423, 40.02405362675534 ], [ -75.159467267509228, 40.024115930835407 ], [ -75.159414315750837, 40.024749111675916 ], [ -75.159378251637264, 40.02551189802108 ], [ -75.159298572377253, 40.026600928563788 ], [ -75.15922239241192, 40.027666015121476 ], [ -75.15917639000854, 40.028319596654882 ], [ -75.159102619063745, 40.029367684863139 ], [ -75.159035159344356, 40.0303260454194 ], [ -75.158125870008703, 40.030834523422108 ], [ -75.157822778684888, 40.031133567832988 ], [ -75.157758582916671, 40.031201568284729 ], [ -75.157677858522788, 40.031326018190285 ], [ -75.157637375211038, 40.031418229802433 ], [ -75.157618980361988, 40.03152356772604 ], [ -75.157625392334381, 40.031785726068577 ], [ -75.157628125828992, 40.0320458398649 ], [ -75.157643095669926, 40.032936458881196 ], [ -75.157642754032636, 40.033037090129945 ], [ -75.157642149081695, 40.033215436156127 ], [ -75.157659066077784, 40.033865517943411 ], [ -75.159649102210906, 40.035103484389175 ], [ -75.15944365116377, 40.035302699889158 ], [ -75.15900364974452, 40.035729342854346 ], [ -75.158366449499937, 40.036355530111329 ], [ -75.158375910134751, 40.036694147857489 ], [ -75.158417256755158, 40.037511360188986 ], [ -75.158454184992891, 40.038548380868086 ], [ -75.1584469477813, 40.038880802153109 ], [ -75.15843266638521, 40.03953671730109 ], [ -75.158406342082529, 40.040745560653392 ], [ -75.158360932388732, 40.041496229685201 ], [ -75.158677494073657, 40.041700488504766 ], [ -75.158343850372844, 40.042030900443386 ], [ -75.158320256570534, 40.04241764516518 ], [ -75.158309732896996, 40.042870368780754 ], [ -75.158288284691622, 40.04335086026866 ], [ -75.158264514412835, 40.043791343839786 ], [ -75.158220677497084, 40.045085426155161 ], [ -75.158167732643321, 40.045920624071897 ], [ -75.158133874408321, 40.046427780356424 ], [ -75.158095130652043, 40.047116464724631 ], [ -75.158069068956834, 40.047470840583323 ], [ -75.158060600891957, 40.047602009401736 ], [ -75.158020762024051, 40.048135277274113 ], [ -75.157986047402716, 40.048674245242957 ], [ -75.157961570218802, 40.049035050429147 ], [ -75.157951844495983, 40.049226227292067 ], [ -75.157920377153616, 40.04967814215842 ], [ -75.157874066244588, 40.050407113962642 ], [ -75.157859926617661, 40.050611957828075 ], [ -75.157777039146879, 40.051964352658054 ], [ -75.15774904165626, 40.052382097283427 ], [ -75.157491941633822, 40.052581987584269 ], [ -75.156893864366268, 40.053046974668618 ], [ -75.156761063484637, 40.053184803973849 ], [ -75.156606096517166, 40.053262999140991 ], [ -75.155557615512095, 40.054083182215393 ], [ -75.155188255837103, 40.05436810578415 ], [ -75.154483724504246, 40.054913127672314 ], [ -75.153439923549698, 40.055716440214916 ], [ -75.152916375566832, 40.056124775664451 ], [ -75.152596987382722, 40.056377006721014 ], [ -75.150924919371505, 40.057369970669896 ], [ -75.150826866811045, 40.057386927938985 ], [ -75.150495655595151, 40.057581605637836 ], [ -75.14954121374609, 40.058163227994413 ], [ -75.149383364568507, 40.058259681606955 ], [ -75.149221608363902, 40.058441947746537 ], [ -75.148570506887467, 40.058409496977852 ], [ -75.147603197174561, 40.058361668820481 ], [ -75.147059575106866, 40.058335139810396 ], [ -75.146245083677087, 40.058299499370058 ], [ -75.145448514286954, 40.058263161076546 ], [ -75.144143122001708, 40.058199723678356 ], [ -75.143169112445634, 40.058152682809151 ], [ -75.142967167197412, 40.058126820407303 ], [ -75.14276905977755, 40.058087170844921 ], [ -75.142521905042173, 40.058025102328564 ], [ -75.142294081017383, 40.057950361285236 ], [ -75.142185378595869, 40.058433920065283 ], [ -75.141844972487917, 40.059957281835516 ], [ -75.14151465782318, 40.061476682177336 ], [ -75.141172167238125, 40.063021346521772 ], [ -75.140999821696454, 40.063794875193999 ], [ -75.140868073423476, 40.064219819191649 ], [ -75.139466932778689, 40.063421824288845 ], [ -75.139417204052819, 40.06339457299562 ], [ -75.13683918432028, 40.061981438158305 ], [ -75.133071430401273, 40.05965623706097 ], [ -75.125355597886511, 40.055020121708878 ], [ -75.122124072517167, 40.053168956495583 ], [ -75.120808328115302, 40.052422399881422 ], [ -75.11999197703372, 40.05195896666438 ], [ -75.118566849040505, 40.051149933748881 ], [ -75.117062003078246, 40.050295590654635 ], [ -75.117049498543793, 40.050288501304948 ], [ -75.114509110046001, 40.04881555150105 ], [ -75.11236605399715, 40.047572887345147 ], [ -75.112058170736404, 40.047394351832288 ], [ -75.111080872430733, 40.046831711221245 ], [ -75.111072383478856, 40.046826820044814 ], [ -75.111072422432329, 40.046826783096407 ], [ -75.111180337781505, 40.046736693988187 ], [ -75.11119657269866, 40.046692447960687 ], [ -75.111203306502276, 40.046674099109282 ], [ -75.111212898114957, 40.046647954425005 ], [ -75.111216430901422, 40.046631726047565 ], [ -75.111274116383669, 40.046366663655 ], [ -75.11128642236342, 40.046253295912813 ], [ -75.111286988600384, 40.046248081148086 ], [ -75.111281142181795, 40.046102830686515 ], [ -75.111278750001716, 40.046043396106924 ], [ -75.11127618494902, 40.045958622415597 ], [ -75.111273759093137, 40.04587855979895 ], [ -75.11127295849542, 40.045852088090662 ], [ -75.111269187054447, 40.045605732139343 ], [ -75.111232565547368, 40.045296053196246 ], [ -75.111229417366047, 40.045269444663781 ], [ -75.111219491563375, 40.04518550472249 ], [ -75.111170135727747, 40.044964529679284 ], [ -75.111166945578674, 40.044950245359829 ], [ -75.111150790061004, 40.044877909917687 ], [ -75.111137468105625, 40.044818266591776 ], [ -75.111092626971299, 40.04467501709118 ], [ -75.111106744449629, 40.044498792817429 ], [ -75.111134535583048, 40.044426007277444 ], [ -75.111198633698834, 40.044338191365632 ], [ -75.111264935516488, 40.044281640403199 ], [ -75.111338027637203, 40.044219295888894 ], [ -75.111790424051179, 40.043917772338986 ], [ -75.111952882998494, 40.043786994218515 ], [ -75.112128668179338, 40.043607127496038 ], [ -75.112221883768598, 40.04346683702402 ], [ -75.112349566084589, 40.043257827146462 ], [ -75.11235863601263, 40.043242545824647 ], [ -75.112423364997895, 40.043053893395921 ], [ -75.112466518599973, 40.042955561148467 ], [ -75.112613096993883, 40.04251542224862 ], [ -75.112628492617219, 40.042489009771828 ], [ -75.112656566861517, 40.04244084832704 ], [ -75.112714701446166, 40.04221650687019 ], [ -75.112721658644872, 40.042197033184081 ], [ -75.112750025591211, 40.042162691214479 ], [ -75.11275005758354, 40.042162652303738 ], [ -75.112809269808579, 40.042100660422477 ], [ -75.112925964182281, 40.041989783769388 ], [ -75.112967387122566, 40.041964303966367 ], [ -75.112996085993075, 40.041944642816638 ], [ -75.113037170031603, 40.041914126567129 ], [ -75.113216724117848, 40.041768150564941 ], [ -75.113272492489372, 40.041707849026587 ], [ -75.113285243555609, 40.041694062250727 ], [ -75.113285560255846, 40.041693695593551 ], [ -75.113339680403698, 40.04163109731099 ], [ -75.113425601523005, 40.041531715528599 ], [ -75.113570587376472, 40.041317764830858 ], [ -75.113614492803862, 40.041253989499673 ], [ -75.113753305518784, 40.040965594475885 ], [ -75.11377664641094, 40.040922305938452 ], [ -75.11381488695865, 40.040851377907586 ], [ -75.113823002389694, 40.040836327766094 ], [ -75.113888826229314, 40.040722620298432 ], [ -75.113919440899451, 40.040669736923839 ], [ -75.113945931985413, 40.040624112202735 ], [ -75.113958948805745, 40.040601695098303 ], [ -75.113988994101462, 40.040549946551081 ], [ -75.114051717077643, 40.040461730021448 ], [ -75.114210894585312, 40.040240513116117 ], [ -75.114340048785152, 40.040108493702014 ], [ -75.114430056821291, 40.04000629739943 ], [ -75.114478336463094, 40.039940444354741 ], [ -75.114500564476643, 40.039895183028968 ], [ -75.114516686685391, 40.039863369113206 ], [ -75.11453949545924, 40.039782779163275 ], [ -75.114543721037677, 40.039716145043705 ], [ -75.114516863995775, 40.039556065684735 ], [ -75.114503246592562, 40.039514423954842 ], [ -75.1144483294498, 40.03934649610386 ], [ -75.114382372064455, 40.039194691082379 ], [ -75.114325409922742, 40.039102637805108 ], [ -75.114267546668032, 40.038963105737714 ], [ -75.114233856800311, 40.038872218061535 ], [ -75.114244200835131, 40.038789612153963 ], [ -75.114242848702204, 40.038724617860161 ], [ -75.114219327161621, 40.038659983419905 ], [ -75.114167908377453, 40.038529654510782 ], [ -75.114120507253432, 40.038227030255783 ], [ -75.114067362859146, 40.038073268276854 ], [ -75.114017796769588, 40.03792984660079 ], [ -75.113991477905486, 40.037778927556779 ], [ -75.113988160007736, 40.037759898270131 ], [ -75.113978074793067, 40.037702062239887 ], [ -75.113974413432359, 40.037681071639518 ], [ -75.113941358073191, 40.037564793002261 ], [ -75.113931021324504, 40.037528431719792 ], [ -75.113888255374491, 40.037377994748098 ], [ -75.113787493623335, 40.037240814302869 ], [ -75.113642232416097, 40.037021535068931 ], [ -75.113587063462091, 40.036938251679338 ], [ -75.113404462531051, 40.036701961361736 ], [ -75.113319184825755, 40.036627002356958 ], [ -75.113290661041404, 40.03659642077222 ], [ -75.113258221688824, 40.036573874770575 ], [ -75.113129091161838, 40.036484124938823 ], [ -75.113079011869516, 40.036449318162298 ], [ -75.112951731958077, 40.036360854928411 ], [ -75.112792298576963, 40.036227031601975 ], [ -75.112686523287877, 40.036122255825831 ], [ -75.112650566935386, 40.036086640547786 ], [ -75.112621876419951, 40.036058221029883 ], [ -75.112506265764722, 40.035943702556551 ], [ -75.11249260819875, 40.03592974554185 ], [ -75.112456601815481, 40.035892949601795 ], [ -75.112358947541807, 40.035780931003394 ], [ -75.112281864345519, 40.035626331758841 ], [ -75.112252959771325, 40.035568355261674 ], [ -75.112107367459018, 40.035220000105774 ], [ -75.112095503240354, 40.035186872476231 ], [ -75.112048473744593, 40.035055553008291 ], [ -75.112038180178644, 40.035021674847222 ], [ -75.111945370857143, 40.034902339940821 ], [ -75.111740354377218, 40.034731311499627 ], [ -75.11129002431602, 40.034357231294798 ], [ -75.111198331798875, 40.034306842057866 ], [ -75.111038107305276, 40.034176090251876 ], [ -75.110917580827703, 40.034022771365187 ], [ -75.110823952183651, 40.033807340724891 ], [ -75.110793355620487, 40.033649815182926 ], [ -75.110767567082576, 40.033473580302648 ], [ -75.11076465338509, 40.033414618424942 ], [ -75.110758330368029, 40.033213382158074 ], [ -75.110792672964394, 40.033014822966791 ], [ -75.110842210780731, 40.032861663540373 ], [ -75.110894637352473, 40.032530827002006 ], [ -75.110911845850424, 40.032406724421385 ], [ -75.111022625449792, 40.032009173915007 ], [ -75.111094616525406, 40.031334369068723 ], [ -75.11111190402525, 40.031159835834053 ], [ -75.111135702460913, 40.030953230469464 ], [ -75.111136990271518, 40.030712082274377 ], [ -75.11113130161192, 40.03035843696285 ], [ -75.111126507856781, 40.030327926963778 ], [ -75.111094108487336, 40.030121683688996 ], [ -75.111061202595252, 40.02999017640704 ], [ -75.111057241234064, 40.029974342585383 ], [ -75.110931384072487, 40.029696033573806 ], [ -75.11089592910416, 40.02958439753759 ], [ -75.110896581075707, 40.029574262415991 ], [ -75.110898152384536, 40.029549829250726 ], [ -75.110915639954655, 40.029277977665757 ], [ -75.110959573460406, 40.029124032594041 ], [ -75.110981367698173, 40.02897764478675 ], [ -75.111029727532582, 40.028858431597627 ], [ -75.111131556841968, 40.028687802548767 ], [ -75.111156298472935, 40.028646345219435 ], [ -75.111465751558498, 40.028253694531124 ], [ -75.11154822474316, 40.028153580149294 ], [ -75.111638566709132, 40.028093058439524 ], [ -75.11170108193285, 40.02805679464948 ], [ -75.111731632159632, 40.028042040220448 ], [ -75.111761238332875, 40.028029952769103 ], [ -75.111790261223533, 40.028020387408901 ], [ -75.11181889195835, 40.028013281854605 ], [ -75.111879621255014, 40.028003631208854 ], [ -75.111925917541697, 40.028000439146162 ], [ -75.111956771749576, 40.028001894860992 ], [ -75.11202500097022, 40.028010791121403 ], [ -75.112053410178689, 40.02801155542101 ], [ -75.112079075589392, 40.028009032803922 ], [ -75.112107443025565, 40.028003664623093 ], [ -75.112213576534216, 40.027975171895548 ], [ -75.112328376083425, 40.027948882904504 ], [ -75.112411736211854, 40.027922472715652 ], [ -75.112490603276257, 40.027891189226672 ], [ -75.112563130832697, 40.027855767630363 ], [ -75.112628053412465, 40.027816832123364 ], [ -75.112679989518497, 40.027780882601327 ], [ -75.112718887934221, 40.027750384023257 ], [ -75.112750174403061, 40.027721076590488 ], [ -75.112774298148253, 40.027692409283659 ], [ -75.112793348945146, 40.027663115494384 ], [ -75.112809069882047, 40.02763231440106 ], [ -75.112821459861365, 40.027600004177486 ], [ -75.11283051998825, 40.027566186652152 ], [ -75.112818808375025, 40.027364492548287 ], [ -75.112818076331976, 40.027350272808462 ], [ -75.112950403898822, 40.027330435247009 ], [ -75.11360959998548, 40.027231617113571 ], [ -75.117235719392738, 40.026680033880659 ], [ -75.118337804576612, 40.02653170522553 ], [ -75.119676674268405, 40.026348063323944 ], [ -75.119724439953487, 40.026341511241569 ], [ -75.119760812709075, 40.026336521879266 ], [ -75.119818967671819, 40.026343478043557 ], [ -75.121989090544986, 40.02599915028361 ], [ -75.123454906245328, 40.025794015087094 ], [ -75.124550548468463, 40.025644368233301 ], [ -75.125414660113918, 40.025514481731676 ], [ -75.126677313980068, 40.025329288410383 ], [ -75.12679123975515, 40.025311504250972 ], [ -75.126899052896007, 40.025294674200794 ], [ -75.127673844994717, 40.025173723148924 ], [ -75.127934848675153, 40.025132977380736 ], [ -75.128883347915192, 40.024932203479558 ], [ -75.130568460707593, 40.024591438326411 ], [ -75.131460577270687, 40.024380202070503 ], [ -75.132245247321251, 40.024136569624204 ], [ -75.133255282833787, 40.023906459694643 ], [ -75.133262879200643, 40.023904859578245 ], [ -75.135428198071068, 40.023448843175132 ], [ -75.135867126083696, 40.023349360767142 ], [ -75.136435556511628, 40.023173760361168 ], [ -75.137007412110734, 40.022931240525331 ], [ -75.138171175732879, 40.022360314536357 ], [ -75.138445439062437, 40.022220649739445 ], [ -75.138611896916288, 40.02213588281667 ], [ -75.139813751495637, 40.021523840121702 ], [ -75.141531232809356, 40.020674403989737 ], [ -75.142370483181466, 40.020243403542885 ], [ -75.142909590593575, 40.020006288154065 ], [ -75.143343148766135, 40.01983975521911 ], [ -75.143656228947549, 40.01976476356009 ], [ -75.144010428098909, 40.019679580253708 ], [ -75.144340802030896, 40.019609464516108 ], [ -75.144736356054679, 40.019529131451215 ], [ -75.14508203930275, 40.019497248853945 ], [ -75.145671413027443, 40.019473099046401 ], [ -75.145952390648674, 40.019481677948185 ], [ -75.146204065269444, 40.01949449414959 ], [ -75.146224446444251, 40.01949603572529 ], [ -75.146263293621132, 40.019498973623804 ], [ -75.146444922479091, 40.019512709417612 ], [ -75.146947659853197, 40.019577074475379 ], [ -75.1470794335157, 40.019593876924091 ], [ -75.14714697241098, 40.019602623237411 ], [ -75.148938737920318, 40.019834654334304 ], [ -75.148861836676076, 40.020161959084597 ], [ -75.148834626668204, 40.020287204250323 ], [ -75.148740535668921, 40.020720260482733 ], [ -75.148694010308503, 40.020962392452525 ], [ -75.148569336705776, 40.021485204564549 ], [ -75.149450112360171, 40.021602028506834 ], [ -75.149798520595269, 40.021647620473487 ], [ -75.15021168017104, 40.021701683678764 ], [ -75.150775679551941, 40.021772790350639 ], [ -75.151239228948114, 40.021833932602291 ], [ -75.151792286635867, 40.021903541404754 ], [ -75.152353589381377, 40.021970807577809 ], [ -75.152586306722469, 40.022002654416461 ], [ -75.152845690813564, 40.022036702306309 ], [ -75.153360416481917, 40.022097323764584 ], [ -75.153849517279383, 40.022165451100264 ], [ -75.153908939079855, 40.022173369223168 ], [ -75.154389197472682, 40.022237356884993 ], [ -75.15493161835964, 40.022299371211801 ], [ -75.155486783325529, 40.022372499313057 ], [ -75.155714050075304, 40.02241002185179 ], [ -75.155963278018802, 40.022441814907161 ], [ -75.156512984121406, 40.022510026681239 ], [ -75.157306752302716, 40.022616528132204 ], [ -75.157367869932088, 40.022623728584989 ], [ -75.15811107250785, 40.022711279596393 ], [ -75.159037829235757, 40.022809979082787 ], [ -75.15914064030369, 40.023037328318544 ], [ -75.159481293268314, 40.0237766607545 ], [ -75.159522724520272, 40.023866578774843 ], [ -75.159554070962159, 40.023934604366659 ] ] ] } },
{ "type": "Feature", "properties": { "district": 8.0, "complaints": 0, "population": 98168.0, "cat_departmental_violations": 0, "cat_lack_of_service": 0, "cat_other": 0, "cat_physical_abuse": 0, "cat_unprofessional_conduct": 0, "cat_verbal_abuse": 0, "race_black": 0, "race_latino": 0, "race_other": 0, "race_unknown": 0, "race_white": 0, "per_50k": 0.0 }, "geometry": { "type": "Polygon", "coordinates": [ [ [ -75.011335470674453, 40.021765053427139 ], [ -75.022130478502874, 40.031632690438968 ], [ -75.023897936873894, 40.033455909235911 ], [ -75.024063021006327, 40.033609239080072 ], [ -75.024858111023789, 40.03479113032467 ], [ -75.025185838051826, 40.035289400620933 ], [ -75.025510877330333, 40.035781420347242 ], [ -75.025804313839046, 40.036214872281711 ], [ -75.025865569780478, 40.036265083141203 ], [ -75.02613232723013, 40.036830234035598 ], [ -75.026155108492716, 40.036889057317786 ], [ -75.026617466001397, 40.037856562569658 ], [ -75.027034250110802, 40.038753514698769 ], [ -75.027310226787492, 40.039409829832579 ], [ -75.027583644943931, 40.040056034943419 ], [ -75.027847946325849, 40.040687253097694 ], [ -75.027899369999631, 40.040789356660561 ], [ -75.028193583529415, 40.041281771463453 ], [ -75.028258771826529, 40.04137293061126 ], [ -75.028328461106497, 40.041457799778527 ], [ -75.028943533703227, 40.04229529950171 ], [ -75.029417068887355, 40.042911802546449 ], [ -75.029799973393636, 40.043412098983275 ], [ -75.03016410497473, 40.04390492486872 ], [ -75.030538633652981, 40.044381343227982 ], [ -75.030991116893787, 40.044977484104933 ], [ -75.031543354403624, 40.045690382497909 ], [ -75.031608853303197, 40.045762943709619 ], [ -75.031670383891694, 40.045906612251279 ], [ -75.031778366065211, 40.046150497692331 ], [ -75.031839807881468, 40.046436376445939 ], [ -75.031854626999305, 40.046626343968278 ], [ -75.031846692945578, 40.046824391667876 ], [ -75.031811438020569, 40.047004554820219 ], [ -75.031783165203237, 40.047150407061956 ], [ -75.031614207338919, 40.047863305337202 ], [ -75.031626505098288, 40.047935495942838 ], [ -75.031637097451537, 40.048106760305856 ], [ -75.031672475652073, 40.048223966783219 ], [ -75.031741353987442, 40.048371498000449 ], [ -75.031861074049985, 40.048542340443447 ], [ -75.031988664818584, 40.048660311328419 ], [ -75.032139602143758, 40.048769993289184 ], [ -75.033049559904782, 40.049264748284997 ], [ -75.03603938931164, 40.050890252282578 ], [ -75.038330732924436, 40.052120767244858 ], [ -75.039585670200694, 40.052800791556557 ], [ -75.040249582599074, 40.053167589295832 ], [ -75.040670200977743, 40.053392005749124 ], [ -75.041129023296335, 40.053641615550568 ], [ -75.041563846226126, 40.053877706845171 ], [ -75.041985087583726, 40.054104326114455 ], [ -75.04283370686322, 40.054572359994964 ], [ -75.043642345705791, 40.055004786633241 ], [ -75.044498581421834, 40.055465010991853 ], [ -75.045270558674588, 40.055884606273771 ], [ -75.046395360105024, 40.056497028915217 ], [ -75.046539086789238, 40.056576710976763 ], [ -75.046681441128584, 40.056653233920166 ], [ -75.046852589545963, 40.056743799416402 ], [ -75.046855996799138, 40.056745601487542 ], [ -75.046858685934339, 40.056747033451373 ], [ -75.046480871686882, 40.057140559050623 ], [ -75.045956240052348, 40.05760527910742 ], [ -75.044967182793428, 40.058512694640648 ], [ -75.044817751153275, 40.058673998008111 ], [ -75.044483720937407, 40.059101073607863 ], [ -75.04424018631407, 40.059412445728434 ], [ -75.044203254282579, 40.059486119774625 ], [ -75.043382036544074, 40.061351291173274 ], [ -75.04282027130867, 40.062631049872927 ], [ -75.042452631016857, 40.063481551526536 ], [ -75.041978572655253, 40.064538939100949 ], [ -75.040927029315398, 40.066884274255777 ], [ -75.040578542663482, 40.067661494863124 ], [ -75.040110061666311, 40.068710760053065 ], [ -75.03990728602443, 40.069057166638558 ], [ -75.039575813115462, 40.069573787689308 ], [ -75.039191401415351, 40.07004233506575 ], [ -75.038992542615048, 40.070290499183152 ], [ -75.03813568441069, 40.071173204790824 ], [ -75.038002858056075, 40.071308604842123 ], [ -75.037597446905011, 40.071721865145399 ], [ -75.037363302107323, 40.071960539194798 ], [ -75.036192162411822, 40.073206264798273 ], [ -75.03604705441424, 40.07333652416532 ], [ -75.034952546349388, 40.074467614032997 ], [ -75.034832747801389, 40.074593275369438 ], [ -75.034197898787568, 40.075259180839531 ], [ -75.033394240585196, 40.07610213296747 ], [ -75.032828596495463, 40.076673629646592 ], [ -75.030410951680594, 40.079186355475144 ], [ -75.029054888377075, 40.080587068248136 ], [ -75.028777216965281, 40.080873874189876 ], [ -75.026835775469891, 40.082889930825893 ], [ -75.026315413348172, 40.08342649077003 ], [ -75.025727732716632, 40.084032453253066 ], [ -75.025064468338101, 40.084716332755434 ], [ -75.022874460837684, 40.086992838037474 ], [ -75.021333460349027, 40.08857047432604 ], [ -75.020949092961828, 40.088985473809046 ], [ -75.019747001945277, 40.090216434474264 ], [ -75.018869364155222, 40.091128879302858 ], [ -75.018035256317773, 40.091990433689496 ], [ -75.017063579017886, 40.092994050365512 ], [ -75.015369645144702, 40.094743572626086 ], [ -75.015255961153969, 40.094859234501129 ], [ -75.014950282214215, 40.095181024197181 ], [ -75.01472830726091, 40.095394537165724 ], [ -75.013902994709568, 40.09622347374323 ], [ -75.013347366591717, 40.096678990998292 ], [ -75.012758716572023, 40.097145873808778 ], [ -75.012155739025843, 40.097577781321121 ], [ -75.011700020217134, 40.09789783125958 ], [ -75.009488281706865, 40.0994159993446 ], [ -75.009407477607922, 40.099470912689384 ], [ -75.007945112266128, 40.100470122239635 ], [ -75.00624115451626, 40.10164479469281 ], [ -75.00528213494897, 40.102300294654995 ], [ -75.004458480764825, 40.10287337501768 ], [ -75.003981037076741, 40.10320556406824 ], [ -75.00313570404154, 40.103793701470998 ], [ -75.002242763613026, 40.104404088496587 ], [ -75.001648063974642, 40.104810600228838 ], [ -75.000506781641022, 40.105597837466476 ], [ -74.999836390909991, 40.106060250293858 ], [ -74.999047399919618, 40.106604453860932 ], [ -74.996959717641218, 40.108016285623201 ], [ -74.996943105933809, 40.10802751966127 ], [ -74.996832633661569, 40.108103445121984 ], [ -74.996798831824066, 40.108126832809724 ], [ -74.993085534781713, 40.110695954177856 ], [ -74.992425611709066, 40.111152503887567 ], [ -74.990866355484982, 40.112231191289659 ], [ -74.990062016722007, 40.11279303716416 ], [ -74.989681458751534, 40.113070062606326 ], [ -74.987924346953818, 40.114253217110921 ], [ -74.984705689532746, 40.1164891699149 ], [ -74.983616680676832, 40.117308270476265 ], [ -74.98324394259545, 40.117638268125617 ], [ -74.982206798488178, 40.118401003402269 ], [ -74.981212618423925, 40.119109492059081 ], [ -74.980213881416162, 40.119812050951012 ], [ -74.980158469421312, 40.119851030865377 ], [ -74.980123181842643, 40.119872689527156 ], [ -74.97985197604261, 40.119647304787037 ], [ -74.979763363258897, 40.119572606346821 ], [ -74.979713088715059, 40.119507546550942 ], [ -74.97960097817996, 40.119429390372595 ], [ -74.979470397910532, 40.119387056109204 ], [ -74.979284692563311, 40.119352107704955 ], [ -74.979133502808679, 40.119351366187551 ], [ -74.97900945699206, 40.11938031092383 ], [ -74.978892251528961, 40.119426819962541 ], [ -74.978800656380827, 40.119494274126424 ], [ -74.978689054664073, 40.119542369627091 ], [ -74.978604722212381, 40.119547589896044 ], [ -74.978479685610623, 40.119508299449919 ], [ -74.978368103115571, 40.119463530273109 ], [ -74.978244174502692, 40.119489566576135 ], [ -74.977976827106218, 40.119602118023067 ], [ -74.977738112731757, 40.119661663677583 ], [ -74.977647583948624, 40.119703011724603 ], [ -74.97758821008901, 40.119768340332705 ], [ -74.9775494837357, 40.11983705914033 ], [ -74.977520937499918, 40.120026469896075 ], [ -74.977384020254874, 40.12006960977633 ], [ -74.977247944286489, 40.120069230223997 ], [ -74.977143554800818, 40.120033337609719 ], [ -74.977042299992604, 40.119967046397896 ], [ -74.976930479325148, 40.119928072952504 ], [ -74.976796053069492, 40.119933535513944 ], [ -74.97661292640322, 40.119974100358547 ], [ -74.976400058247677, 40.120048782834594 ], [ -74.976137904325753, 40.120149849645678 ], [ -74.976067250919286, 40.120213444799113 ], [ -74.976030231420182, 40.120286557366001 ], [ -74.976067799685268, 40.120384688773235 ], [ -74.976031316338805, 40.120444756907482 ], [ -74.975932175685358, 40.120465585852891 ], [ -74.975815926280177, 40.120442471409156 ], [ -74.975732612852099, 40.120399823351832 ], [ -74.975733751321997, 40.12032584614461 ], [ -74.975725083090921, 40.120260335759511 ], [ -74.975672817175777, 40.12019812751511 ], [ -74.975567717563962, 40.120179624948662 ], [ -74.975391212828697, 40.120197135243274 ], [ -74.975227567768087, 40.120223661683923 ], [ -74.975102046615405, 40.120219182125965 ], [ -74.974973532293262, 40.120172540424775 ], [ -74.974807074375889, 40.120082903913875 ], [ -74.974689245783821, 40.120006055561923 ], [ -74.974613437207623, 40.119918605577546 ], [ -74.974537509891846, 40.119857275531785 ], [ -74.974428111971392, 40.119805293505024 ], [ -74.974288724102294, 40.119793223843878 ], [ -74.974076935232517, 40.119795365111024 ], [ -74.973609260032148, 40.11981454873353 ], [ -74.973367729564686, 40.119804364858759 ], [ -74.973112260616631, 40.119788041007517 ], [ -74.97299263976457, 40.11980111114859 ], [ -74.972869065954512, 40.11981844597171 ], [ -74.972772467846369, 40.11982336666582 ], [ -74.972673387796135, 40.119796311488933 ], [ -74.972572210408075, 40.119728557464938 ], [ -74.972548383527609, 40.119664132257689 ], [ -74.972507281571822, 40.119560111330806 ], [ -74.972429991045061, 40.119508901953594 ], [ -74.97224046734658, 40.119428868520771 ], [ -74.972057320521301, 40.11930835061353 ], [ -74.971934548617995, 40.119213962250029 ], [ -74.971859978791088, 40.119142498193931 ], [ -74.971786358435381, 40.119047846392228 ], [ -74.971711341054231, 40.118895113026767 ], [ -74.971604324016468, 40.118808359431078 ], [ -74.971495821316054, 40.118734633528931 ], [ -74.971297768038113, 40.118586181436989 ], [ -74.971208337435172, 40.118462123747342 ], [ -74.971142817441248, 40.118354610744689 ], [ -74.97102132576029, 40.118113683456698 ], [ -74.970915454867097, 40.117929729694843 ], [ -74.970843979885828, 40.117759664519397 ], [ -74.970751961680151, 40.117652961551194 ], [ -74.970615149993336, 40.117532109416267 ], [ -74.970452682387872, 40.117391769459033 ], [ -74.970348170530286, 40.117197693800328 ], [ -74.9702693076716, 40.117092750120918 ], [ -74.970179996417855, 40.117012234088371 ], [ -74.970083465004038, 40.116969262200534 ], [ -74.96998764356637, 40.116955338953339 ], [ -74.969917358473921, 40.116963794750447 ], [ -74.969867195693354, 40.116988703964651 ], [ -74.969814847880428, 40.117020814839925 ], [ -74.969739076349683, 40.117024794724401 ], [ -74.96964713788816, 40.11700805462312 ], [ -74.969593452821982, 40.116980635435716 ], [ -74.969480526969107, 40.11692275849316 ], [ -74.96932641659177, 40.116855182080329 ], [ -74.96920386044583, 40.116824645611175 ], [ -74.969087543454648, 40.116849405373117 ], [ -74.968918003035043, 40.116881582123007 ], [ -74.968686782477818, 40.116942749942183 ], [ -74.968441097248075, 40.117034033489652 ], [ -74.968321167782946, 40.117100785079742 ], [ -74.96821787031223, 40.117176652254869 ], [ -74.968126163105467, 40.117223767259652 ], [ -74.968036079305051, 40.117299953950329 ], [ -74.967891769104767, 40.117408205153033 ], [ -74.967733579388465, 40.117532077413514 ], [ -74.967565133996047, 40.117629579283822 ], [ -74.967517424283386, 40.117686471783031 ], [ -74.96748504569824, 40.117807585988288 ], [ -74.967463013752337, 40.117883968223282 ], [ -74.967355003292127, 40.117936500043939 ], [ -74.967123794928639, 40.1179512239639 ], [ -74.966951230844018, 40.118010897482357 ], [ -74.966722607327242, 40.118054697634676 ], [ -74.966534173216203, 40.1180864226681 ], [ -74.966385334184224, 40.118120547605258 ], [ -74.966080737680244, 40.118242324222933 ], [ -74.965921089671326, 40.118309563451277 ], [ -74.965774268020112, 40.118340844022413 ], [ -74.965593544791716, 40.11841482524288 ], [ -74.965431768459624, 40.1184878232839 ], [ -74.965334069742696, 40.118565265280481 ], [ -74.965261768796907, 40.118623012116309 ], [ -74.965149207625615, 40.118671080456892 ], [ -74.964994484615957, 40.118664430948975 ], [ -74.964836938169995, 40.118634493145827 ], [ -74.964734516507193, 40.118597185991732 ], [ -74.96462884526386, 40.118546735399995 ], [ -74.964535334659416, 40.118476267330543 ], [ -74.964489219017807, 40.118402595996038 ], [ -74.964508929055242, 40.118244889487883 ], [ -74.964489094902973, 40.118129774748901 ], [ -74.964418331916789, 40.117988745951479 ], [ -74.964334130672214, 40.117829982860364 ], [ -74.964281934230712, 40.11762845437157 ], [ -74.964207076991599, 40.117403166162056 ], [ -74.964116886512386, 40.11729794361262 ], [ -74.963998659079564, 40.117231228395788 ], [ -74.963830761588852, 40.117131385501928 ], [ -74.96373612137613, 40.117088463028665 ], [ -74.963576230458969, 40.11704685177191 ], [ -74.963443467019033, 40.117011709590606 ], [ -74.96337887531611, 40.116973867159111 ], [ -74.963295104634142, 40.116896381298666 ], [ -74.963221041875485, 40.116766876594973 ], [ -74.963175408459335, 40.116682709851958 ], [ -74.963151406771019, 40.116506887711701 ], [ -74.963142087277618, 40.116365896408681 ], [ -74.963156315180996, 40.116203714015349 ], [ -74.963133928216592, 40.116104486056457 ], [ -74.9631153174915, 40.116005358624513 ], [ -74.963112014654527, 40.115879028499393 ], [ -74.963147455104988, 40.115798619779795 ], [ -74.96324994917174, 40.115650183291258 ], [ -74.963317451370202, 40.11552557004751 ], [ -74.963330625291761, 40.115480898800612 ], [ -74.963395786271107, 40.115298180832546 ], [ -74.963414226552729, 40.115217360054146 ], [ -74.963349596406658, 40.115134535123183 ], [ -74.963261118039853, 40.115033704548701 ], [ -74.963237301656648, 40.114969277391232 ], [ -74.963146038299286, 40.114775515652653 ], [ -74.963090747931574, 40.11464937712487 ], [ -74.963112247116143, 40.114586047345028 ], [ -74.96324937639919, 40.114468924588628 ], [ -74.963457594660923, 40.114208406859525 ], [ -74.963670291318181, 40.114000240550631 ], [ -74.964001496036843, 40.113690457062766 ], [ -74.964091825027367, 40.113562044334273 ], [ -74.964139065332134, 40.113470315446968 ], [ -74.964156922508593, 40.113380776092384 ], [ -74.964138024929156, 40.113288895501647 ], [ -74.96402254339354, 40.113017631283419 ], [ -74.963920019181217, 40.112637840425876 ], [ -74.963879034310125, 40.112439485569261 ], [ -74.963884081721105, 40.112201624894155 ], [ -74.963880562587775, 40.112011431485811 ], [ -74.963850269071287, 40.111920724506419 ], [ -74.96378467128919, 40.111746444525714 ], [ -74.963777147908658, 40.111653388737466 ], [ -74.963796431303109, 40.111552278181932 ], [ -74.963852274084232, 40.111481076149914 ], [ -74.963935746368492, 40.111381511952253 ], [ -74.964046389633864, 40.111218765117826 ], [ -74.964105450630214, 40.111069275636353 ], [ -74.964121304346293, 40.11095936767228 ], [ -74.964121341316172, 40.110866495094243 ], [ -74.964040687597716, 40.110713620334415 ], [ -74.963903027340734, 40.11056806851829 ], [ -74.963839235416785, 40.110464943980091 ], [ -74.963840923194894, 40.110377914295682 ], [ -74.963813013981905, 40.110229218898517 ], [ -74.96374674702561, 40.110094101228505 ], [ -74.963710452548071, 40.109965520867071 ], [ -74.963710373280279, 40.109875546904149 ], [ -74.963771777627983, 40.109760940811505 ], [ -74.963891379636891, 40.109610017066878 ], [ -74.963978385973704, 40.109516349532868 ], [ -74.96407517973978, 40.109460647876091 ], [ -74.964234969754472, 40.109435496026883 ], [ -74.964409701642396, 40.109506480889749 ], [ -74.964509197691754, 40.109476966417873 ], [ -74.96460268182976, 40.109409578343019 ], [ -74.964680010047203, 40.109321478747255 ], [ -74.96473835339809, 40.109189380315627 ], [ -74.964765065537705, 40.109091351042707 ], [ -74.964810176133284, 40.109005373258839 ], [ -74.96487735237956, 40.108934446238351 ], [ -74.964936014086192, 40.108886524539606 ], [ -74.96505935007454, 40.108828563576864 ], [ -74.965118023321367, 40.10878064116875 ], [ -74.9652060989022, 40.108660878402084 ], [ -74.965387096196352, 40.108395345288187 ], [ -74.965516487960798, 40.108235951834786 ], [ -74.965592284502534, 40.108139111134996 ], [ -74.965609051834534, 40.108098878874671 ], [ -74.965561990389276, 40.108048405481988 ], [ -74.965503960655369, 40.107988952169386 ], [ -74.965432249915125, 40.107894341966116 ], [ -74.965368804000306, 40.107782514170928 ], [ -74.965295700953916, 40.107629823113577 ], [ -74.965212345593002, 40.107450761607836 ], [ -74.965123536244533, 40.107312205355974 ], [ -74.965057250913489, 40.107223529201434 ], [ -74.96497890793448, 40.107198410874069 ], [ -74.96472639599115, 40.107180679077338 ], [ -74.964421608748708, 40.107147181946146 ], [ -74.964195641585079, 40.107127190655618 ], [ -74.963958348417549, 40.107106932572592 ], [ -74.963710566617223, 40.107066092522352 ], [ -74.96351719279717, 40.106988851701281 ], [ -74.963336456228348, 40.106879992752205 ], [ -74.963249888976009, 40.106779208170323 ], [ -74.963201070097824, 40.106679348420123 ], [ -74.963219827787654, 40.106648958478772 ], [ -74.963269914669908, 40.10656782441658 ], [ -74.963373896666852, 40.106521011028136 ], [ -74.963397046490954, 40.106512803787702 ], [ -74.963465946934917, 40.106488405714686 ], [ -74.963596114228963, 40.106448030584104 ], [ -74.963659156990843, 40.106385707572045 ], [ -74.963670758538072, 40.106287312313519 ], [ -74.963606622586312, 40.10614644316518 ], [ -74.963628606042604, 40.106071511143867 ], [ -74.963692948767218, 40.10597729463538 ], [ -74.963786426547216, 40.105909907150831 ], [ -74.963907653015866, 40.105811258038663 ], [ -74.963963621764961, 40.105737158542702 ], [ -74.963963660120228, 40.105644285959421 ], [ -74.963927806089004, 40.105596974946096 ], [ -74.963797547945376, 40.105547386054006 ], [ -74.963592616888775, 40.105475668072621 ], [ -74.963399487580716, 40.105392620940982 ], [ -74.96318441331978, 40.10529163281528 ], [ -74.962964741303523, 40.105210842989557 ], [ -74.962693491934317, 40.105143318579152 ], [ -74.962556042792471, 40.105084840524043 ], [ -74.962499330801194, 40.104993493401338 ], [ -74.962429177305111, 40.104861190066998 ], [ -74.962433230886816, 40.104762611874207 ], [ -74.96246784030636, 40.104656061173813 ], [ -74.962539982861301, 40.104556231502315 ], [ -74.962539187697672, 40.10448364883522 ], [ -74.9623782986924, 40.104352046929122 ], [ -74.962092004310776, 40.104144841317833 ], [ -74.961992944601988, 40.10402635388516 ], [ -74.961767190532683, 40.103817713166883 ], [ -74.96156487916214, 40.103682196769171 ], [ -74.961402680853723, 40.103582486664997 ], [ -74.96122855185213, 40.103497004103637 ], [ -74.961110590143392, 40.103424480625492 ], [ -74.961020017044135, 40.103329409802107 ], [ -74.960989850444406, 40.103235804351826 ], [ -74.960995097743918, 40.103108230636558 ], [ -74.961024753985839, 40.103030583733528 ], [ -74.961089635695487, 40.102785460950763 ], [ -74.961199101431674, 40.102605270620835 ], [ -74.96120260260723, 40.102428312671101 ], [ -74.961234988651256, 40.10228397953189 ], [ -74.961290522485584, 40.102128602968705 ], [ -74.961294816397341, 40.102024218668511 ], [ -74.961269238429452, 40.101956845800522 ], [ -74.961178057609573, 40.101876276599711 ], [ -74.961101630856646, 40.101804760600395 ], [ -74.961061572394755, 40.101676088690454 ], [ -74.961125651823139, 40.101404824318962 ], [ -74.961226460065163, 40.101296978406495 ], [ -74.961394657838937, 40.101158842057451 ], [ -74.961477761847362, 40.101067983338119 ], [ -74.961643255793561, 40.100903667962314 ], [ -74.961701371110877, 40.100777368407954 ], [ -74.961744136462713, 40.100656508454939 ], [ -74.961768255856725, 40.100529392443057 ], [ -74.961800650302877, 40.10038506028215 ], [ -74.961846992597231, 40.100177215444596 ], [ -74.961854106753293, 40.100096130102564 ], [ -74.961890058866359, 40.099911244902749 ], [ -74.961932584559889, 40.099796191003954 ], [ -74.961977454199015, 40.099716010505944 ], [ -74.962013809092866, 40.099658845051493 ], [ -74.962020218352606, 40.099595151341866 ], [ -74.961985920019018, 40.099510149386077 ], [ -74.961917997598547, 40.09941562847591 ], [ -74.961815855262643, 40.09932608047518 ], [ -74.961739072747392, 40.099263268683195 ], [ -74.961673493254651, 40.099203630924002 ], [ -74.96168649879391, 40.099163316976409 ], [ -74.961730652636916, 40.099100537861382 ], [ -74.961785890085878, 40.099043830467309 ], [ -74.962070946508916, 40.098775014600641 ], [ -74.962094110662932, 40.098671096927681 ], [ -74.962062287272303, 40.09861808092824 ], [ -74.961908245108106, 40.09850406264966 ], [ -74.961724118551444, 40.098386403994013 ], [ -74.96160676010048, 40.098299388146955 ], [ -74.961579057607167, 40.098237766684925 ], [ -74.961596778586895, 40.098174346464468 ], [ -74.961660174634872, 40.098103320745729 ], [ -74.96177489116107, 40.098024844405771 ], [ -74.961812558113536, 40.097935785820169 ], [ -74.961808109860073, 40.097860212134201 ], [ -74.961788682993017, 40.09778138360403 ], [ -74.96172334484811, 40.097715939763887 ], [ -74.961619415230601, 40.097669888028818 ], [ -74.961414510280633, 40.097598166128066 ], [ -74.961190840769916, 40.097523078159497 ], [ -74.961060134912159, 40.097485080682247 ], [ -74.960924331113702, 40.097478884406385 ], [ -74.960791120552884, 40.097501774475234 ], [ -74.960679601549586, 40.097548411395614 ], [ -74.960569036821141, 40.097571850695381 ], [ -74.960463212545392, 40.09757218425068 ], [ -74.960078155051747, 40.097469965135588 ], [ -74.959734150857628, 40.09738034791517 ], [ -74.959626808211283, 40.097325498102933 ], [ -74.959476070184806, 40.097223162424555 ], [ -74.95937556041639, 40.097185895997953 ], [ -74.958784003644439, 40.096913222966542 ], [ -74.958515872581074, 40.096816739864302 ], [ -74.958252233108041, 40.096702946526307 ], [ -74.958168145796435, 40.096634152764516 ], [ -74.95811095724784, 40.096554406389238 ], [ -74.958079963317445, 40.096481090092006 ], [ -74.957996473688866, 40.096397793494411 ], [ -74.95765293101509, 40.096113728204891 ], [ -74.957354740725833, 40.095967178243029 ], [ -74.957209170477128, 40.095923003212064 ], [ -74.9570588807116, 40.095901943940227 ], [ -74.956899599146226, 40.095915481727907 ], [ -74.956640479250837, 40.095967233555626 ], [ -74.956462433509799, 40.095977423221512 ], [ -74.956286549251061, 40.095935411788531 ], [ -74.956186998712965, 40.095874953193984 ], [ -74.956096561241694, 40.095776970855304 ], [ -74.956087748804336, 40.095715807933225 ], [ -74.956109129044606, 40.095655378839972 ], [ -74.956119306013008, 40.095591775989078 ], [ -74.955837977480613, 40.095265677091831 ], [ -74.955759940229569, 40.095141882700034 ], [ -74.955748416625838, 40.095054530756968 ], [ -74.955773821788313, 40.094988396633241 ], [ -74.955880721408988, 40.09473269279723 ], [ -74.95600863031764, 40.094471686694511 ], [ -74.956235036844674, 40.094021523807719 ], [ -74.956392442468925, 40.093732210588925 ], [ -74.95640338452489, 40.093558334686108 ], [ -74.95640252613245, 40.093395786857386 ], [ -74.956382307834971, 40.093244374370741 ], [ -74.95637426001781, 40.093072937509582 ], [ -74.956454592298769, 40.092865921432981 ], [ -74.956691573043202, 40.092479864084872 ], [ -74.956823796327868, 40.092297329481227 ], [ -74.956942427780859, 40.092169601273369 ], [ -74.95706531003448, 40.092030379399333 ], [ -74.957117059692422, 40.091874902859054 ], [ -74.957198559747852, 40.091685332494407 ], [ -74.957286745364755, 40.091562676165211 ], [ -74.957442696938358, 40.091354594352566 ], [ -74.957473175235052, 40.091256649057691 ], [ -74.957643707127133, 40.091153409892001 ], [ -74.957815275922812, 40.090841219242556 ], [ -74.957960630246149, 40.090569029193496 ], [ -74.957979784069209, 40.090470817718931 ], [ -74.957964616672953, 40.090380476951935 ], [ -74.957909105428001, 40.090260131665083 ], [ -74.957823879219077, 40.090127459572173 ], [ -74.957793723272474, 40.090033844200121 ], [ -74.957790712328404, 40.089923488471378 ], [ -74.957828509922081, 40.089831532837579 ], [ -74.957891172707988, 40.089777909221382 ], [ -74.957993605366724, 40.089722349247424 ], [ -74.958067362600346, 40.089674798854375 ], [ -74.958113304246098, 40.089568532746405 ], [ -74.958117124490741, 40.089475751731641 ], [ -74.95810938441744, 40.089388491943708 ], [ -74.958122855023603, 40.089336575707399 ], [ -74.958155087445377, 40.089288014841294 ], [ -74.958234289168885, 40.089199966221898 ], [ -74.958251652890596, 40.089145242168605 ], [ -74.958230357283313, 40.089019926034531 ], [ -74.958181900374811, 40.088728520896282 ], [ -74.958010723878019, 40.088251279645675 ], [ -74.957869799819534, 40.087911186752244 ], [ -74.95771421175408, 40.08765199727393 ], [ -74.957609545184212, 40.087211206584023 ], [ -74.957610428156272, 40.087098034948781 ], [ -74.957638529208907, 40.087058078254685 ], [ -74.958017787137592, 40.086840914396632 ], [ -74.958027575378821, 40.086603160170355 ], [ -74.95803435695754, 40.086484328003849 ], [ -74.958026175836224, 40.086315790391573 ], [ -74.958049591206347, 40.086206075679044 ], [ -74.958082049086229, 40.086151719212793 ], [ -74.95820372592857, 40.086041480831021 ], [ -74.958225397828727, 40.085882381762396 ], [ -74.958216067644287, 40.085649965163086 ], [ -74.958251994601838, 40.085282243982697 ], [ -74.958298695818783, 40.085065695678608 ], [ -74.958340979636517, 40.084956440125069 ], [ -74.958627682794187, 40.084600611770142 ], [ -74.958679803713878, 40.084390007806135 ], [ -74.958630542166503, 40.084301739610872 ], [ -74.958548920002372, 40.084264930674756 ], [ -74.958422492403031, 40.0842154194603 ], [ -74.95836592279079, 40.084121170710404 ], [ -74.958373396641349, 40.084031379877054 ], [ -74.958383689069407, 40.083964878214395 ], [ -74.958422988573915, 40.083928095727551 ], [ -74.958592846593973, 40.083932220356402 ], [ -74.958722257299115, 40.083909250169874 ], [ -74.958903419319853, 40.083730794596327 ], [ -74.958965763703574, 40.083593002382607 ], [ -74.958984471422283, 40.083459943481984 ], [ -74.958944548283057, 40.083328372145246 ], [ -74.958907670130259, 40.083214283509221 ], [ -74.959018615038318, 40.083089277372103 ], [ -74.959134884612013, 40.08292666341049 ], [ -74.959154632244662, 40.082813957995839 ], [ -74.959131916796082, 40.082723434046692 ], [ -74.95903914051236, 40.08259056936808 ], [ -74.959000842007583, 40.082511281825269 ], [ -74.959051960365016, 40.082416747910017 ], [ -74.95910294869276, 40.082371544681791 ], [ -74.959249911558956, 40.08238091628224 ], [ -74.95927960888713, 40.082376753567928 ], [ -74.959666690229966, 40.082322482046628 ], [ -74.959743960060322, 40.082311643856194 ], [ -74.95985958555886, 40.082256412710521 ], [ -74.959954826389591, 40.082145531800201 ], [ -74.9600113636792, 40.082056931968211 ], [ -74.960050614805212, 40.081929751062994 ], [ -74.960073620506392, 40.081793409229164 ], [ -74.960078286456934, 40.081679996073376 ], [ -74.960079565423172, 40.081543125913676 ], [ -74.960061281375744, 40.081459206484212 ], [ -74.960040583995237, 40.081328479797996 ], [ -74.960043054159769, 40.081268438967832 ], [ -74.960107281813791, 40.081186521642373 ], [ -74.960181014903043, 40.081084805031644 ], [ -74.960627475983003, 40.08079846736284 ], [ -74.960815754121356, 40.080659458723673 ], [ -74.960883779158266, 40.080590987985182 ], [ -74.960986663292829, 40.080520029190367 ], [ -74.96107653956355, 40.080448754647477 ], [ -74.961122151921217, 40.08039643589877 ], [ -74.961273896106263, 40.080194763223346 ], [ -74.961406407749863, 40.080037704463834 ], [ -74.96152383022617, 40.079930369283531 ], [ -74.96163595667781, 40.07984627216085 ], [ -74.961729892997894, 40.079781771709321 ], [ -74.961749863360168, 40.07976822649038 ], [ -74.961894423993499, 40.079670128490477 ], [ -74.961957944585265, 40.079627030267417 ], [ -74.962015900886399, 40.079591707558322 ], [ -74.962107408752786, 40.079480401967821 ], [ -74.962133099697454, 40.079384194836365 ], [ -74.962130672020621, 40.079337388208586 ], [ -74.962156757793736, 40.079125998208376 ], [ -74.962200363925206, 40.079016862719293 ], [ -74.962270293541607, 40.078901699604408 ], [ -74.962333967884888, 40.078833121642134 ], [ -74.962392746198304, 40.078777779710705 ], [ -74.962469999375514, 40.078696178028324 ], [ -74.962506790122958, 40.078646987791934 ], [ -74.962535319514146, 40.07858757812177 ], [ -74.962533438718438, 40.078527431751517 ], [ -74.962518540178323, 40.078466967832185 ], [ -74.962481653526396, 40.078412648441223 ], [ -74.962431364921585, 40.078261174516228 ], [ -74.962424173292661, 40.078119089883209 ], [ -74.962431526563989, 40.078045811765683 ], [ -74.9624595062472, 40.077999742704108 ], [ -74.962513936292993, 40.077944295256998 ], [ -74.962629858196777, 40.077873651354594 ], [ -74.963184247477926, 40.077392919425378 ], [ -74.963287313259471, 40.077211770789582 ], [ -74.963395290995393, 40.077122568734048 ], [ -74.963506313882149, 40.077065159126114 ], [ -74.963637542583399, 40.077044967101322 ], [ -74.963780569450549, 40.077055111787573 ], [ -74.964324034912508, 40.07705158974349 ], [ -74.964974363232855, 40.077197574966704 ], [ -74.965042480593496, 40.077204074394366 ], [ -74.965149623313195, 40.077214301992299 ], [ -74.965255783496062, 40.077224434496273 ], [ -74.965441952500555, 40.077242300356936 ], [ -74.96573667667856, 40.077262795091201 ], [ -74.966031823298579, 40.077273288375842 ], [ -74.966184000499169, 40.07727196389795 ], [ -74.966298822256704, 40.077227997571008 ], [ -74.966489919105044, 40.077125777046675 ], [ -74.966597551515363, 40.077044908561398 ], [ -74.96667072285932, 40.076956528404317 ], [ -74.9667508770913, 40.076698022636997 ], [ -74.966775362785768, 40.076524987896804 ], [ -74.966822074749459, 40.076445986773628 ], [ -74.966941776648952, 40.076388783233163 ], [ -74.967269222019482, 40.076353298945506 ], [ -74.967552691576046, 40.076330111904447 ], [ -74.96780874460697, 40.076339654175534 ], [ -74.968283274586426, 40.076321090724988 ], [ -74.968745595802176, 40.076282199010777 ], [ -74.968893708596113, 40.076274096590318 ], [ -74.969041491264292, 40.076274329920473 ], [ -74.969127376427011, 40.076299782049645 ], [ -74.969296819667321, 40.076407389240948 ], [ -74.969481481713956, 40.076461947034218 ], [ -74.969628432315716, 40.076482199310981 ], [ -74.96975015588292, 40.076481801243489 ], [ -74.969825197957064, 40.07645356595205 ], [ -74.969901482335729, 40.076395309915199 ], [ -74.970012361961238, 40.076341225585281 ], [ -74.970110621094051, 40.076276823154224 ], [ -74.970251759771458, 40.076226812635241 ], [ -74.970368998652148, 40.076229648421752 ], [ -74.970511750258865, 40.076246455035339 ], [ -74.970693705974853, 40.07626087565297 ], [ -74.97083878250632, 40.076220979577847 ], [ -74.97094192330249, 40.076143332522825 ], [ -74.971054715013281, 40.076042553067545 ], [ -74.971171853680261, 40.075941879522688 ], [ -74.971261838301544, 40.075867257047697 ], [ -74.97134885512277, 40.0757591690354 ], [ -74.971382529843808, 40.075679850965507 ], [ -74.971416000971232, 40.07560552891178 ], [ -74.971398114282337, 40.07551160935769 ], [ -74.971349968523825, 40.075413616083992 ], [ -74.971290309325411, 40.075278607703382 ], [ -74.971233206574084, 40.075187074732611 ], [ -74.971237306852004, 40.075087000843943 ], [ -74.97125008952888, 40.074987146810642 ], [ -74.971281196032734, 40.074864353041221 ], [ -74.971319901053832, 40.074768459770375 ], [ -74.971367416232098, 40.074669435636885 ], [ -74.971452652154596, 40.074604718147924 ], [ -74.971593513101496, 40.074561376309703 ], [ -74.971623182729118, 40.074473608418216 ], [ -74.97161709767191, 40.074410016849683 ], [ -74.971576416958428, 40.074342254875425 ], [ -74.971487963791873, 40.074273336924591 ], [ -74.971271705415489, 40.074141228003519 ], [ -74.971080552440299, 40.074033090550991 ], [ -74.971028619339194, 40.073921651627629 ], [ -74.971031763055706, 40.07384492840297 ], [ -74.971042905882996, 40.073785097279774 ], [ -74.971106292077366, 40.073723184742157 ], [ -74.971200212050263, 40.073658677457622 ], [ -74.97153949199533, 40.073439829150374 ], [ -74.971733620278314, 40.073369399459835 ], [ -74.971874068783137, 40.073336059175219 ], [ -74.972014505137622, 40.073302725637092 ], [ -74.972129862808131, 40.073245412805974 ], [ -74.972220389190142, 40.073157448898286 ], [ -74.972272657463009, 40.073048529332489 ], [ -74.972298058333337, 40.072958991128822 ], [ -74.972332688457698, 40.072856312217773 ], [ -74.97241406977804, 40.072460941971933 ], [ -74.972435134857506, 40.07237129894348 ], [ -74.972501718019686, 40.072230998572678 ], [ -74.972575287608009, 40.072132603754739 ], [ -74.972655901304108, 40.072074450688639 ], [ -74.972797984344894, 40.072001086322686 ], [ -74.97291809608241, 40.071933867749166 ], [ -74.973063559009745, 40.071883958537327 ], [ -74.973213368791392, 40.07183415418563 ], [ -74.973381773376502, 40.071754748228599 ], [ -74.973475414223174, 40.071696909388216 ], [ -74.973529841594669, 40.071641465089797 ], [ -74.973567029021524, 40.071582263055873 ], [ -74.973603955084698, 40.071529730732053 ], [ -74.973606549673548, 40.071466348104998 ], [ -74.973617962927435, 40.071399845484251 ], [ -74.973632892331054, 40.071353458625978 ], [ -74.97366981821871, 40.07130092628028 ], [ -74.973808030618713, 40.071215779418694 ], [ -74.973976990719194, 40.071123032189895 ], [ -74.974119196109527, 40.071046335262601 ], [ -74.974259774978847, 40.07100966048889 ], [ -74.974417445351364, 40.070980075315063 ], [ -74.97461190466872, 40.070901305977387 ], [ -74.974801742793119, 40.070829092638512 ], [ -74.974899853082803, 40.070768017663625 ], [ -74.974981417413602, 40.070686511333044 ], [ -74.975041418338876, 40.070601142146884 ], [ -74.975071559081044, 40.07050170699587 ], [ -74.975101563836702, 40.070405593505278 ], [ -74.975123443459594, 40.070295938043138 ], [ -74.975121689539606, 40.070232452205559 ], [ -74.975097914802305, 40.070069936761662 ], [ -74.975106220523642, 40.06997330827916 ], [ -74.97516579942122, 40.069897948757898 ], [ -74.975250890271639, 40.069836568135607 ], [ -74.975348862468806, 40.069778823444977 ], [ -74.97545945378117, 40.069731411385852 ], [ -74.975582118825571, 40.069707665409936 ], [ -74.975723787018069, 40.06964429849031 ], [ -74.975968440593604, 40.06950662841966 ], [ -74.976184878205999, 40.06942170119936 ], [ -74.976402121866457, 40.069316762247702 ], [ -74.976609317885632, 40.069244964144787 ], [ -74.976733482247425, 40.069184516526121 ], [ -74.976828548814439, 40.069091647968392 ], [ -74.976872669934068, 40.068969176056626 ], [ -74.976911898946241, 40.068859930917363 ], [ -74.977007186204062, 40.068655218619412 ], [ -74.977079137556714, 40.068490004692741 ], [ -74.97715337953413, 40.068374926578848 ], [ -74.977204818146618, 40.068286015787493 ], [ -74.977270921910559, 40.068157387365197 ], [ -74.977330087579489, 40.068092037639467 ], [ -74.977460288739394, 40.067989996501034 ], [ -74.977628554024079, 40.067913924263301 ], [ -74.977858545569021, 40.067815967220774 ], [ -74.978009706276012, 40.067732794949848 ], [ -74.978161003821313, 40.067646293633508 ], [ -74.978372130645312, 40.067584607231808 ], [ -74.978617848498075, 40.067527089612135 ], [ -74.97888256479628, 40.067429968102346 ], [ -74.97909341892958, 40.067374951656916 ], [ -74.979182974929515, 40.06731032397456 ], [ -74.97941324636497, 40.067205693746089 ], [ -74.979557073674968, 40.06708895807143 ], [ -74.979606748806333, 40.067043408291056 ], [ -74.97971359916852, 40.066980872278045 ], [ -74.979781306871971, 40.066919070279063 ], [ -74.979805333454379, 40.066862881264058 ], [ -74.979838314177741, 40.066800232093449 ], [ -74.979845657886401, 40.066726954869431 ], [ -74.979909973344178, 40.066641695481003 ], [ -74.980049200518863, 40.066531526160503 ], [ -74.980165754468473, 40.066444174852904 ], [ -74.980268744705384, 40.066369868349568 ], [ -74.980379191024369, 40.066325782225519 ], [ -74.980515149369069, 40.066295665658309 ], [ -74.980677278222345, 40.066262845726087 ], [ -74.980753814154198, 40.066197912095404 ], [ -74.980858438015531, 40.066083564908439 ], [ -74.98092302269346, 40.065991635463348 ], [ -74.980971413524586, 40.065870922146686 ], [ -74.980965591612048, 40.065800660654411 ], [ -74.980947830590367, 40.06570340375287 ], [ -74.980922204901816, 40.06558592654806 ], [ -74.980945957760653, 40.065536407649319 ], [ -74.981026827572634, 40.065471578303665 ], [ -74.981086259611558, 40.065399555375009 ], [ -74.981123993721809, 40.065327000536669 ], [ -74.981157789336066, 40.065244339903124 ], [ -74.981152375528424, 40.065164077379116 ], [ -74.981100829613254, 40.065042631726662 ], [ -74.9810540508239, 40.06491128194039 ], [ -74.9809679943247, 40.064677146742333 ], [ -74.980927048838637, 40.06450920899178 ], [ -74.980908096458464, 40.064228275561227 ], [ -74.980914768806443, 40.064064830148432 ], [ -74.980938395784349, 40.063911802417245 ], [ -74.980982654202222, 40.063785988593352 ], [ -74.981021271518117, 40.063584908568231 ], [ -74.98104069918638, 40.063428446566242 ], [ -74.981084674234111, 40.063309303705836 ], [ -74.981097711679382, 40.063202769119862 ], [ -74.981092843075459, 40.063109155961151 ], [ -74.981017308928656, 40.062937051601999 ], [ -74.980934966278284, 40.062824875397936 ], [ -74.98086607169553, 40.062703011460584 ], [ -74.980804961954533, 40.062603033750484 ], [ -74.980808774642924, 40.062509639710349 ], [ -74.980830370521886, 40.062406645371155 ], [ -74.980869452703189, 40.062300746623436 ], [ -74.980913153852427, 40.062188274153009 ], [ -74.980986836646522, 40.062086535114716 ], [ -74.981008828651085, 40.061973539417387 ], [ -74.981030560013977, 40.061867214358109 ], [ -74.981016453789636, 40.061786741414558 ], [ -74.981002767890175, 40.061696259609519 ], [ -74.980954616892419, 40.061598270252894 ], [ -74.980909815168715, 40.061418553516653 ], [ -74.980918507290667, 40.061311914214585 ], [ -74.980935893392214, 40.061205483544342 ], [ -74.980944449485051, 40.061102174918531 ], [ -74.980927246019917, 40.060991577549061 ], [ -74.980918439646274, 40.060887859478633 ], [ -74.980887254899073, 40.060800288957893 ], [ -74.98084384915721, 40.060692394007866 ], [ -74.980768840345632, 40.060613787987513 ], [ -74.980549090982379, 40.060461579987098 ], [ -74.980482423421122, 40.060391518729645 ], [ -74.98042573029187, 40.060289989236693 ], [ -74.980433890073726, 40.060196690966769 ], [ -74.980486135546982, 40.060087758584665 ], [ -74.980557909742629, 40.060032729433345 ], [ -74.980668073210609, 40.059995314276598 ], [ -74.980816761607514, 40.059972190426144 ], [ -74.98093519714314, 40.059944994286369 ], [ -74.981089186324823, 40.059898615097168 ], [ -74.981209527798313, 40.05982471714195 ], [ -74.98131278063218, 40.059743730340116 ], [ -74.981402731082269, 40.059669108832018 ], [ -74.981526068236903, 40.059521817682445 ], [ -74.981612773992211, 40.059420401136776 ], [ -74.981991253379874, 40.058983760490925 ], [ -74.982105225090024, 40.058852948955995 ], [ -74.982187311858169, 40.058758098557711 ], [ -74.98229856094494, 40.058694000377152 ], [ -74.982476690792268, 40.058588098766563 ], [ -74.982610328690939, 40.058507842801433 ], [ -74.982755903290524, 40.058454590887202 ], [ -74.982959529770653, 40.058362657410747 ], [ -74.983329163286911, 40.058142840039487 ], [ -74.983515563679717, 40.058047156837375 ], [ -74.983686770428818, 40.058004540875054 ], [ -74.983840887967503, 40.057954827282508 ], [ -74.983998388865913, 40.057928567758694 ], [ -74.984112609496449, 40.0578979249197 ], [ -74.984209344281567, 40.057870203085827 ], [ -74.984288571327397, 40.057845393663918 ], [ -74.984373219409804, 40.057794006119202 ], [ -74.984540095821359, 40.057644435997048 ], [ -74.984915074778613, 40.057399692708422 ], [ -74.985066884257449, 40.057299840609225 ], [ -74.985153240977297, 40.057206757066503 ], [ -74.985187436778872, 40.057114085180132 ], [ -74.985182562603157, 40.05702048116526 ], [ -74.985168044823311, 40.056950010667627 ], [ -74.985122607307957, 40.056892149886046 ], [ -74.98495128764263, 40.056724419826821 ], [ -74.984821208726189, 40.056611106447043 ], [ -74.984694649330166, 40.056517898459397 ], [ -74.984590339595655, 40.056411881972508 ], [ -74.98449498374697, 40.056299404001557 ], [ -74.984411567034456, 40.056213921015015 ], [ -74.984339212080158, 40.056070269066382 ], [ -74.984296630235903, 40.055942364534587 ], [ -74.984271546685306, 40.05581153827022 ], [ -74.984264776019302, 40.055657778244658 ], [ -74.984260991315338, 40.05553748459922 ], [ -74.984249070155158, 40.055403641239849 ], [ -74.984253830042377, 40.055286887248656 ], [ -74.984244883574377, 40.055186499185226 ], [ -74.984212202046962, 40.055135631009662 ], [ -74.984179781131601, 40.055078084070423 ], [ -74.984065638059349, 40.055000213047677 ], [ -74.983921449756437, 40.054913266499668 ], [ -74.983798424439641, 40.054840182267988 ], [ -74.983737125089618, 40.054745211383931 ], [ -74.983681248158135, 40.054623663354967 ], [ -74.983621161269113, 40.054498679963565 ], [ -74.983476974637853, 40.054411731955312 ], [ -74.98279281801193, 40.053927788995082 ], [ -74.982540590529851, 40.053826550414975 ], [ -74.982324096009364, 40.05380798200131 ], [ -74.982121975947919, 40.053756364077437 ], [ -74.981828710106541, 40.053702551394757 ], [ -74.981592562279928, 40.053633424784074 ], [ -74.981393973696441, 40.053601922330188 ], [ -74.981207049781929, 40.053604094299878 ], [ -74.981011716825194, 40.053599386357305 ], [ -74.980832655837673, 40.053621787027033 ], [ -74.980645187273097, 40.053637298809122 ], [ -74.980492711389587, 40.053646976951718 ], [ -74.980288425553866, 40.053648737887791 ], [ -74.980088884145601, 40.053640583946134 ], [ -74.979838146051307, 40.053609497387242 ], [ -74.979659098010572, 40.053525038655643 ], [ -74.979511672727881, 40.053411300579732 ], [ -74.979382006368496, 40.053287969799761 ], [ -74.979251807310021, 40.053177980774564 ], [ -74.979142894073505, 40.053078524896328 ], [ -74.979008622382423, 40.052961760414803 ], [ -74.978865955357193, 40.052838115420748 ], [ -74.978704950754121, 40.052737393528901 ], [ -74.978556712483154, 40.052643665326919 ], [ -74.978404401285189, 40.052543161727414 ], [ -74.978274479731056, 40.052454263263385 ], [ -74.97398369656473, 40.048604542413209 ], [ -74.97784871547978, 40.045381995104613 ], [ -74.980781992770332, 40.043552630626003 ], [ -74.983186953518285, 40.04141357561425 ], [ -74.987644245123235, 40.038195649015364 ], [ -74.990986936759512, 40.035782105365996 ], [ -74.994095474032505, 40.033422214467173 ], [ -74.997117000512219, 40.03129767866087 ], [ -74.998167162209285, 40.030521943234092 ], [ -75.000620548524068, 40.028709586470164 ], [ -75.003856354763954, 40.027005657263587 ], [ -75.010371754679653, 40.022500095369722 ], [ -75.011335470674453, 40.021765053427139 ] ] ] } },
{ "type": "Feature", "properties": { "district": 2.0, "complaints": 0, "population": 113310.0, "cat_departmental_violations": 0, "cat_lack_of_service": 0, "cat_other": 0, "cat_physical_abuse": 0, "cat_unprofessional_conduct": 0, "cat_verbal_abuse": 0, "race_black": 0, "race_latino": 0, "race_other": 0, "race_unknown": 0, "race_white": 0, "per_50k": 0.0 }, "geometry": { "type": "Polygon", "coordinates": [ [ [ -75.046858684691159, 40.05674703522422 ], [ -75.046859143045197, 40.056746567551734 ], [ -75.046859723426138, 40.05674598020768 ], [ -75.047369418779894, 40.056228189103877 ], [ -75.047542053656883, 40.056052809860738 ], [ -75.04820675972195, 40.055377525191126 ], [ -75.049285420699334, 40.05428245378301 ], [ -75.049330366977955, 40.054235962974658 ], [ -75.049620388014247, 40.053955515458391 ], [ -75.050042948531058, 40.053539975027789 ], [ -75.050463586371535, 40.053088287501453 ], [ -75.050644395970352, 40.052844989450143 ], [ -75.050885199198504, 40.052443224217463 ], [ -75.051054781568723, 40.052060416622439 ], [ -75.051203002260735, 40.051455345672615 ], [ -75.051337865810439, 40.049821590745438 ], [ -75.051386733703296, 40.04922424131756 ], [ -75.051411004813431, 40.04892545194236 ], [ -75.051453659279474, 40.048359157099732 ], [ -75.05157238907195, 40.047820437289467 ], [ -75.05172649829602, 40.047390088452794 ], [ -75.05198105086528, 40.046946826763588 ], [ -75.052288458708645, 40.046550785425474 ], [ -75.052829288906494, 40.04602647559166 ], [ -75.054033721121868, 40.044911084826893 ], [ -75.054210449376825, 40.044747417021071 ], [ -75.054436580953336, 40.044537996197796 ], [ -75.05444222975153, 40.044532764823941 ], [ -75.054816345330337, 40.044171727711017 ], [ -75.05513692899369, 40.043873279042614 ], [ -75.055780540901182, 40.043317023283123 ], [ -75.05663916846477, 40.04256286880851 ], [ -75.057550964367408, 40.041747512150081 ], [ -75.057725589676707, 40.041595497299866 ], [ -75.057853247669101, 40.041475631791478 ], [ -75.058365925592994, 40.040994244893902 ], [ -75.058878565715361, 40.040512886518783 ], [ -75.060037890166456, 40.039441950633488 ], [ -75.061542331798606, 40.038014602598309 ], [ -75.061941511418041, 40.037676032265708 ], [ -75.062211879091706, 40.037472821572848 ], [ -75.062579180561286, 40.037247104173225 ], [ -75.062846694599187, 40.037122377459283 ], [ -75.063226021076318, 40.036931191721052 ], [ -75.063528286895647, 40.036831518105082 ], [ -75.064446508013262, 40.036606431784371 ], [ -75.066185911680492, 40.036233069983815 ], [ -75.067601594782602, 40.035897433936412 ], [ -75.070004318286564, 40.035329308096998 ], [ -75.070371964708144, 40.035242191934081 ], [ -75.070652739091912, 40.035175658801521 ], [ -75.070919421311146, 40.035112465322257 ], [ -75.071038955512009, 40.035098713116888 ], [ -75.074879131098541, 40.034219177514011 ], [ -75.078127163779811, 40.033474807046922 ], [ -75.080411972776048, 40.032945754158881 ], [ -75.081461246361087, 40.032704278441095 ], [ -75.082444896530617, 40.032474366608 ], [ -75.083011737597985, 40.032320474044035 ], [ -75.083561237149354, 40.032157882064752 ], [ -75.084727626665554, 40.031761917223058 ], [ -75.085200034457628, 40.031579824901947 ], [ -75.085383953720935, 40.031500184900445 ], [ -75.085852477181191, 40.031297303920425 ], [ -75.086196929891287, 40.03113762245701 ], [ -75.086724176250499, 40.030883728172299 ], [ -75.088132806361926, 40.030094510182195 ], [ -75.089165771488169, 40.029555824069483 ], [ -75.089874363139074, 40.029151347205094 ], [ -75.090348203676925, 40.028901828650234 ], [ -75.090763304258601, 40.028672588263483 ], [ -75.091559847155068, 40.028232585481582 ], [ -75.092051712350184, 40.027960875846077 ], [ -75.093194612836385, 40.027329517508313 ], [ -75.094129664921851, 40.026812319675777 ], [ -75.094624551287737, 40.026610331986689 ], [ -75.095035733581184, 40.026514671864426 ], [ -75.095436505291616, 40.026447162161759 ], [ -75.095880519918225, 40.026440699972071 ], [ -75.096309007446337, 40.026481323951877 ], [ -75.096736154109252, 40.02657017024589 ], [ -75.09746367644594, 40.02686115703802 ], [ -75.098811034711147, 40.027748534360576 ], [ -75.09922076708331, 40.028017047923058 ], [ -75.099364767864984, 40.028111416622551 ], [ -75.100593173074301, 40.028916410987982 ], [ -75.101284046224393, 40.029370686305292 ], [ -75.10180832492378, 40.029628430898114 ], [ -75.102159521818521, 40.02975734269301 ], [ -75.102538457774557, 40.029846621190288 ], [ -75.103071456528852, 40.029904494691436 ], [ -75.103598275039516, 40.029939508261407 ], [ -75.103966219752166, 40.02990771470818 ], [ -75.104308882288962, 40.029855105783533 ], [ -75.10460469937189, 40.029789529476851 ], [ -75.104616016277674, 40.029786093222555 ], [ -75.105134833067964, 40.029628573971074 ], [ -75.10550822162763, 40.029505884087634 ], [ -75.106134820201191, 40.029299988923803 ], [ -75.107254796622669, 40.028950139634794 ], [ -75.110041773146364, 40.028056792535324 ], [ -75.111379904997747, 40.02762882208846 ], [ -75.11170005146684, 40.027554875696069 ], [ -75.111774686427637, 40.027537636236886 ], [ -75.111900984009651, 40.027508463629886 ], [ -75.112393514849131, 40.027413914918817 ], [ -75.112817983227885, 40.027350285987914 ], [ -75.112818808375025, 40.027364492548287 ], [ -75.11283051998825, 40.027566186652152 ], [ -75.112821459861365, 40.027600004177486 ], [ -75.112809069882047, 40.02763231440106 ], [ -75.112793348945146, 40.027663115494384 ], [ -75.112774298148253, 40.027692409283659 ], [ -75.112750174403061, 40.027721076590488 ], [ -75.112718887934221, 40.027750384023257 ], [ -75.112679989518497, 40.027780882601327 ], [ -75.112628053412465, 40.027816832123364 ], [ -75.112563130832697, 40.027855767630363 ], [ -75.112490603276257, 40.027891189226672 ], [ -75.112411736211854, 40.027922472715652 ], [ -75.112328376083425, 40.027948882904504 ], [ -75.112213576534216, 40.027975171895548 ], [ -75.112107443025565, 40.028003664623093 ], [ -75.112079075589392, 40.028009032803922 ], [ -75.112053410178689, 40.02801155542101 ], [ -75.11202500097022, 40.028010791121403 ], [ -75.111956771749576, 40.028001894860992 ], [ -75.111925917541697, 40.028000439146162 ], [ -75.111879621255014, 40.028003631208854 ], [ -75.11181889195835, 40.028013281854605 ], [ -75.111790261223533, 40.028020387408901 ], [ -75.111761238332875, 40.028029952769103 ], [ -75.111731632159632, 40.028042040220448 ], [ -75.11170108193285, 40.02805679464948 ], [ -75.111638566709132, 40.028093058439524 ], [ -75.11154822474316, 40.028153580149294 ], [ -75.111465751558498, 40.028253694531124 ], [ -75.111156298472935, 40.028646345219435 ], [ -75.111131556841968, 40.028687802548767 ], [ -75.111029727532582, 40.028858431597627 ], [ -75.110981367698173, 40.02897764478675 ], [ -75.110959573460406, 40.029124032594041 ], [ -75.110915639954655, 40.029277977665757 ], [ -75.110898152384536, 40.029549829250726 ], [ -75.110896581075707, 40.029574262415991 ], [ -75.11089592910416, 40.02958439753759 ], [ -75.110931384072487, 40.029696033573806 ], [ -75.111057241234064, 40.029974342585383 ], [ -75.111061202595252, 40.02999017640704 ], [ -75.111094108487336, 40.030121683688996 ], [ -75.111126507856781, 40.030327926963778 ], [ -75.11113130161192, 40.03035843696285 ], [ -75.111136990271518, 40.030712082274377 ], [ -75.111135702460913, 40.030953230469464 ], [ -75.11111190402525, 40.031159835834053 ], [ -75.111094616525406, 40.031334369068723 ], [ -75.111022625449792, 40.032009173915007 ], [ -75.110911845850424, 40.032406724421385 ], [ -75.110894637352473, 40.032530827002006 ], [ -75.110842210780731, 40.032861663540373 ], [ -75.110792672964394, 40.033014822966791 ], [ -75.110758330368029, 40.033213382158074 ], [ -75.11076465338509, 40.033414618424942 ], [ -75.110767567082576, 40.033473580302648 ], [ -75.110793355620487, 40.033649815182926 ], [ -75.110823952183651, 40.033807340724891 ], [ -75.110917580827703, 40.034022771365187 ], [ -75.111038107305276, 40.034176090251876 ], [ -75.111198331798875, 40.034306842057866 ], [ -75.11129002431602, 40.034357231294798 ], [ -75.111740354377218, 40.034731311499627 ], [ -75.111945370857143, 40.034902339940821 ], [ -75.112038180178644, 40.035021674847222 ], [ -75.112048473744593, 40.035055553008291 ], [ -75.112095503240354, 40.035186872476231 ], [ -75.112107367459018, 40.035220000105774 ], [ -75.112252959771325, 40.035568355261674 ], [ -75.112281864345519, 40.035626331758841 ], [ -75.112358947541807, 40.035780931003394 ], [ -75.112456601815481, 40.035892949601795 ], [ -75.11249260819875, 40.03592974554185 ], [ -75.112506265764722, 40.035943702556551 ], [ -75.112621876419951, 40.036058221029883 ], [ -75.112650566935386, 40.036086640547786 ], [ -75.112686523287877, 40.036122255825831 ], [ -75.112792298576963, 40.036227031601975 ], [ -75.112951731958077, 40.036360854928411 ], [ -75.113079011869516, 40.036449318162298 ], [ -75.113129091161838, 40.036484124938823 ], [ -75.113258221688824, 40.036573874770575 ], [ -75.113290661041404, 40.03659642077222 ], [ -75.113319184825755, 40.036627002356958 ], [ -75.113404462531051, 40.036701961361736 ], [ -75.113587063462091, 40.036938251679338 ], [ -75.113642232416097, 40.037021535068931 ], [ -75.113787493623335, 40.037240814302869 ], [ -75.113888255374491, 40.037377994748098 ], [ -75.113931021324504, 40.037528431719792 ], [ -75.113941358073191, 40.037564793002261 ], [ -75.113974413432359, 40.037681071639518 ], [ -75.113978074793067, 40.037702062239887 ], [ -75.113988160007736, 40.037759898270131 ], [ -75.113991477905486, 40.037778927556779 ], [ -75.114017796769588, 40.03792984660079 ], [ -75.114067362859146, 40.038073268276854 ], [ -75.114120507253432, 40.038227030255783 ], [ -75.114167908377453, 40.038529654510782 ], [ -75.114219327161621, 40.038659983419905 ], [ -75.114242848702204, 40.038724617860161 ], [ -75.114244200835131, 40.038789612153963 ], [ -75.114233856800311, 40.038872218061535 ], [ -75.114267546668032, 40.038963105737714 ], [ -75.114325409922742, 40.039102637805108 ], [ -75.114382372064455, 40.039194691082379 ], [ -75.1144483294498, 40.03934649610386 ], [ -75.114503246592562, 40.039514423954842 ], [ -75.114516863995775, 40.039556065684735 ], [ -75.114543721037677, 40.039716145043705 ], [ -75.11453949545924, 40.039782779163275 ], [ -75.114516686685391, 40.039863369113206 ], [ -75.114500564476643, 40.039895183028968 ], [ -75.114478336463094, 40.039940444354741 ], [ -75.114430056821291, 40.04000629739943 ], [ -75.114340048785152, 40.040108493702014 ], [ -75.114210894585312, 40.040240513116117 ], [ -75.114051717077643, 40.040461730021448 ], [ -75.113988994101462, 40.040549946551081 ], [ -75.11395894763443, 40.04060169507148 ], [ -75.113945931985413, 40.040624112202735 ], [ -75.113919440899451, 40.040669736923839 ], [ -75.113888826229314, 40.040722620298432 ], [ -75.113823002389694, 40.040836327766094 ], [ -75.11381488695865, 40.040851377907586 ], [ -75.11377664641094, 40.040922305938452 ], [ -75.113753305518784, 40.040965594475885 ], [ -75.113614492803862, 40.041253989499673 ], [ -75.113570587376472, 40.041317764830858 ], [ -75.113425601523005, 40.041531715528599 ], [ -75.113339680403698, 40.04163109731099 ], [ -75.113285560255846, 40.041693695593551 ], [ -75.113285243555609, 40.041694062250727 ], [ -75.113272492489372, 40.041707849026587 ], [ -75.113216724117848, 40.041768150564941 ], [ -75.113037170031603, 40.041914126567129 ], [ -75.112996092024275, 40.041944638449984 ], [ -75.112967387122566, 40.041964303966367 ], [ -75.112925964182281, 40.041989783769388 ], [ -75.112809269808579, 40.042100660422477 ], [ -75.11275005758354, 40.042162652303738 ], [ -75.112750025591211, 40.042162691214479 ], [ -75.112721658644872, 40.042197033184081 ], [ -75.112714701446166, 40.04221650687019 ], [ -75.112656566861517, 40.04244084832704 ], [ -75.112628492617219, 40.042489009771828 ], [ -75.112613096993883, 40.04251542224862 ], [ -75.112466518599973, 40.042955561148467 ], [ -75.112423364997895, 40.043053893395921 ], [ -75.11235863601263, 40.043242545824647 ], [ -75.112349566084589, 40.043257827146462 ], [ -75.112221883768598, 40.04346683702402 ], [ -75.112128668179338, 40.043607127496038 ], [ -75.111952882998494, 40.043786994218515 ], [ -75.111790424051179, 40.043917772338986 ], [ -75.111338027637203, 40.044219295888894 ], [ -75.111264935516488, 40.044281640403199 ], [ -75.111198633698834, 40.044338191365632 ], [ -75.111134535583048, 40.044426007277444 ], [ -75.111106744449629, 40.044498792817429 ], [ -75.111092626971299, 40.04467501709118 ], [ -75.111137468105625, 40.044818266591776 ], [ -75.111150790061004, 40.044877909917687 ], [ -75.111158375558517, 40.0449118736759 ], [ -75.111166945578674, 40.044950245359829 ], [ -75.111170135727747, 40.044964529679284 ], [ -75.111219491563375, 40.04518550472249 ], [ -75.111229417366047, 40.045269444663781 ], [ -75.111232565547368, 40.045296053196246 ], [ -75.111269187054447, 40.045605732139343 ], [ -75.11127295849542, 40.045852088090662 ], [ -75.111273759093137, 40.04587855979895 ], [ -75.11127618494902, 40.045958622415597 ], [ -75.111278750001716, 40.046043396106924 ], [ -75.111281142181795, 40.046102830686515 ], [ -75.111286988600384, 40.046248081148086 ], [ -75.11128642236342, 40.046253295912813 ], [ -75.111274116383669, 40.046366663655 ], [ -75.111216430901422, 40.046631726047565 ], [ -75.111212898114957, 40.046647954425005 ], [ -75.111203306502276, 40.046674099109282 ], [ -75.11119657269866, 40.046692447960687 ], [ -75.111180337781505, 40.046736693988187 ], [ -75.111072422432329, 40.046826783096407 ], [ -75.111072383478856, 40.046826820044814 ], [ -75.109266447587771, 40.045787093277859 ], [ -75.10890749312783, 40.04613639749514 ], [ -75.109047102761863, 40.046218879866252 ], [ -75.108105335856862, 40.047175907241105 ], [ -75.108213948993281, 40.047239377804651 ], [ -75.107429354600086, 40.048030801065735 ], [ -75.107646927850894, 40.048148605847814 ], [ -75.107492799025309, 40.048337143034125 ], [ -75.106313155771346, 40.049299803441166 ], [ -75.100752972251911, 40.052597046102974 ], [ -75.100166234699884, 40.052956038810706 ], [ -75.099832015735856, 40.053161910159716 ], [ -75.099377012113408, 40.053308102692874 ], [ -75.099112085208432, 40.053571561796957 ], [ -75.098804172557962, 40.053723057176008 ], [ -75.098465005525014, 40.053896922986716 ], [ -75.097667216969597, 40.054374571984852 ], [ -75.097489447556271, 40.054488043549583 ], [ -75.096506626508045, 40.055180148366439 ], [ -75.095759165752995, 40.055638709916245 ], [ -75.095120956978377, 40.055945894942063 ], [ -75.093617470208031, 40.057429801777829 ], [ -75.092076621268376, 40.058974907300353 ], [ -75.089764608814093, 40.061294306949321 ], [ -75.087715495070356, 40.063349803084897 ], [ -75.087466144494897, 40.063593377915495 ], [ -75.087898629288674, 40.063845030393985 ], [ -75.088766694765724, 40.064350131025016 ], [ -75.089539461431627, 40.064799759012985 ], [ -75.090372202202516, 40.065284269331222 ], [ -75.096739882790615, 40.068988765150216 ], [ -75.094044209088082, 40.071641364847011 ], [ -75.093822167011311, 40.071860337733526 ], [ -75.08952155958761, 40.076104107980456 ], [ -75.087939917461185, 40.077606687211741 ], [ -75.08694936221282, 40.078668517861153 ], [ -75.086450677954986, 40.078263928058909 ], [ -75.086125067100213, 40.077981770844112 ], [ -75.085246584090953, 40.07716907935 ], [ -75.083396130457345, 40.076768943908284 ], [ -75.083222965670814, 40.076728977142999 ], [ -75.082502975546632, 40.07657007779212 ], [ -75.08160646491244, 40.076337383768042 ], [ -75.080917979811986, 40.075899787013974 ], [ -75.080160967248702, 40.075464048494212 ], [ -75.07958304476108, 40.075100740735856 ], [ -75.079175349494719, 40.074866707072403 ], [ -75.07831422943913, 40.074367979286507 ], [ -75.077597407769076, 40.073927332218318 ], [ -75.075901956566469, 40.07289385476259 ], [ -75.074031886825793, 40.071992128319074 ], [ -75.073163254364658, 40.071575432098122 ], [ -75.072300597738973, 40.071150257964412 ], [ -75.071419036268907, 40.07072122869647 ], [ -75.070414118728479, 40.070229717550184 ], [ -75.069821381932982, 40.069945281964635 ], [ -75.067358276065562, 40.068736444718446 ], [ -75.065848526758487, 40.067840191543183 ], [ -75.064059933598017, 40.066778346947984 ], [ -75.063042555466993, 40.066152879703161 ], [ -75.062559380138509, 40.065846706420231 ], [ -75.062183222483981, 40.065612791368743 ], [ -75.061338343407016, 40.065065879298345 ], [ -75.059626595933295, 40.063983473001251 ], [ -75.057699897522355, 40.062796902852 ], [ -75.05614806659456, 40.061841487163591 ], [ -75.054186317197605, 40.060727069403882 ], [ -75.05276661494176, 40.059945103632828 ], [ -75.051684847505243, 40.059363917583568 ], [ -75.050584449063635, 40.058778660049235 ], [ -75.048566867454156, 40.057677529830862 ], [ -75.048554124043903, 40.057659675073197 ], [ -75.048148097898206, 40.057447530269698 ], [ -75.047807214324266, 40.057256781548702 ], [ -75.047405229419908, 40.057040678841638 ], [ -75.047393300467832, 40.0570397125325 ], [ -75.047189013115485, 40.056927607216352 ], [ -75.046859580264695, 40.05674751312722 ], [ -75.046858684691159, 40.05674703522422 ] ] ] } },
{ "type": "Feature", "properties": { "district": 25.0, "complaints": 0, "population": 66997.0, "cat_departmental_violations": 0, "cat_lack_of_service": 0, "cat_other": 0, "cat_physical_abuse": 0, "cat_unprofessional_conduct": 0, "cat_verbal_abuse": 0, "race_black": 0, "race_latino": 0, "race_other": 0, "race_unknown": 0, "race_white": 0, "per_50k": 0.0 }, "geometry": { "type": "Polygon", "coordinates": [ [ [ -75.105490020849714, 40.019207552970087 ], [ -75.105508014387183, 40.019209869447586 ], [ -75.105528789813803, 40.019212462633213 ], [ -75.105693164805629, 40.019232974856543 ], [ -75.106627313580731, 40.019349541251259 ], [ -75.106647389378281, 40.019352046044155 ], [ -75.107307085865997, 40.019425584105711 ], [ -75.107403781142381, 40.019437009899924 ], [ -75.107937215708205, 40.019500037378634 ], [ -75.108323136979095, 40.019545635245109 ], [ -75.109045153912746, 40.019646272725218 ], [ -75.109752257260695, 40.019734239308953 ], [ -75.110505674647627, 40.01983590846794 ], [ -75.110872779591688, 40.018217350183846 ], [ -75.110978717683267, 40.017704075690872 ], [ -75.11107519392209, 40.017220032950291 ], [ -75.111132107544549, 40.016953607850908 ], [ -75.111281397997104, 40.016254729661327 ], [ -75.111362269447611, 40.015876134335841 ], [ -75.111499720325895, 40.015177809201653 ], [ -75.111814357529056, 40.01367162959059 ], [ -75.112050186672832, 40.012608444967562 ], [ -75.112427409368536, 40.010840008292014 ], [ -75.112498971697846, 40.010498949886944 ], [ -75.112824312995784, 40.009016877921638 ], [ -75.113373523765389, 40.006457529357334 ], [ -75.113544958357508, 40.00565697082552 ], [ -75.113629965524751, 40.005258510579949 ], [ -75.114082574271336, 40.003161082458256 ], [ -75.11416288089157, 40.002820554748233 ], [ -75.114278591687466, 40.002315246759728 ], [ -75.114317761201974, 40.002078597605419 ], [ -75.114372140111783, 40.00182984990505 ], [ -75.114468114561134, 40.001378956874021 ], [ -75.114482621875524, 40.001298565754446 ], [ -75.114619342507567, 40.000603246794817 ], [ -75.114672151673133, 40.00037864389644 ], [ -75.114786768814554, 39.999847607643822 ], [ -75.114895482035891, 39.999407037949872 ], [ -75.114905412604926, 39.999318518059816 ], [ -75.114985101629344, 39.998965695610813 ], [ -75.115015760193941, 39.998800681932813 ], [ -75.115055765852787, 39.998610324188114 ], [ -75.115148993159849, 39.998179209264826 ], [ -75.115199188924748, 39.997956074347606 ], [ -75.115274279106885, 39.997607533308575 ], [ -75.115345591880555, 39.997250890873417 ], [ -75.115450491196626, 39.996762791326653 ], [ -75.115949044169639, 39.996831427348404 ], [ -75.116416003741151, 39.996890415250121 ], [ -75.116877038988562, 39.99695210898625 ], [ -75.1171216325437, 39.996982825691902 ], [ -75.117899453758412, 39.99708103727729 ], [ -75.118472971777365, 39.997153650831926 ], [ -75.119330848253611, 39.997264109150365 ], [ -75.119813781563295, 39.997327713739381 ], [ -75.120295399907462, 39.997398068192759 ], [ -75.121264543136661, 39.997517734775023 ], [ -75.1217514734833, 39.997582308374845 ], [ -75.122240048420466, 39.997642308779035 ], [ -75.122708840475923, 39.997697009475431 ], [ -75.123212436274287, 39.997762090702125 ], [ -75.12393662526442, 39.997859155328086 ], [ -75.124148954200535, 39.997886855414464 ], [ -75.124904200622439, 39.997988196885011 ], [ -75.125383114538607, 39.998053072574152 ], [ -75.126103160769404, 39.998145559579882 ], [ -75.126414342217629, 39.998178027023258 ], [ -75.127339194294251, 39.998300357082933 ], [ -75.128630851816439, 39.998468331056266 ], [ -75.129262321934661, 39.998548493704085 ], [ -75.129380840649532, 39.998028330694495 ], [ -75.129460377926492, 39.99762790250012 ], [ -75.129607485058614, 39.996965623549016 ], [ -75.129634091576392, 39.996839727824565 ], [ -75.129689750229375, 39.996576375266166 ], [ -75.129816798111747, 39.995975235031544 ], [ -75.130222451612468, 39.994137386296487 ], [ -75.130254632228315, 39.993976384887418 ], [ -75.130561505819159, 39.992483835139112 ], [ -75.13057607664156, 39.992411000789708 ], [ -75.130694388786594, 39.991839287110274 ], [ -75.13072902276123, 39.99167967601047 ], [ -75.130789184523408, 39.991406501931607 ], [ -75.130861323805135, 39.991078166457619 ], [ -75.13088187185906, 39.990984645777154 ], [ -75.130900661071507, 39.990899125710222 ], [ -75.131439887904932, 39.990969596330253 ], [ -75.131962122343353, 39.991039268644286 ], [ -75.132422292269169, 39.99109250759706 ], [ -75.132895437601348, 39.991153159540133 ], [ -75.13307294916504, 39.991175542719716 ], [ -75.13351398909893, 39.991231487476782 ], [ -75.133806249422165, 39.99126893018456 ], [ -75.134335631318436, 39.99133939783804 ], [ -75.134870906572445, 39.991417041505827 ], [ -75.135468141134751, 39.991488557847518 ], [ -75.136161721102823, 39.991574090157648 ], [ -75.137066657997096, 39.991699265258035 ], [ -75.138729337508295, 39.991909538480172 ], [ -75.139263155897751, 39.991978654189353 ], [ -75.139710756772089, 39.992037653361251 ], [ -75.140199767683583, 39.992096002018926 ], [ -75.140865657853411, 39.992183302498709 ], [ -75.141513843632794, 39.992264893318975 ], [ -75.142176007526146, 39.992352485276058 ], [ -75.143000857923738, 39.992458949839005 ], [ -75.1438322380084, 39.992559490999412 ], [ -75.144468782142539, 39.992642042254012 ], [ -75.144661330062021, 39.992666812900509 ], [ -75.145281485582842, 39.992748164080005 ], [ -75.145604736646092, 39.992792750845418 ], [ -75.146091367097455, 39.992857674196124 ], [ -75.146884132907118, 39.992958194645894 ], [ -75.147760527400251, 39.993071385342759 ], [ -75.147828562089018, 39.993080171932789 ], [ -75.147888806695804, 39.993087949340335 ], [ -75.147912415245401, 39.993090995681698 ], [ -75.148473850606862, 39.993163334190776 ], [ -75.149240889007331, 39.99326215946131 ], [ -75.150816154318747, 39.993469479664206 ], [ -75.152392368681376, 39.993668144325952 ], [ -75.153296698910282, 39.993783058018749 ], [ -75.154533024913817, 39.99393901595672 ], [ -75.15459045531739, 39.993947636207807 ], [ -75.154394400579676, 39.99488036377322 ], [ -75.154371590740425, 39.994989375755075 ], [ -75.154346011149386, 39.995111634942496 ], [ -75.154320993631146, 39.99523120107829 ], [ -75.154255730659159, 39.995534829856524 ], [ -75.154144322235425, 39.996000806614276 ], [ -75.153987224681572, 39.99679116627383 ], [ -75.153611215629866, 39.998524671083693 ], [ -75.15356795005107, 39.998732991836441 ], [ -75.153518536083482, 39.998951755968783 ], [ -75.153432206765572, 39.999330977279598 ], [ -75.153377412387371, 39.99954379187826 ], [ -75.153273554555852, 40.000014036631491 ], [ -75.152928293135631, 40.001602015352979 ], [ -75.152786281533281, 40.002202496601164 ], [ -75.152779519597019, 40.002231088809488 ], [ -75.152552519545821, 40.003190911268952 ], [ -75.152237940685538, 40.004699034316793 ], [ -75.151923332624548, 40.006176599829324 ], [ -75.151605278113536, 40.007674637135558 ], [ -75.151455657487617, 40.008312743572603 ], [ -75.151371422652872, 40.008736639488241 ], [ -75.151248688382779, 40.009288308664871 ], [ -75.15109332732375, 40.009943683481879 ], [ -75.150885615913168, 40.010846462311576 ], [ -75.150575571768655, 40.012379618538972 ], [ -75.150396908182898, 40.013175222225861 ], [ -75.150247430851365, 40.013771153133987 ], [ -75.150205385058783, 40.013996085621869 ], [ -75.150098271083834, 40.014577303273867 ], [ -75.150041397422569, 40.014827779026568 ], [ -75.14993399427992, 40.015334788416759 ], [ -75.14984156612347, 40.015681231099656 ], [ -75.149772184912649, 40.016030882479008 ], [ -75.149728962120335, 40.016224086737921 ], [ -75.149588637481415, 40.016941699630848 ], [ -75.14934927692039, 40.017966917177716 ], [ -75.149232665030894, 40.018511865749268 ], [ -75.149044124642316, 40.019363522691116 ], [ -75.149039278238092, 40.019385405886645 ], [ -75.148995781779803, 40.019581879843976 ], [ -75.148956406764967, 40.019751438202228 ], [ -75.14895606634515, 40.019753043315063 ], [ -75.14893873781682, 40.019834657035055 ], [ -75.14714697241098, 40.019602623237411 ], [ -75.1470794335157, 40.019593876924091 ], [ -75.146947659853197, 40.019577074475379 ], [ -75.146444922479091, 40.019512709417612 ], [ -75.146263293621132, 40.019498973623804 ], [ -75.146224446444251, 40.01949603572529 ], [ -75.146204065269444, 40.01949449414959 ], [ -75.145952390648674, 40.019481677948185 ], [ -75.145671413027443, 40.019473099046401 ], [ -75.14508203930275, 40.019497248853945 ], [ -75.144736356054679, 40.019529131451215 ], [ -75.144340802030896, 40.019609464516108 ], [ -75.144010428098909, 40.019679580253708 ], [ -75.143656228947549, 40.01976476356009 ], [ -75.143343148766135, 40.01983975521911 ], [ -75.142909590593575, 40.020006288154065 ], [ -75.142370483181466, 40.020243403542885 ], [ -75.141531232809356, 40.020674403989737 ], [ -75.139813751495637, 40.021523840121702 ], [ -75.138611896916288, 40.02213588281667 ], [ -75.138445439062437, 40.022220649739445 ], [ -75.138171175732879, 40.022360314536357 ], [ -75.137007412110734, 40.022931240525331 ], [ -75.136435556511628, 40.023173760361168 ], [ -75.135867126083696, 40.023349360767142 ], [ -75.135428198071068, 40.023448843175132 ], [ -75.133262879200643, 40.023904859578245 ], [ -75.133255282833787, 40.023906459694643 ], [ -75.132245247321251, 40.024136569624204 ], [ -75.131460577270687, 40.024380202070503 ], [ -75.130568460707593, 40.024591438326411 ], [ -75.128883347915192, 40.024932203479558 ], [ -75.127934848675153, 40.025132977380736 ], [ -75.127673844994717, 40.025173723148924 ], [ -75.126899052896007, 40.025294674200794 ], [ -75.12679123975515, 40.025311504250972 ], [ -75.126677313980068, 40.025329288410383 ], [ -75.125414660113918, 40.025514481731676 ], [ -75.124550548468463, 40.025644368233301 ], [ -75.123454906245328, 40.025794015087094 ], [ -75.121989090544986, 40.02599915028361 ], [ -75.119818967671819, 40.026343478043557 ], [ -75.119760812709075, 40.026336521879266 ], [ -75.119724439953487, 40.026341511241569 ], [ -75.119676674268405, 40.026348063323944 ], [ -75.118337804576612, 40.02653170522553 ], [ -75.117235719392738, 40.026680033880659 ], [ -75.11360959998548, 40.027231617113571 ], [ -75.112950403898822, 40.027330435247009 ], [ -75.112818076331976, 40.027350272808462 ], [ -75.112818808375025, 40.027364492548287 ], [ -75.112817689456861, 40.027345237981329 ], [ -75.112752599051603, 40.026821802910966 ], [ -75.112751653210765, 40.026490159938504 ], [ -75.112755112881104, 40.026417592072477 ], [ -75.112753683533555, 40.026366331207861 ], [ -75.112749175531889, 40.026320341846969 ], [ -75.1127417320169, 40.026274733784774 ], [ -75.112732851732645, 40.026240282613593 ], [ -75.112719863760191, 40.026207664410393 ], [ -75.112694020226598, 40.026155972614227 ], [ -75.112672041155534, 40.026112237352137 ], [ -75.112656273100825, 40.026085382252973 ], [ -75.112623182773206, 40.026039759135841 ], [ -75.112589790443408, 40.026004171048143 ], [ -75.112567454726516, 40.025985752814321 ], [ -75.112540374696266, 40.025967152630962 ], [ -75.112461772533891, 40.025922792632763 ], [ -75.112401774798442, 40.025893703450649 ], [ -75.112323270549112, 40.025861093228833 ], [ -75.112241065632034, 40.025831244302559 ], [ -75.112142938307585, 40.025800625012266 ], [ -75.112122040426868, 40.025794551386795 ], [ -75.112039362372698, 40.025772145664256 ], [ -75.111953495426647, 40.025751636277235 ], [ -75.111886570840781, 40.025738844104438 ], [ -75.111735166575187, 40.025715476528283 ], [ -75.111670042699231, 40.025702251655169 ], [ -75.111577110602283, 40.025683410557015 ], [ -75.111541449002587, 40.025674649538352 ], [ -75.111506363100617, 40.025662355281383 ], [ -75.111478467200556, 40.025647447435226 ], [ -75.111459070467575, 40.025632608717629 ], [ -75.111429019132657, 40.025605162157078 ], [ -75.111377934270067, 40.025561568795119 ], [ -75.111365826782347, 40.025547804882855 ], [ -75.111358014194678, 40.025534688381519 ], [ -75.111353713130271, 40.025520965078833 ], [ -75.111352040273445, 40.025504755853973 ], [ -75.111356053828004, 40.02544960231485 ], [ -75.111364363475246, 40.025376373710692 ], [ -75.111381960177283, 40.025303566633923 ], [ -75.111394060703077, 40.025235356469345 ], [ -75.111394426424752, 40.025211568667586 ], [ -75.111413457596967, 40.025076898284368 ], [ -75.111532054743208, 40.024724753424074 ], [ -75.111532375434209, 40.024723106501078 ], [ -75.11155441083865, 40.024609761326843 ], [ -75.111557551555308, 40.024593607737778 ], [ -75.111551416751837, 40.024487948054102 ], [ -75.11155102340652, 40.02448118309308 ], [ -75.111465653343274, 40.024162552772566 ], [ -75.111392120608599, 40.023888103359894 ], [ -75.111376179017611, 40.023714277942751 ], [ -75.111230061436189, 40.023399977583011 ], [ -75.111077038332979, 40.023155923013938 ], [ -75.111000512315385, 40.022975348613222 ], [ -75.110990460578705, 40.022923947199345 ], [ -75.110999182458784, 40.022879907050914 ], [ -75.110979820167742, 40.022779202633863 ], [ -75.110935856081809, 40.022635451040848 ], [ -75.110853569957385, 40.022555540603136 ], [ -75.110851088799251, 40.022553131890277 ], [ -75.11085102564283, 40.02255306826774 ], [ -75.110765751549835, 40.022470255350051 ], [ -75.110611926863712, 40.022386904751066 ], [ -75.110465772686013, 40.022344127954582 ], [ -75.110073099324964, 40.022276135117274 ], [ -75.109949280483505, 40.022256150010989 ], [ -75.10963914059765, 40.022181966382021 ], [ -75.10951453595068, 40.022159894866149 ], [ -75.109437084954109, 40.022148134081611 ], [ -75.109315927502308, 40.022150725341774 ], [ -75.109249608405847, 40.022152143906148 ], [ -75.109175501059212, 40.022160866384759 ], [ -75.109159354576263, 40.022164068545372 ], [ -75.10878129208298, 40.022240937130967 ], [ -75.108688636562306, 40.022273344265756 ], [ -75.108640703971162, 40.022300369216829 ], [ -75.108487127256709, 40.022408000354886 ], [ -75.108108974548855, 40.022660835194067 ], [ -75.107886907883312, 40.02279268545815 ], [ -75.107691689832507, 40.02290859214731 ], [ -75.107176085714201, 40.023204720191487 ], [ -75.107013790307704, 40.023295390515017 ], [ -75.10696113195894, 40.02331736116767 ], [ -75.106929313693286, 40.023330636261448 ], [ -75.106874415818751, 40.023338908305419 ], [ -75.106766898872579, 40.023328805401107 ], [ -75.106631367602319, 40.023287747729817 ], [ -75.106554628103979, 40.023252098830838 ], [ -75.106370447302993, 40.023147933551705 ], [ -75.106072289566171, 40.022988082939541 ], [ -75.105955324495653, 40.022959213983988 ], [ -75.105896510388675, 40.022951441714348 ], [ -75.105837866879483, 40.022946811636622 ], [ -75.105779395130796, 40.022945323777918 ], [ -75.105721092827551, 40.022946977184453 ], [ -75.105649842592271, 40.022952930365392 ], [ -75.105588781300654, 40.022962498809449 ], [ -75.105547907333957, 40.022971886071332 ], [ -75.105508355858575, 40.022983245498651 ], [ -75.105453029183195, 40.023001081352149 ], [ -75.105436134390942, 40.023008589817316 ], [ -75.105422388348543, 40.023016769080527 ], [ -75.105400073158165, 40.023035406599718 ], [ -75.105365872582396, 40.023068731127651 ], [ -75.105332576740636, 40.023108672938065 ], [ -75.105304450847626, 40.023147973336705 ], [ -75.105235930460168, 40.023250881619653 ], [ -75.105202280045191, 40.023301392444964 ], [ -75.10514512951292, 40.023391739957681 ], [ -75.105107447141222, 40.02344460149277 ], [ -75.105049625497102, 40.023522329868797 ], [ -75.105029314464019, 40.023543545383454 ], [ -75.105008360517843, 40.023560326523899 ], [ -75.104983324749341, 40.023575989168933 ], [ -75.104956321346265, 40.023589963905408 ], [ -75.104928163597179, 40.023601831563482 ], [ -75.104899556837694, 40.023611296631998 ], [ -75.104895954526199, 40.02361230931087 ], [ -75.104871748151112, 40.02361622175502 ], [ -75.104834340474426, 40.023617187379372 ], [ -75.104802885567963, 40.023616462820428 ], [ -75.104779220389645, 40.023613856129394 ], [ -75.104753642716503, 40.02360895910504 ], [ -75.104690690486493, 40.023590976817999 ], [ -75.10465057698427, 40.023576478707099 ], [ -75.104612357203621, 40.023559400400991 ], [ -75.104576031112373, 40.023539742801702 ], [ -75.104541599919131, 40.02351750503793 ], [ -75.104509062419865, 40.023492687984401 ], [ -75.10447841865124, 40.023465290742614 ], [ -75.104449669750423, 40.023435314241198 ], [ -75.104422814582207, 40.023402757554557 ], [ -75.104262698768224, 40.02325967983186 ], [ -75.104230342015654, 40.023209365840295 ], [ -75.104218712166471, 40.023184057296085 ], [ -75.104201174230425, 40.023099192243677 ], [ -75.104197766218419, 40.023012811037916 ], [ -75.104169797013583, 40.0229149767518 ], [ -75.104139591592016, 40.022844986895336 ], [ -75.10400685928839, 40.022683249506798 ], [ -75.103897894911228, 40.022583116306812 ], [ -75.103763274412145, 40.022489197266459 ], [ -75.103751495304351, 40.022480981419157 ], [ -75.103684450191167, 40.022407370890882 ], [ -75.103646712767656, 40.022323596311793 ], [ -75.103555137163525, 40.022156513105934 ], [ -75.10344859661636, 40.021922929294654 ], [ -75.103325584931852, 40.021698693280321 ], [ -75.103272890226833, 40.021584935241755 ], [ -75.103248907663499, 40.021525448617169 ], [ -75.103147946252335, 40.021283695457768 ], [ -75.103113505452683, 40.021166175491004 ], [ -75.103114603470559, 40.021098257522297 ], [ -75.103142363225615, 40.021040738433541 ], [ -75.103149453453, 40.021025081531818 ], [ -75.103169111983718, 40.021004426169711 ], [ -75.10324294866426, 40.020945832779482 ], [ -75.103331373879115, 40.020917226777776 ], [ -75.103360307590151, 40.020893432422874 ], [ -75.103411273087744, 40.02080563551494 ], [ -75.103429247727107, 40.020677608482615 ], [ -75.103490175061751, 40.020522857443389 ], [ -75.103574799087099, 40.020325651628752 ], [ -75.103598215569349, 40.02019441256958 ], [ -75.103628387394579, 40.020064935734922 ], [ -75.10368302805351, 40.019588531447376 ], [ -75.103731038108094, 40.019508089921274 ], [ -75.103795278885713, 40.019450680686695 ], [ -75.103869080573176, 40.01942031368511 ], [ -75.10398530970599, 40.019395582662661 ], [ -75.104252365233265, 40.019354112184132 ], [ -75.104452671405994, 40.019344941513417 ], [ -75.104539037701798, 40.019348589215802 ], [ -75.104871737811138, 40.019369812456993 ], [ -75.105149824889679, 40.019359053421866 ], [ -75.105187784888784, 40.019351702240542 ], [ -75.10526185510453, 40.019324800509388 ], [ -75.1053430025149, 40.019281353892509 ], [ -75.105454071938226, 40.019229764435188 ], [ -75.105490020849714, 40.019207552970087 ] ] ] } },
{ "type": "Feature", "properties": { "district": 7.0, "complaints": 0, "population": 96822.0, "cat_departmental_violations": 0, "cat_lack_of_service": 0, "cat_other": 0, "cat_physical_abuse": 0, "cat_unprofessional_conduct": 0, "cat_verbal_abuse": 0, "race_black": 0, "race_latino": 0, "race_other": 0, "race_unknown": 0, "race_white": 0, "per_50k": 0.0 }, "geometry": { "type": "Polygon", "coordinates": [ [ [ -74.980123181842643, 40.119872689527156 ], [ -74.980158469421312, 40.119851030865377 ], [ -74.980213881416162, 40.119812050951012 ], [ -74.981212618423925, 40.119109492059081 ], [ -74.982206798488178, 40.118401003402269 ], [ -74.98324394259545, 40.117638268125617 ], [ -74.983616680676832, 40.117308270476265 ], [ -74.984705689532746, 40.1164891699149 ], [ -74.987924346953818, 40.114253217110921 ], [ -74.989681458751534, 40.113070062606326 ], [ -74.990062016722007, 40.11279303716416 ], [ -74.990866355484982, 40.112231191289659 ], [ -74.992425611709066, 40.111152503887567 ], [ -74.993085534781713, 40.110695954177856 ], [ -74.996798831824066, 40.108126832809724 ], [ -74.996832633661569, 40.108103445121984 ], [ -74.996943105933809, 40.10802751966127 ], [ -74.996959717641218, 40.108016285623201 ], [ -74.999047399919618, 40.106604453860932 ], [ -74.999836390909991, 40.106060250293858 ], [ -75.000506781641022, 40.105597837466476 ], [ -75.001648063974642, 40.104810600228838 ], [ -75.002242763613026, 40.104404088496587 ], [ -75.00313570404154, 40.103793701470998 ], [ -75.003981037076741, 40.10320556406824 ], [ -75.004458480764825, 40.10287337501768 ], [ -75.00528213494897, 40.102300294654995 ], [ -75.00624115451626, 40.10164479469281 ], [ -75.007945112266128, 40.100470122239635 ], [ -75.009407477607922, 40.099470912689384 ], [ -75.009488281706865, 40.0994159993446 ], [ -75.011700020217134, 40.09789783125958 ], [ -75.012155739025843, 40.097577781321121 ], [ -75.012758716572023, 40.097145873808778 ], [ -75.013347366591717, 40.096678990998292 ], [ -75.013902994709568, 40.09622347374323 ], [ -75.01472830726091, 40.095394537165724 ], [ -75.014950282214215, 40.095181024197181 ], [ -75.015255961153969, 40.094859234501129 ], [ -75.015369645144702, 40.094743572626086 ], [ -75.017063579017886, 40.092994050365512 ], [ -75.018035256317773, 40.091990433689496 ], [ -75.018869364155222, 40.091128879302858 ], [ -75.019747001945277, 40.090216434474264 ], [ -75.020949092961828, 40.088985473809046 ], [ -75.021333460349027, 40.08857047432604 ], [ -75.022874460837684, 40.086992838037474 ], [ -75.025064468338101, 40.084716332755434 ], [ -75.025727732716632, 40.084032453253066 ], [ -75.026315413348172, 40.08342649077003 ], [ -75.026835775469891, 40.082889930825893 ], [ -75.028777216965281, 40.080873874189876 ], [ -75.029054888377075, 40.080587068248136 ], [ -75.030410951680594, 40.079186355475144 ], [ -75.032828596495463, 40.076673629646592 ], [ -75.033394240585196, 40.07610213296747 ], [ -75.034197898787568, 40.075259180839531 ], [ -75.034832747801389, 40.074593275369438 ], [ -75.034952546349388, 40.074467614032997 ], [ -75.03604705441424, 40.07333652416532 ], [ -75.036192162411822, 40.073206264798273 ], [ -75.037363302107323, 40.071960539194798 ], [ -75.037597446905011, 40.071721865145399 ], [ -75.038002858056075, 40.071308604842123 ], [ -75.03813568441069, 40.071173204790824 ], [ -75.038992542615048, 40.070290499183152 ], [ -75.039191401415351, 40.07004233506575 ], [ -75.039575813115462, 40.069573787689308 ], [ -75.03990728602443, 40.069057166638558 ], [ -75.040110061666311, 40.068710760053065 ], [ -75.040578542663482, 40.067661494863124 ], [ -75.040927029315398, 40.066884274255777 ], [ -75.041978572655253, 40.064538939100949 ], [ -75.042452631016857, 40.063481551526536 ], [ -75.04282027130867, 40.062631049872927 ], [ -75.043382036544074, 40.061351291173274 ], [ -75.044203254282579, 40.059486119774625 ], [ -75.04424018631407, 40.059412445728434 ], [ -75.044483720937407, 40.059101073607863 ], [ -75.044817751153275, 40.058673998008111 ], [ -75.044967182793428, 40.058512694640648 ], [ -75.045956240052348, 40.05760527910742 ], [ -75.046480871686882, 40.057140559050623 ], [ -75.046858692007035, 40.056747028187957 ], [ -75.047189013115485, 40.056927607216352 ], [ -75.047393300467832, 40.0570397125325 ], [ -75.047405229419908, 40.057040678841638 ], [ -75.047807214324266, 40.057256781548702 ], [ -75.048148097898206, 40.057447530269698 ], [ -75.048554124043903, 40.057659675073197 ], [ -75.048566867454156, 40.057677529830862 ], [ -75.050584449063635, 40.058778660049235 ], [ -75.051684847505243, 40.059363917583568 ], [ -75.05276661494176, 40.059945103632828 ], [ -75.054186317197605, 40.060727069403882 ], [ -75.05614806659456, 40.061841487163591 ], [ -75.057699897522355, 40.062796902852 ], [ -75.059626595933295, 40.063983473001251 ], [ -75.061338343407016, 40.065065879298345 ], [ -75.062183222483981, 40.065612791368743 ], [ -75.062559380138509, 40.065846706420231 ], [ -75.063042555466993, 40.066152879703161 ], [ -75.064059933598017, 40.066778346947984 ], [ -75.065848526758487, 40.067840191543183 ], [ -75.067358276065562, 40.068736444718446 ], [ -75.069821381932982, 40.069945281964635 ], [ -75.070414118728479, 40.070229717550184 ], [ -75.071419036268907, 40.07072122869647 ], [ -75.072300597738973, 40.071150257964412 ], [ -75.073163254364658, 40.071575432098122 ], [ -75.074031886825793, 40.071992128319074 ], [ -75.075901956566469, 40.07289385476259 ], [ -75.077597407769076, 40.073927332218318 ], [ -75.07831422943913, 40.074367979286507 ], [ -75.079175349494719, 40.074866707072403 ], [ -75.07958304476108, 40.075100740735856 ], [ -75.080160967248702, 40.075464048494212 ], [ -75.080917979811986, 40.075899787013974 ], [ -75.08160646491244, 40.076337383768042 ], [ -75.082502975546632, 40.07657007779212 ], [ -75.083222965670814, 40.076728977142999 ], [ -75.083396130457345, 40.076768943908284 ], [ -75.085246584090953, 40.07716907935 ], [ -75.086125067100213, 40.077981770844112 ], [ -75.086450677954986, 40.078263928058909 ], [ -75.08694936221282, 40.078668517861153 ], [ -75.086949307109819, 40.078668576953703 ], [ -75.08687840178375, 40.078615096486914 ], [ -75.083417319709156, 40.081962526545439 ], [ -75.081190760928436, 40.084125922714293 ], [ -75.077803984579546, 40.085778687343058 ], [ -75.076286644219493, 40.087349918138578 ], [ -75.076212625712742, 40.087426568606617 ], [ -75.070710418070007, 40.093123405752245 ], [ -75.06945771496116, 40.09442025359764 ], [ -75.067176202914709, 40.096782001875781 ], [ -75.065671876990066, 40.098339108058063 ], [ -75.064935224720841, 40.099101576198457 ], [ -75.063746629304305, 40.100330709746942 ], [ -75.06141861533537, 40.10273796749189 ], [ -75.060317242852122, 40.103876759288909 ], [ -75.05922962392836, 40.105001276232194 ], [ -75.058427206395066, 40.105830880948588 ], [ -75.058292882917627, 40.10592488666321 ], [ -75.055341225924678, 40.107990510379658 ], [ -75.054274559210413, 40.108736936418985 ], [ -75.052974911005421, 40.109646356472396 ], [ -75.048543924544958, 40.112738554900773 ], [ -75.039045178707141, 40.119365801903598 ], [ -75.038339283376416, 40.119879209787904 ], [ -75.037910301869047, 40.12017663090969 ], [ -75.025788570531034, 40.128579028576851 ], [ -75.025356972817306, 40.128898473144538 ], [ -75.024894473099579, 40.129225825068659 ], [ -75.020573869213209, 40.132283692378749 ], [ -75.017952383382294, 40.134857408022924 ], [ -75.014967275379888, 40.137934824905159 ], [ -75.014562257398765, 40.137688748306928 ], [ -75.014014694400274, 40.137356067374746 ], [ -75.013870020737244, 40.137267457532012 ], [ -75.012235531824089, 40.136266381728014 ], [ -75.011460922757635, 40.13579193513619 ], [ -75.010623786764157, 40.135279176793539 ], [ -75.01042934497579, 40.135160075675849 ], [ -75.009464786250405, 40.134579225340673 ], [ -75.009095411222305, 40.134364280238579 ], [ -75.008337559368698, 40.13392326157215 ], [ -75.0069033704183, 40.133088656883807 ], [ -75.003271600538028, 40.130975932740185 ], [ -75.000953310583768, 40.129619367953474 ], [ -74.99853627837868, 40.128206030907791 ], [ -74.997886645597077, 40.127826025706952 ], [ -74.997803492560138, 40.12791183513076 ], [ -74.997573786380414, 40.128127683333304 ], [ -74.997451245476, 40.128259270734254 ], [ -74.994196876167919, 40.131518233953685 ], [ -74.993848396291355, 40.131862748151974 ], [ -74.993772846734672, 40.131810406205375 ], [ -74.993674760378255, 40.131742458375605 ], [ -74.993509439367003, 40.13162385344976 ], [ -74.993432649787223, 40.131559615473876 ], [ -74.993356922025882, 40.131469279328755 ], [ -74.993212364295914, 40.131327952148489 ], [ -74.993102520096556, 40.131193268708202 ], [ -74.992998340708766, 40.131058720943017 ], [ -74.992923145148225, 40.130955331850522 ], [ -74.992842467616313, 40.130824248721517 ], [ -74.992781846353211, 40.130734275195593 ], [ -74.99275268555607, 40.13061458105436 ], [ -74.992745484688058, 40.130512831777338 ], [ -74.992773346379181, 40.130432232991083 ], [ -74.992815184090048, 40.130309889680511 ], [ -74.992865524800479, 40.130234180986371 ], [ -74.992942310934865, 40.130205548725037 ], [ -74.993048551529611, 40.130196488890505 ], [ -74.993105381617823, 40.130100626635347 ], [ -74.993114113004509, 40.130025372048152 ], [ -74.993102133337601, 40.129901738609398 ], [ -74.993135415108853, 40.129803860265099 ], [ -74.993187821033729, 40.129770281411389 ], [ -74.993279722978727, 40.129742010362015 ], [ -74.993390565816597, 40.12971274341303 ], [ -74.993482632731272, 40.129680124033875 ], [ -74.993525951305173, 40.129637631991592 ], [ -74.993504163965397, 40.129522466896191 ], [ -74.993450989128206, 40.129435573594293 ], [ -74.993418692932593, 40.129183754852704 ], [ -74.993423821444011, 40.12901118848368 ], [ -74.993507865888631, 40.128781017379218 ], [ -74.993661789364637, 40.128761486082247 ], [ -74.99369329424016, 40.128683883945477 ], [ -74.993784662562518, 40.128622224436455 ], [ -74.993813570719112, 40.128515528750391 ], [ -74.993796576828217, 40.128468688909273 ], [ -74.993661709450251, 40.128391444459169 ], [ -74.993688615800323, 40.128217949308087 ], [ -74.993669850902506, 40.128121725786968 ], [ -74.993753651109316, 40.127920571862411 ], [ -74.993895396506161, 40.127758542066964 ], [ -74.994006175719065, 40.127684282195077 ], [ -74.994101611987631, 40.127615466408926 ], [ -74.994238291014369, 40.127508450746951 ], [ -74.994408967144352, 40.127286166716274 ], [ -74.994474345618144, 40.127119396049878 ], [ -74.994528040554201, 40.126961059585405 ], [ -74.994545677301247, 40.12669011860195 ], [ -74.994482282093088, 40.126528967707117 ], [ -74.994427986481185, 40.12642318784718 ], [ -74.994351840720896, 40.126226905342939 ], [ -74.994277474880107, 40.126149668575032 ], [ -74.994154836967454, 40.126097387785599 ], [ -74.993925906016557, 40.126055625008838 ], [ -74.993482682385107, 40.126007274052355 ], [ -74.993148696587596, 40.125945574118418 ], [ -74.992877746577264, 40.125914407630425 ], [ -74.992637489423558, 40.125918811441807 ], [ -74.992365306811138, 40.125941309359511 ], [ -74.99204555416236, 40.125994588683056 ], [ -74.991703722104845, 40.12607926400559 ], [ -74.991455381276538, 40.126142958701401 ], [ -74.991067865599078, 40.126212029281511 ], [ -74.990783579926784, 40.126276311856728 ], [ -74.990621755232993, 40.126304353875973 ], [ -74.990295511313704, 40.12623847925552 ], [ -74.990082810809582, 40.126239177875043 ], [ -74.989742394709836, 40.126242622709313 ], [ -74.989560912069237, 40.126242618912812 ], [ -74.989339427884005, 40.1262039271178 ], [ -74.989157416878868, 40.126170534632692 ], [ -74.989060334407299, 40.126117411095038 ], [ -74.989043452952515, 40.126021230947508 ], [ -74.989013781027893, 40.125914581541281 ], [ -74.988978551340509, 40.125804904480084 ], [ -74.98899283258541, 40.125732684747753 ], [ -74.989068319967799, 40.125643074270556 ], [ -74.989073862777929, 40.125576457501104 ], [ -74.989015091857908, 40.125487976854849 ], [ -74.988940083432709, 40.125426677963624 ], [ -74.988799033963119, 40.125315911831784 ], [ -74.988714589773849, 40.125161504657882 ], [ -74.988696113851034, 40.12510447518433 ], [ -74.988501787754629, 40.124700735488958 ], [ -74.98848427172679, 40.124574066930144 ], [ -74.988391383270894, 40.124278701622202 ], [ -74.988363246387877, 40.124180801233237 ], [ -74.988274778843603, 40.124078550607059 ], [ -74.988208916934354, 40.124024725289601 ], [ -74.988059082799197, 40.123967432525575 ], [ -74.987840544867012, 40.123949127377323 ], [ -74.987708120687159, 40.123905308713127 ], [ -74.987544244141915, 40.123798344741004 ], [ -74.987386800246469, 40.12367266678023 ], [ -74.987316280416422, 40.123594057908022 ], [ -74.987196426676931, 40.123520074748377 ], [ -74.987046586872054, 40.123486000890487 ], [ -74.986845766121419, 40.123334608858549 ], [ -74.986671029768601, 40.123169335207542 ], [ -74.986548584296898, 40.123066257682829 ], [ -74.986492643617538, 40.12304750485869 ], [ -74.986426131237124, 40.123056061501799 ], [ -74.986244884521156, 40.123143127747646 ], [ -74.986037971214813, 40.123257149398242 ], [ -74.985921173273255, 40.123339962174747 ], [ -74.985675902571089, 40.123490788813726 ], [ -74.985529176835257, 40.123612060088199 ], [ -74.985134342869642, 40.123837655774295 ], [ -74.985000015655856, 40.123909890326168 ], [ -74.984866465631725, 40.123940054699972 ], [ -74.984699985979717, 40.123943305250641 ], [ -74.984554040612792, 40.123906420357038 ], [ -74.984456193764117, 40.123848922238004 ], [ -74.984387742492501, 40.12376600909748 ], [ -74.984359493354745, 40.123671005408546 ], [ -74.984307500918121, 40.12360155346343 ], [ -74.984214324325805, 40.123568838586067 ], [ -74.984080116307581, 40.123568512210184 ], [ -74.983976607399228, 40.123603750212347 ], [ -74.983678344834757, 40.123616895857651 ], [ -74.983545078912115, 40.123639811059938 ], [ -74.983439674463639, 40.123628571119681 ], [ -74.983138551110841, 40.123457341831603 ], [ -74.982907226635078, 40.123335682817896 ], [ -74.98282065141332, 40.123279905179956 ], [ -74.982682926373712, 40.123157605459383 ], [ -74.982612537522726, 40.123029653482121 ], [ -74.982586581570089, 40.12292455036647 ], [ -74.982586068045265, 40.122798289773364 ], [ -74.982603372088505, 40.12274501171602 ], [ -74.982739122284457, 40.122545114345456 ], [ -74.982757847911174, 40.122457044310217 ], [ -74.982723985389057, 40.122360455252142 ], [ -74.982635061874134, 40.122223353862225 ], [ -74.982506975865846, 40.121957619080881 ], [ -74.982448506227485, 40.12190832034188 ], [ -74.982327351890135, 40.12191265813798 ], [ -74.982259483738346, 40.121908123292698 ], [ -74.982191977602838, 40.121848451922688 ], [ -74.982194819381988, 40.121778867069047 ], [ -74.982253024667017, 40.121696099450389 ], [ -74.982379859594474, 40.121529364300457 ], [ -74.982389726262227, 40.121426573955056 ], [ -74.982413531284166, 40.121306701466878 ], [ -74.982456087281292, 40.121236621677035 ], [ -74.982601611444437, 40.1211907814806 ], [ -74.982771169041996, 40.121158584883055 ], [ -74.982932280650786, 40.121101513647218 ], [ -74.983003818836892, 40.121016165069122 ], [ -74.983069094703026, 40.120898740134741 ], [ -74.983082380855876, 40.120804737219089 ], [ -74.983079274523845, 40.120649390036149 ], [ -74.983034857470145, 40.120464017441357 ], [ -74.982984420559148, 40.120356873718691 ], [ -74.98292287346716, 40.120290092560737 ], [ -74.982789223877361, 40.120230280622103 ], [ -74.982715759626217, 40.120177719723578 ], [ -74.982674755101598, 40.120117235625706 ], [ -74.982619644204263, 40.120054961322886 ], [ -74.982516142297285, 40.119997325273189 ], [ -74.982372508697139, 40.119950337996748 ], [ -74.982165679346437, 40.119923589305579 ], [ -74.981982562539542, 40.119917731852738 ], [ -74.981834732422158, 40.119927237904633 ], [ -74.981698827417105, 40.119968948391538 ], [ -74.981588581662891, 40.120030143866209 ], [ -74.981508730028139, 40.120087718833474 ], [ -74.981359658290913, 40.12015088078909 ], [ -74.981205336370138, 40.120180540671129 ], [ -74.981053790288399, 40.120188506449416 ], [ -74.980870980696778, 40.120175400158303 ], [ -74.980726637249248, 40.120145802308826 ], [ -74.98041347075781, 40.120084565764998 ], [ -74.98029256132557, 40.120013451970664 ], [ -74.980123181842643, 40.119872689527156 ] ] ] } },
{ "type": "Feature", "properties": { "district": 22.0, "complaints": 0, "population": 77868.0, "cat_departmental_violations": 0, "cat_lack_of_service": 0, "cat_other": 0, "cat_physical_abuse": 0, "cat_unprofessional_conduct": 0, "cat_verbal_abuse": 0, "race_black": 0, "race_latino": 0, "race_other": 0, "race_unknown": 0, "race_white": 0, "per_50k": 0.0 }, "geometry": { "type": "Polygon", "coordinates": [ [ [ -75.153021001708368, 39.968558358606366 ], [ -75.153185297606953, 39.968599391847718 ], [ -75.153243610313766, 39.968613959239612 ], [ -75.154157276234571, 39.968842195353865 ], [ -75.154551406566625, 39.968940648123088 ], [ -75.155330667641422, 39.969132801278427 ], [ -75.156087019781282, 39.969319299860146 ], [ -75.157185225366021, 39.96958965462354 ], [ -75.157622337360905, 39.969697258129742 ], [ -75.158908251887922, 39.970015222608396 ], [ -75.159705062498418, 39.970211180074415 ], [ -75.15985518834367, 39.970229697956221 ], [ -75.160562493284345, 39.970328957241854 ], [ -75.161406309795453, 39.970437700765885 ], [ -75.161747256226846, 39.970479774629517 ], [ -75.162251222204944, 39.970541964865603 ], [ -75.16298304020151, 39.970632269691798 ], [ -75.164556934155669, 39.970826012207723 ], [ -75.165313103015066, 39.970919512306182 ], [ -75.165988577422581, 39.970998911181319 ], [ -75.16673470832265, 39.971093695790394 ], [ -75.16681444158182, 39.971105691173975 ], [ -75.167705719738166, 39.971221012048829 ], [ -75.168479219776799, 39.971318741062042 ], [ -75.168895360641883, 39.971363970927833 ], [ -75.169276229178465, 39.971415560939768 ], [ -75.170553739822253, 39.971579280136709 ], [ -75.171319808454911, 39.971659617010104 ], [ -75.171994765504422, 39.971742839341822 ], [ -75.172661195844455, 39.971832586809072 ], [ -75.17295559489942, 39.971864245259383 ], [ -75.173624605489934, 39.971943822130712 ], [ -75.1743692891922, 39.972044139254741 ], [ -75.17494639686663, 39.972111302740949 ], [ -75.175370252033815, 39.972166039055757 ], [ -75.17594999231693, 39.972241439513006 ], [ -75.176544662453125, 39.972319812710474 ], [ -75.177030643625542, 39.972383598314757 ], [ -75.177540508054093, 39.972446625210168 ], [ -75.177864721702335, 39.972489099150344 ], [ -75.178110195928866, 39.972518642958917 ], [ -75.178579482972197, 39.972582755966776 ], [ -75.179144762977273, 39.972651824360135 ], [ -75.1794913630346, 39.972691467770382 ], [ -75.179941778847621, 39.972751133005055 ], [ -75.180323485715633, 39.972796833782986 ], [ -75.180731517959373, 39.972850333503331 ], [ -75.181438666363022, 39.972930820124645 ], [ -75.18215044302913, 39.973018777990077 ], [ -75.182920210559942, 39.97311893275522 ], [ -75.183308276018579, 39.973169422184 ], [ -75.18377245176832, 39.973229812500477 ], [ -75.184850793699511, 39.973359195132325 ], [ -75.185396552930058, 39.973426366175836 ], [ -75.186991867770729, 39.973623850299916 ], [ -75.187674193701696, 39.974605659017172 ], [ -75.187752545378373, 39.974718395677677 ], [ -75.187890089750624, 39.974916306277201 ], [ -75.188216141607143, 39.975184400578861 ], [ -75.189246006292407, 39.975318914511135 ], [ -75.189699566263712, 39.975378151518598 ], [ -75.189963460040914, 39.975412617162846 ], [ -75.190625452493848, 39.97549565290025 ], [ -75.190997581465552, 39.975540188633133 ], [ -75.191336659027357, 39.975553861018902 ], [ -75.191819436904595, 39.975502184581657 ], [ -75.191962761976569, 39.97548684225351 ], [ -75.192169861389118, 39.975463578721509 ], [ -75.192986455576559, 39.975371844552463 ], [ -75.193029316052616, 39.975367029531867 ], [ -75.193076928388265, 39.975362602390398 ], [ -75.193138985728382, 39.975513191911155 ], [ -75.193294651350783, 39.975776758450607 ], [ -75.193298640139318, 39.975783512069405 ], [ -75.193586954957695, 39.976074599426688 ], [ -75.194342193156785, 39.97664474410572 ], [ -75.196191631405242, 39.977769262231895 ], [ -75.198954101023077, 39.978922891304599 ], [ -75.200083072013811, 39.979555378309378 ], [ -75.201584813045585, 39.980555968049529 ], [ -75.203978112273703, 39.982665474535786 ], [ -75.204251313321095, 39.983647341829887 ], [ -75.20435108263132, 39.985146062438588 ], [ -75.204091745443151, 39.985615900297447 ], [ -75.204045055314097, 39.985657610912469 ], [ -75.203869255770911, 39.985814660074752 ], [ -75.202058955736803, 39.987339868054562 ], [ -75.200528968106099, 39.988874967358257 ], [ -75.199113494955654, 39.990154854877815 ], [ -75.198639371338814, 39.990567254102558 ], [ -75.198181841930193, 39.991031735416328 ], [ -75.198181190387501, 39.991032396685107 ], [ -75.197039058428189, 39.992191849348877 ], [ -75.1969385216847, 39.992271280352099 ], [ -75.195952569628446, 39.993210811274011 ], [ -75.195952123685331, 39.99321123743826 ], [ -75.194214815882972, 39.99486666792022 ], [ -75.194214176764433, 39.994867277186344 ], [ -75.193948215150627, 39.9951921389208 ], [ -75.193786303417554, 39.995389905660019 ], [ -75.192890629440328, 39.996483896253288 ], [ -75.192215658445718, 39.99774142781532 ], [ -75.191720195095087, 39.999363554803246 ], [ -75.190423111433347, 39.999677449180965 ], [ -75.189579615234791, 39.99990488414079 ], [ -75.188817505461259, 40.000213600431216 ], [ -75.188562857308639, 40.000264301147908 ], [ -75.188450324561487, 40.000281079842637 ], [ -75.188290577292491, 40.00028235447077 ], [ -75.188115429906617, 40.0002795622324 ], [ -75.187745205692622, 40.000262215468751 ], [ -75.187513827145011, 40.000258868202735 ], [ -75.187343337231042, 40.000269596562532 ], [ -75.187198262300811, 40.000295427121053 ], [ -75.186951999746654, 40.000373499430488 ], [ -75.186863265295585, 40.000418490501268 ], [ -75.186955254362772, 40.000194140797504 ], [ -75.187034394420436, 39.999983044514515 ], [ -75.187558704418564, 39.998652781350927 ], [ -75.187591781060263, 39.998569527706117 ], [ -75.187607617986458, 39.998204846764551 ], [ -75.186548216475828, 39.998075346279073 ], [ -75.185031880719819, 39.99788714722893 ], [ -75.184398317366913, 39.997802793954264 ], [ -75.182343661451398, 39.997528501231535 ], [ -75.181793875897469, 39.997453514561833 ], [ -75.180191766715069, 39.997262607544066 ], [ -75.17920673418277, 39.997128054980699 ], [ -75.178578726166734, 39.997049088026991 ], [ -75.177990752255383, 39.996972217470308 ], [ -75.177504365783221, 39.996920217889915 ], [ -75.176951456577825, 39.996841780631989 ], [ -75.176718215497615, 39.996809794913119 ], [ -75.176000763818308, 39.99671140196579 ], [ -75.175541235498372, 39.996648379499717 ], [ -75.174420701447417, 39.996507518088244 ], [ -75.173951177372544, 39.996441615038123 ], [ -75.172357561605381, 39.996249861137485 ], [ -75.171791121413193, 39.996179543726022 ], [ -75.171328351152809, 39.996123222350171 ], [ -75.17077040710916, 39.996045293347841 ], [ -75.170203940088143, 39.995976964974759 ], [ -75.169734428813825, 39.99591353249231 ], [ -75.169178921929642, 39.995836385686957 ], [ -75.168608933014767, 39.995771414761506 ], [ -75.168141958943664, 39.995704207053102 ], [ -75.167570201403024, 39.995630653132274 ], [ -75.165966641775256, 39.995421630686579 ], [ -75.164097524275476, 39.995178103486282 ], [ -75.163542733677886, 39.995122309244678 ], [ -75.163196190246666, 39.995071267653145 ], [ -75.162545421497526, 39.994977342438396 ], [ -75.161860612811395, 39.994887039341613 ], [ -75.161352424924644, 39.994821345945653 ], [ -75.160948669150173, 39.994746204320933 ], [ -75.159920727497507, 39.994600837153968 ], [ -75.159369557893569, 39.99453445875659 ], [ -75.158809878545895, 39.99444023698554 ], [ -75.158361276697974, 39.994391895379039 ], [ -75.157793797115559, 39.99435203825999 ], [ -75.157250322261447, 39.994286754117908 ], [ -75.156789220989836, 39.994235024485945 ], [ -75.156230906770844, 39.994158296985383 ], [ -75.155491335017473, 39.994061945350666 ], [ -75.15544205804828, 39.99405552542941 ], [ -75.155311424158668, 39.994038504964053 ], [ -75.15505492640203, 39.99400508590044 ], [ -75.154823671697685, 39.993976319494713 ], [ -75.15459045531739, 39.993947636207807 ], [ -75.154533024913817, 39.99393901595672 ], [ -75.153296698910282, 39.993783058018749 ], [ -75.152392368681376, 39.993668144325952 ], [ -75.150816154318747, 39.993469479664206 ], [ -75.149240889007331, 39.99326215946131 ], [ -75.148473850606862, 39.993163334190776 ], [ -75.147888805387325, 39.993087952914742 ], [ -75.148083791579353, 39.992384378442708 ], [ -75.148310328601042, 39.991513182180853 ], [ -75.148380210081498, 39.99122572249356 ], [ -75.148347990320218, 39.991078043019428 ], [ -75.148308727852537, 39.990977672340449 ], [ -75.148154909135272, 39.990733600652561 ], [ -75.148211890266211, 39.990562250528626 ], [ -75.14834275250216, 39.989980022250677 ], [ -75.148547704005409, 39.989017329785973 ], [ -75.148665721726445, 39.988485723155051 ], [ -75.14878861014833, 39.987957702057649 ], [ -75.148878402420721, 39.987520605094822 ], [ -75.148997595246499, 39.986991914416876 ], [ -75.149113797887438, 39.986462037720642 ], [ -75.149201291408488, 39.986030263968239 ], [ -75.149344269056215, 39.985401506814561 ], [ -75.149435019237586, 39.984970504118039 ], [ -75.14950562625495, 39.98463831483145 ], [ -75.14968815092648, 39.983816781898909 ], [ -75.150015100201941, 39.982324272246885 ], [ -75.150340046347779, 39.980830446105301 ], [ -75.150663135082581, 39.979334804020858 ], [ -75.150878365821427, 39.978355144506992 ], [ -75.151004461214868, 39.977776632685291 ], [ -75.151137772428257, 39.977150921178442 ], [ -75.15130837960443, 39.976391580574038 ], [ -75.15161919953151, 39.974968669237938 ], [ -75.151918372778198, 39.973597895997244 ], [ -75.15202502342774, 39.973114355678256 ], [ -75.15219017647658, 39.972327675349177 ], [ -75.152452053175551, 39.971153222330528 ], [ -75.152576314581538, 39.970579769322029 ], [ -75.152693362414112, 39.970064021805854 ], [ -75.152785269495581, 39.969632478455758 ], [ -75.152908892601673, 39.969075206564604 ], [ -75.153021001708368, 39.968558358606366 ] ] ] } },
{ "type": "Feature", "properties": { "district": 26.0, "complaints": 0, "population": 56446.0, "cat_departmental_violations": 0, "cat_lack_of_service": 0, "cat_other": 0, "cat_physical_abuse": 0, "cat_unprofessional_conduct": 0, "cat_verbal_abuse": 0, "race_black": 0, "race_latino": 0, "race_other": 0, "race_unknown": 0, "race_white": 0, "per_50k": 0.0 }, "geometry": { "type": "Polygon", "coordinates": [ [ [ -75.108371777081203, 39.97022501939125 ], [ -75.112308151509865, 39.968580651273662 ], [ -75.11428897465008, 39.967753104054317 ], [ -75.119544228947788, 39.965558035003383 ], [ -75.124116759099621, 39.963050228794764 ], [ -75.128296612298413, 39.960711409305404 ], [ -75.13070569730921, 39.959087169046313 ], [ -75.135704305993599, 39.962056060341517 ], [ -75.136102567752374, 39.962327377812869 ], [ -75.136298283602358, 39.962460709247154 ], [ -75.136758682108265, 39.962775637526008 ], [ -75.137172602531393, 39.962828915684078 ], [ -75.1380846709704, 39.962945713144272 ], [ -75.138436891422458, 39.963092555378246 ], [ -75.139453044270212, 39.963561922607525 ], [ -75.139453109848475, 39.963561952932409 ], [ -75.139756664685635, 39.963700389881616 ], [ -75.139933734343259, 39.963785852666504 ], [ -75.140708187142977, 39.964147776916761 ], [ -75.141633159877202, 39.964581805427748 ], [ -75.142531432589706, 39.964994527448454 ], [ -75.143379290165385, 39.965388946789183 ], [ -75.144004310939962, 39.965679100580822 ], [ -75.144588099097064, 39.965953546807988 ], [ -75.144907840327605, 39.966104676690357 ], [ -75.145759595010404, 39.966501997299503 ], [ -75.145893084747229, 39.966556232123381 ], [ -75.146506547084712, 39.966850892983743 ], [ -75.147149610813088, 39.967135916971806 ], [ -75.147912265285328, 39.967334387053747 ], [ -75.14869200842115, 39.967525746501899 ], [ -75.149560271283761, 39.967741632279456 ], [ -75.15051741422495, 39.967980444882848 ], [ -75.15097532470574, 39.968087034363222 ], [ -75.151502976909953, 39.968191864039753 ], [ -75.152002470365801, 39.968307248849982 ], [ -75.152099268479802, 39.968331113656653 ], [ -75.152543141012714, 39.96844054331337 ], [ -75.153021003188158, 39.968558350530664 ], [ -75.152908892601673, 39.969075206564604 ], [ -75.152785269495581, 39.969632478455758 ], [ -75.152693362414112, 39.970064021805854 ], [ -75.152576314581538, 39.970579769322029 ], [ -75.152452053175551, 39.971153222330528 ], [ -75.15219017647658, 39.972327675349177 ], [ -75.15202502342774, 39.973114355678256 ], [ -75.151918372778198, 39.973597895997244 ], [ -75.15161919953151, 39.974968669237938 ], [ -75.15130837960443, 39.976391580574038 ], [ -75.151137772428257, 39.977150921178442 ], [ -75.151004461214868, 39.977776632685291 ], [ -75.150878365821427, 39.978355144506992 ], [ -75.150663135082581, 39.979334804020858 ], [ -75.150340046347779, 39.980830446105301 ], [ -75.150015100201941, 39.982324272246885 ], [ -75.14968815092648, 39.983816781898909 ], [ -75.14950562625495, 39.98463831483145 ], [ -75.149435019237586, 39.984970504118039 ], [ -75.149344269056215, 39.985401506814561 ], [ -75.149201291408488, 39.986030263968239 ], [ -75.149113797887438, 39.986462037720642 ], [ -75.148997595246499, 39.986991914416876 ], [ -75.148878402420721, 39.987520605094822 ], [ -75.14878861014833, 39.987957702057649 ], [ -75.148665721726445, 39.988485723155051 ], [ -75.148547704005409, 39.989017329785973 ], [ -75.14834275250216, 39.989980022250677 ], [ -75.148211890266211, 39.990562250528626 ], [ -75.148154909135272, 39.990733600652561 ], [ -75.148308727852537, 39.990977672340449 ], [ -75.148347990320218, 39.991078043019428 ], [ -75.148380210081498, 39.99122572249356 ], [ -75.148310328601042, 39.991513182180853 ], [ -75.148083791579353, 39.992384378442708 ], [ -75.147888806695804, 39.993087949340335 ], [ -75.147828562089018, 39.993080171932789 ], [ -75.147760527400251, 39.993071385342759 ], [ -75.146884132907118, 39.992958194645894 ], [ -75.146091367097455, 39.992857674196124 ], [ -75.145604736646092, 39.992792750845418 ], [ -75.145281485582842, 39.992748164080005 ], [ -75.144661330062021, 39.992666812900509 ], [ -75.144468782142539, 39.992642042254012 ], [ -75.1438322380084, 39.992559490999412 ], [ -75.143000857923738, 39.992458949839005 ], [ -75.142176007526146, 39.992352485276058 ], [ -75.141513843632794, 39.992264893318975 ], [ -75.140865657853411, 39.992183302498709 ], [ -75.140199767683583, 39.992096002018926 ], [ -75.139710756772089, 39.992037653361251 ], [ -75.139263155897751, 39.991978654189353 ], [ -75.138729337508295, 39.991909538480172 ], [ -75.137066657997096, 39.991699265258035 ], [ -75.136161721102823, 39.991574090157648 ], [ -75.135468141134751, 39.991488557847518 ], [ -75.134870906572445, 39.991417041505827 ], [ -75.134335631318436, 39.99133939783804 ], [ -75.133806249422165, 39.99126893018456 ], [ -75.13351398909893, 39.991231487476782 ], [ -75.13307294916504, 39.991175542719716 ], [ -75.132895437601348, 39.991153159540133 ], [ -75.132422292269169, 39.99109250759706 ], [ -75.131962122343353, 39.991039268644286 ], [ -75.131439887904932, 39.990969596330253 ], [ -75.130900661071507, 39.990899125710222 ], [ -75.128977178243787, 39.990649832210146 ], [ -75.128699233510119, 39.990613431154266 ], [ -75.12793835534184, 39.990513778164278 ], [ -75.127033282309412, 39.990395235398765 ], [ -75.125949953170277, 39.990239081265038 ], [ -75.125835141265824, 39.990158876157857 ], [ -75.125493541666444, 39.989845979695147 ], [ -75.125252462198958, 39.989626857689835 ], [ -75.124845126554618, 39.989256615610124 ], [ -75.124377448595993, 39.988831521924538 ], [ -75.123389746595308, 39.987925513788454 ], [ -75.122916279904857, 39.987471935800237 ], [ -75.122343310862362, 39.987040063962084 ], [ -75.122023985109735, 39.986707558119356 ], [ -75.120621430009123, 39.985171767417327 ], [ -75.120253821424512, 39.984764776575929 ], [ -75.119692611930788, 39.984121472263702 ], [ -75.11919212293499, 39.983558214917551 ], [ -75.119137628936883, 39.983494073893915 ], [ -75.118525176947088, 39.982834746020622 ], [ -75.117715208411042, 39.981901313474083 ], [ -75.11735690075858, 39.981490928930839 ], [ -75.116848916806561, 39.980929751886201 ], [ -75.116479821051286, 39.980515428008886 ], [ -75.116149673676034, 39.980120453443526 ], [ -75.115672093678398, 39.979594213060892 ], [ -75.115495498193184, 39.979403455733234 ], [ -75.115133173256538, 39.978989281662784 ], [ -75.114770972693705, 39.978577629380965 ], [ -75.114529377154071, 39.978312192478832 ], [ -75.11428403545753, 39.978025362306305 ], [ -75.113996190548306, 39.977704167550336 ], [ -75.113723076555942, 39.977388330063789 ], [ -75.113488651710981, 39.97712221213785 ], [ -75.113437340316906, 39.977058990946233 ], [ -75.113337100682955, 39.97693548744445 ], [ -75.113221502905787, 39.976793059802368 ], [ -75.108371777081203, 39.97022501939125 ] ] ] } },
{ "type": "Feature", "properties": { "district": 9.0, "complaints": 0, "population": 114720.0, "cat_departmental_violations": 0, "cat_lack_of_service": 0, "cat_other": 0, "cat_physical_abuse": 0, "cat_unprofessional_conduct": 0, "cat_verbal_abuse": 0, "race_black": 0, "race_latino": 0, "race_other": 0, "race_unknown": 0, "race_white": 0, "per_50k": 0.0 }, "geometry": { "type": "Polygon", "coordinates": [ [ [ -75.136382062869529, 39.941078538765673 ], [ -75.141450065301257, 39.941564505813666 ], [ -75.1416706035765, 39.941576061870208 ], [ -75.142014944352113, 39.941585165237171 ], [ -75.142577707561443, 39.941602552614114 ], [ -75.143986016561072, 39.941959778208016 ], [ -75.145256179605695, 39.942124724438663 ], [ -75.145451982572581, 39.942169384434699 ], [ -75.145645685181947, 39.942226705316045 ], [ -75.146357592093622, 39.942312607907851 ], [ -75.147384925826415, 39.942446147664008 ], [ -75.148416343752359, 39.942571557057249 ], [ -75.150281921170105, 39.942800207918488 ], [ -75.150540981951877, 39.942832058551147 ], [ -75.15096285565329, 39.942888107939147 ], [ -75.151333261171814, 39.942930341158792 ], [ -75.15212074401866, 39.943033866172229 ], [ -75.153696720987924, 39.943227640780492 ], [ -75.154576093455347, 39.943337743742326 ], [ -75.155270047686713, 39.943424389839464 ], [ -75.155827566472311, 39.943495283985563 ], [ -75.156843967631559, 39.943624521963258 ], [ -75.157048996620077, 39.94365148165474 ], [ -75.157720993246244, 39.943738884132408 ], [ -75.158417290932817, 39.943823730400716 ], [ -75.159987313457933, 39.944018329322617 ], [ -75.160397478819235, 39.944063407640108 ], [ -75.160773315972932, 39.944113979748444 ], [ -75.161557957218022, 39.944205499797285 ], [ -75.162351076636469, 39.944308210722021 ], [ -75.162689246833281, 39.944353761319988 ], [ -75.163139298239216, 39.94439778775844 ], [ -75.163315585581088, 39.944421108265168 ], [ -75.16362574209424, 39.944462136435725 ], [ -75.164157623377008, 39.944532492708973 ], [ -75.164526691384381, 39.944578874955567 ], [ -75.165183561633512, 39.944653120432662 ], [ -75.165203766612123, 39.944656404042071 ], [ -75.165343172804498, 39.944673666190972 ], [ -75.166273029375915, 39.944798230555428 ], [ -75.166973204154971, 39.944886361709244 ], [ -75.167290482836066, 39.94492530213909 ], [ -75.168129959119284, 39.945021902102852 ], [ -75.168538873337226, 39.9450650586937 ], [ -75.170107064950713, 39.945276640957474 ], [ -75.171696385002647, 39.945465782623366 ], [ -75.172732107626587, 39.945588138034829 ], [ -75.173515765049643, 39.945686112833485 ], [ -75.174039342630209, 39.945759213280439 ], [ -75.174841327104843, 39.945851633015891 ], [ -75.176750450671136, 39.946099133844662 ], [ -75.177547348457381, 39.946182871572333 ], [ -75.178345389409657, 39.946284455878008 ], [ -75.178954270298874, 39.946361639184325 ], [ -75.179511456537043, 39.946435845248061 ], [ -75.18053153602915, 39.946558459313032 ], [ -75.181642522667048, 39.946705523218867 ], [ -75.182873884854686, 39.946859047372591 ], [ -75.183074659200855, 39.946883190684318 ], [ -75.183441428649132, 39.946927294042418 ], [ -75.183459458859886, 39.946929461647528 ], [ -75.183460478484392, 39.946925060498906 ], [ -75.183470447702277, 39.946926298097004 ], [ -75.183515029593863, 39.946931831288737 ], [ -75.183746459989891, 39.946960557094783 ], [ -75.184026964317198, 39.94699537272146 ], [ -75.186433599344909, 39.947309346752505 ], [ -75.185416905190408, 39.947955133757802 ], [ -75.183310104230685, 39.949507668700392 ], [ -75.182404703787682, 39.950529135508965 ], [ -75.18183354511882, 39.951445989727105 ], [ -75.181726053677338, 39.951618538840492 ], [ -75.18142690310394, 39.952098735671804 ], [ -75.180473063340287, 39.954307644445997 ], [ -75.180341170499361, 39.954613069457153 ], [ -75.180328443659164, 39.954643143061851 ], [ -75.180215596859469, 39.954909781654806 ], [ -75.180151826121033, 39.955042166864452 ], [ -75.180021307001468, 39.95535846241004 ], [ -75.179931602333767, 39.955575846420103 ], [ -75.179755432920203, 39.956002760653881 ], [ -75.179626217303451, 39.956315883735023 ], [ -75.179561298259458, 39.956473201864128 ], [ -75.179514149026801, 39.956657638519907 ], [ -75.179407654008855, 39.957195147564647 ], [ -75.179366229048881, 39.957639397533882 ], [ -75.179344924683377, 39.958003645203952 ], [ -75.179362290189161, 39.958387765291 ], [ -75.179393969725368, 39.958543937486439 ], [ -75.179569703108896, 39.959093153658799 ], [ -75.179771615948596, 39.959608857207556 ], [ -75.179935045595826, 39.95994748563686 ], [ -75.180074396657616, 39.960236221532639 ], [ -75.180125857706074, 39.960342849353978 ], [ -75.180448525287858, 39.960804466446199 ], [ -75.180504924781928, 39.960898343641951 ], [ -75.180739931017243, 39.961307790352301 ], [ -75.181443417754849, 39.962038721305213 ], [ -75.182968702518366, 39.963730798987882 ], [ -75.183387949886452, 39.964292429212804 ], [ -75.183553739787101, 39.964514521063698 ], [ -75.184304404164962, 39.965393733131592 ], [ -75.185917393417256, 39.967126970086554 ], [ -75.185929638202325, 39.967140129055785 ], [ -75.185982168160464, 39.967196571742633 ], [ -75.186472107459252, 39.967723013502713 ], [ -75.186636972399597, 39.967883739086744 ], [ -75.187325506676245, 39.968279338631561 ], [ -75.187912685119343, 39.96848560867096 ], [ -75.188647527630096, 39.968743746234978 ], [ -75.189318146835205, 39.968887186269264 ], [ -75.189970216150584, 39.969223779282679 ], [ -75.190475403409081, 39.969538148447988 ], [ -75.190783794973356, 39.969848125316595 ], [ -75.19103850731284, 39.970275872384754 ], [ -75.1914843097138, 39.971635272653693 ], [ -75.19217821412029, 39.973496745643438 ], [ -75.192227967169828, 39.973669059581638 ], [ -75.192540601857175, 39.974367881545938 ], [ -75.193012207590968, 39.975205558131798 ], [ -75.193023470701775, 39.97523289157548 ], [ -75.193076928388265, 39.975362602390398 ], [ -75.193029316052616, 39.975367029531867 ], [ -75.192986455576559, 39.975371844552463 ], [ -75.192169861389118, 39.975463578721509 ], [ -75.191962761976569, 39.97548684225351 ], [ -75.191819436904595, 39.975502184581657 ], [ -75.191336659027357, 39.975553861018902 ], [ -75.190997581465552, 39.975540188633133 ], [ -75.190625452493848, 39.97549565290025 ], [ -75.189963460040914, 39.975412617162846 ], [ -75.189699566263712, 39.975378151518598 ], [ -75.189246006292407, 39.975318914511135 ], [ -75.188216141607143, 39.975184400578861 ], [ -75.187890089750624, 39.974916306277201 ], [ -75.187752545378373, 39.974718395677677 ], [ -75.187674193701696, 39.974605659017172 ], [ -75.186991867770729, 39.973623850299916 ], [ -75.185396552930058, 39.973426366175836 ], [ -75.184850793699511, 39.973359195132325 ], [ -75.18377245176832, 39.973229812500477 ], [ -75.183308276018579, 39.973169422184 ], [ -75.182920210559942, 39.97311893275522 ], [ -75.18215044302913, 39.973018777990077 ], [ -75.181438666363022, 39.972930820124645 ], [ -75.180731517959373, 39.972850333503331 ], [ -75.180323485715633, 39.972796833782986 ], [ -75.179941778847621, 39.972751133005055 ], [ -75.1794913630346, 39.972691467770382 ], [ -75.179144762977273, 39.972651824360135 ], [ -75.178579482972197, 39.972582755966776 ], [ -75.178110195928866, 39.972518642958917 ], [ -75.177864721702335, 39.972489099150344 ], [ -75.177540508054093, 39.972446625210168 ], [ -75.177030643625542, 39.972383598314757 ], [ -75.176544662453125, 39.972319812710474 ], [ -75.17594999231693, 39.972241439513006 ], [ -75.175370252033815, 39.972166039055757 ], [ -75.17494639686663, 39.972111302740949 ], [ -75.1743692891922, 39.972044139254741 ], [ -75.173624605489934, 39.971943822130712 ], [ -75.17295559489942, 39.971864245259383 ], [ -75.172661195844455, 39.971832586809072 ], [ -75.171994765504422, 39.971742839341822 ], [ -75.171319808454911, 39.971659617010104 ], [ -75.170553739822253, 39.971579280136709 ], [ -75.169276229178465, 39.971415560939768 ], [ -75.168895360641883, 39.971363970927833 ], [ -75.168479219776799, 39.971318741062042 ], [ -75.167705719738166, 39.971221012048829 ], [ -75.16681444158182, 39.971105691173975 ], [ -75.16673470832265, 39.971093695790394 ], [ -75.165988577422581, 39.970998911181319 ], [ -75.165313103015066, 39.970919512306182 ], [ -75.164556934155669, 39.970826012207723 ], [ -75.16298304020151, 39.970632269691798 ], [ -75.162251222204944, 39.970541964865603 ], [ -75.161747256226846, 39.970479774629517 ], [ -75.161406309795453, 39.970437700765885 ], [ -75.160562493284345, 39.970328957241854 ], [ -75.15985518834367, 39.970229697956221 ], [ -75.159705062498418, 39.970211180074415 ], [ -75.158908251887922, 39.970015222608396 ], [ -75.157622337360905, 39.969697258129742 ], [ -75.157185225366021, 39.96958965462354 ], [ -75.156087019781282, 39.969319299860146 ], [ -75.155330667641422, 39.969132801278427 ], [ -75.154551406566625, 39.968940648123088 ], [ -75.154157276234571, 39.968842195353865 ], [ -75.153243610313766, 39.968613959239612 ], [ -75.153185297606953, 39.968599391847718 ], [ -75.153021001708368, 39.968558358606366 ], [ -75.153017329194611, 39.968557444745556 ], [ -75.152543141012714, 39.96844054331337 ], [ -75.152099268479802, 39.968331113656653 ], [ -75.152002470365801, 39.968307248849982 ], [ -75.151502976909953, 39.968191864039753 ], [ -75.15097532470574, 39.968087034363222 ], [ -75.15051741422495, 39.967980444882848 ], [ -75.149560271283761, 39.967741632279456 ], [ -75.14869200842115, 39.967525746501899 ], [ -75.147912265285328, 39.967334387053747 ], [ -75.147149610813088, 39.967135916971806 ], [ -75.146506547084712, 39.966850892983743 ], [ -75.145893084747229, 39.966556232123381 ], [ -75.145759595010404, 39.966501997299503 ], [ -75.144907840327605, 39.966104676690357 ], [ -75.144588099097064, 39.965953546807988 ], [ -75.144004310939962, 39.965679100580822 ], [ -75.143379290165385, 39.965388946789183 ], [ -75.142531432589706, 39.964994527448454 ], [ -75.141633159877202, 39.964581805427748 ], [ -75.140708187142977, 39.964147776916761 ], [ -75.139933734343259, 39.963785852666504 ], [ -75.139756664685635, 39.963700389881616 ], [ -75.139453109848475, 39.963561952932409 ], [ -75.139453044270212, 39.963561922607525 ], [ -75.138436891422458, 39.963092555378246 ], [ -75.1380846709704, 39.962945713144272 ], [ -75.137172602531393, 39.962828915684078 ], [ -75.136758682108265, 39.962775637526008 ], [ -75.136298283602358, 39.962460709247154 ], [ -75.136102567752374, 39.962327377812869 ], [ -75.135704305993599, 39.962056060341517 ], [ -75.13070569730921, 39.959087169046313 ], [ -75.131518263935916, 39.958539315792457 ], [ -75.13225750093676, 39.958040879249189 ], [ -75.133700504538609, 39.954629997863307 ], [ -75.135240995211078, 39.950686943582696 ], [ -75.135958581729838, 39.946071984190183 ], [ -75.136270567275162, 39.943291227266165 ], [ -75.136310738384083, 39.942933101364375 ], [ -75.136373904019408, 39.941290738835043 ], [ -75.136382062869529, 39.941078538765673 ] ] ] } },
{ "type": "Feature", "properties": { "district": 12.0, "complaints": 0, "population": 71526.0, "cat_departmental_violations": 0, "cat_lack_of_service": 0, "cat_other": 0, "cat_physical_abuse": 0, "cat_unprofessional_conduct": 0, "cat_verbal_abuse": 0, "race_black": 0, "race_latino": 0, "race_other": 0, "race_unknown": 0, "race_white": 0, "per_50k": 0.0 }, "geometry": { "type": "Polygon", "coordinates": [ [ [ -75.220883979626478, 39.947846505070437 ], [ -75.220395023075639, 39.94744078275766 ], [ -75.219778977667417, 39.946928576888943 ], [ -75.219113479144625, 39.94636332560232 ], [ -75.218426415889255, 39.945795033623725 ], [ -75.218196706720747, 39.945594877212095 ], [ -75.217525507794221, 39.945021892159225 ], [ -75.217164402949479, 39.944727709751731 ], [ -75.216692426508203, 39.944311150661918 ], [ -75.216522118695309, 39.944180229957801 ], [ -75.215860138036348, 39.943618879048955 ], [ -75.215249466778644, 39.943096408122933 ], [ -75.214817682891578, 39.94273814803428 ], [ -75.214169660633161, 39.942183854570629 ], [ -75.213156548685774, 39.941326787624213 ], [ -75.212604183614104, 39.940859387416047 ], [ -75.21196753199942, 39.940315595568471 ], [ -75.211386888137682, 39.939844257576546 ], [ -75.210770682575742, 39.939311691696943 ], [ -75.210023458247747, 39.938657128059489 ], [ -75.209819726813123, 39.938620316899922 ], [ -75.209625181450889, 39.938572830128145 ], [ -75.209079544852599, 39.938345011566788 ], [ -75.208953493929727, 39.938292381734982 ], [ -75.206956841748806, 39.937458685225174 ], [ -75.206722976244365, 39.937361031231674 ], [ -75.205881852772606, 39.935031197408435 ], [ -75.205971510080943, 39.93492293126976 ], [ -75.208271111529214, 39.932519663580699 ], [ -75.209955591343345, 39.930555227750965 ], [ -75.209962497715409, 39.930527006329129 ], [ -75.209990207870717, 39.930494688415187 ], [ -75.211004297625394, 39.928684357245302 ], [ -75.211337681028112, 39.92808918704506 ], [ -75.211808545752589, 39.92724855444478 ], [ -75.211918142005175, 39.927052887563114 ], [ -75.212379047407026, 39.925904080640436 ], [ -75.212380809988758, 39.925899687614134 ], [ -75.212353997955304, 39.924380127422751 ], [ -75.212351143487524, 39.924218354116007 ], [ -75.21204310847169, 39.923283462611472 ], [ -75.21184058563712, 39.922776976355294 ], [ -75.211839262719721, 39.922775362208483 ], [ -75.211311142162472, 39.922130646105117 ], [ -75.211090911305917, 39.921914165819032 ], [ -75.210581510490158, 39.921574597811329 ], [ -75.210510829181302, 39.921537122056783 ], [ -75.21018314316396, 39.921337563125846 ], [ -75.209672003832878, 39.921116928065828 ], [ -75.209111772857369, 39.920978631233211 ], [ -75.208780306657729, 39.92092463341568 ], [ -75.208273974132055, 39.920893954401144 ], [ -75.208261381608864, 39.920893459922418 ], [ -75.208091627811427, 39.92089504340624 ], [ -75.2064244219237, 39.921003019873986 ], [ -75.20552511003207, 39.921061252409501 ], [ -75.20486920499954, 39.921090138249149 ], [ -75.204394651627851, 39.921111034439598 ], [ -75.204061355203706, 39.921092070122036 ], [ -75.203669055425749, 39.921015169984244 ], [ -75.203056195592552, 39.92088059672524 ], [ -75.203037003566564, 39.920876252849354 ], [ -75.202809582918036, 39.920775779123304 ], [ -75.202228589446719, 39.920391086421724 ], [ -75.20190310438521, 39.920039209134195 ], [ -75.201871659759789, 39.919964346760672 ], [ -75.201870491515749, 39.919961454699568 ], [ -75.201868756334363, 39.919957079597992 ], [ -75.201770282881938, 39.919708798570106 ], [ -75.201770163696509, 39.919708606710131 ], [ -75.201741263552549, 39.919635735302123 ], [ -75.201698739494844, 39.919528522001627 ], [ -75.201696378759294, 39.91920461112894 ], [ -75.201781032091006, 39.918752971280483 ], [ -75.201871968893073, 39.918588041303991 ], [ -75.20230065104235, 39.917810560610612 ], [ -75.20254061518429, 39.917346129736679 ], [ -75.20325222473042, 39.915968826290673 ], [ -75.20342796661167, 39.915628672833456 ], [ -75.204024515382656, 39.914547662228394 ], [ -75.204454007682244, 39.913769354618296 ], [ -75.204739953050606, 39.913258499154466 ], [ -75.204899908262163, 39.912972728425281 ], [ -75.205418975393869, 39.912261260411213 ], [ -75.206400109151147, 39.911133859589917 ], [ -75.206826976311874, 39.910903327166196 ], [ -75.207770711076947, 39.91058006095713 ], [ -75.209898509470932, 39.910530327936065 ], [ -75.212543910969188, 39.910670926734397 ], [ -75.213054936404419, 39.910585181957025 ], [ -75.213835977892927, 39.910454126150881 ], [ -75.214729711538851, 39.910077259998687 ], [ -75.215126112114945, 39.909640125849357 ], [ -75.215358712303427, 39.90927972494984 ], [ -75.215634178065628, 39.908368058990987 ], [ -75.21565977872325, 39.907012658740925 ], [ -75.215626911698664, 39.90604012604539 ], [ -75.215464311568709, 39.904899524578056 ], [ -75.215415726483997, 39.904642053183558 ], [ -75.215031111461741, 39.903108457827507 ], [ -75.214448110723879, 39.901087924858444 ], [ -75.21402851045103, 39.900430124704648 ], [ -75.213399910831583, 39.899696257564877 ], [ -75.212704421125608, 39.898815833808221 ], [ -75.212253768208114, 39.898287044752308 ], [ -75.211800832094227, 39.897843398445048 ], [ -75.211624537252334, 39.897670715901548 ], [ -75.210897560801641, 39.896958628233129 ], [ -75.210153909238912, 39.89627692367376 ], [ -75.207704707996911, 39.895157123409192 ], [ -75.205296773943047, 39.894614524723799 ], [ -75.202337108203096, 39.894194322565255 ], [ -75.200442972981506, 39.893954523294106 ], [ -75.198674930986741, 39.893474713989953 ], [ -75.19764649999118, 39.892992522992735 ], [ -75.197330577909085, 39.892764556757179 ], [ -75.197111242312999, 39.892606284992489 ], [ -75.197110688847289, 39.892605885231603 ], [ -75.196802800365887, 39.892383710576453 ], [ -75.195468551305538, 39.891136089187903 ], [ -75.195157132427028, 39.890048757270733 ], [ -75.194813916386536, 39.887119680337427 ], [ -75.194620032179316, 39.884577768256754 ], [ -75.193512971570954, 39.880114593191529 ], [ -75.192919814439804, 39.878381321756585 ], [ -75.193251515032017, 39.878192705148237 ], [ -75.1943078449208, 39.877592012891462 ], [ -75.197399869014035, 39.875285945164386 ], [ -75.204478312946321, 39.871465321311753 ], [ -75.211466538349583, 39.867013432097188 ], [ -75.216039784291709, 39.871124341715685 ], [ -75.21572890892277, 39.876027222562463 ], [ -75.215724552928094, 39.876096433087604 ], [ -75.215723922039828, 39.876113366979446 ], [ -75.215902021669706, 39.876068813869658 ], [ -75.216049461798605, 39.876033925095996 ], [ -75.216205769509656, 39.876000225123548 ], [ -75.216350484564259, 39.87596690742555 ], [ -75.216372957651885, 39.875961646026589 ], [ -75.216702345285782, 39.875885947270135 ], [ -75.216847533968149, 39.875852458325078 ], [ -75.217015519488186, 39.87581631242039 ], [ -75.217518245877883, 39.875754739579961 ], [ -75.217703135987463, 39.875729074620885 ], [ -75.217861567843755, 39.875710176865283 ], [ -75.218036001448084, 39.875692100996694 ], [ -75.218321062499058, 39.875687497373711 ], [ -75.218332025480407, 39.875687657598064 ], [ -75.218796293918487, 39.875681552877957 ], [ -75.218826829636313, 39.875681164221966 ], [ -75.21888736360583, 39.875682888806111 ], [ -75.218923164464329, 39.875678652022216 ], [ -75.21924273165753, 39.875600880282796 ], [ -75.21944605284834, 39.875553141435766 ], [ -75.219623540854627, 39.875511747852826 ], [ -75.219649796874549, 39.875500660594824 ], [ -75.219706505883423, 39.875485432651026 ], [ -75.219736913904569, 39.875482501013927 ], [ -75.219773210156205, 39.875488834635021 ], [ -75.220867033698269, 39.875579565559939 ], [ -75.221042661463173, 39.875595073758973 ], [ -75.221232587255059, 39.875611311685468 ], [ -75.22128248956723, 39.875615601588166 ], [ -75.22208552383897, 39.87568365191715 ], [ -75.222700836472654, 39.875739390639708 ], [ -75.222872205920396, 39.875760000865391 ], [ -75.223069131745731, 39.875783310687709 ], [ -75.223155227193715, 39.875793579562263 ], [ -75.223183564990961, 39.875796984941573 ], [ -75.223186374025289, 39.875809605018432 ], [ -75.223236848651879, 39.876043736380204 ], [ -75.223274101352999, 39.876216535238093 ], [ -75.223480407324189, 39.877286490098257 ], [ -75.225119622106064, 39.878479641165043 ], [ -75.225614920948857, 39.878705571367192 ], [ -75.226812647413297, 39.879354987142783 ], [ -75.227449556039033, 39.879674390947379 ], [ -75.227914673079553, 39.87973287257379 ], [ -75.228382134994888, 39.879859352669847 ], [ -75.229023052678599, 39.880141679427936 ], [ -75.229617723053281, 39.880452184876347 ], [ -75.229935896946785, 39.880722679068803 ], [ -75.230175473519054, 39.880999360256332 ], [ -75.230431501238797, 39.881326198936748 ], [ -75.230632687399009, 39.881598018359959 ], [ -75.230818515888373, 39.881848372300951 ], [ -75.230957618427468, 39.882153699402544 ], [ -75.231154215939213, 39.88250814742225 ], [ -75.231420310830671, 39.883007965757933 ], [ -75.231738821705335, 39.883754871395446 ], [ -75.23201326556628, 39.884380521964459 ], [ -75.232292308292102, 39.885009273117461 ], [ -75.232900432108764, 39.886497623549609 ], [ -75.233095874137604, 39.887137882685906 ], [ -75.233241377312879, 39.887397107063116 ], [ -75.233512294261246, 39.887897035582817 ], [ -75.23386935374667, 39.888473778760336 ], [ -75.234077579289519, 39.888894549984279 ], [ -75.234478674951944, 39.889648782723746 ], [ -75.234841066695139, 39.890275714192157 ], [ -75.235022272888017, 39.890700381970731 ], [ -75.235102470749737, 39.890966367889391 ], [ -75.235365335988632, 39.891646844644903 ], [ -75.235508349361908, 39.891821576970692 ], [ -75.236465671193699, 39.891462309204499 ], [ -75.236520426907788, 39.891441759972182 ], [ -75.236564652438673, 39.891414144838222 ], [ -75.236564778114698, 39.891414067405613 ], [ -75.23733592200665, 39.890932553082862 ], [ -75.237492764195878, 39.890836557571873 ], [ -75.237982895893495, 39.890536572078283 ], [ -75.23798596780199, 39.890534692355843 ], [ -75.238433789999306, 39.89017929091483 ], [ -75.238441904171069, 39.890172850916215 ], [ -75.238866964030692, 39.889716777343558 ], [ -75.238873620944545, 39.889709635047566 ], [ -75.23910484378429, 39.889446184571398 ], [ -75.239242751400468, 39.889289056624449 ], [ -75.239282859379301, 39.889248617432585 ], [ -75.239282907987501, 39.889248568041694 ], [ -75.239534560017447, 39.888994836439757 ], [ -75.239569497114275, 39.888962404556572 ], [ -75.239897066173924, 39.88865832696392 ], [ -75.240308666605287, 39.888244221143466 ], [ -75.240447705804073, 39.888108330558687 ], [ -75.240709411975331, 39.887852549815861 ], [ -75.240993351390102, 39.887524448594114 ], [ -75.241439115922248, 39.886946396882436 ], [ -75.241654751410849, 39.886599530626512 ], [ -75.241744663157021, 39.886454898590124 ], [ -75.241804136661457, 39.88635922800286 ], [ -75.242051340426372, 39.885988647640524 ], [ -75.242055180671926, 39.885982891434097 ], [ -75.242114764529262, 39.885856673110119 ], [ -75.242154855390069, 39.885771745133191 ], [ -75.242446628630844, 39.885230732388123 ], [ -75.242848063083358, 39.884235909729952 ], [ -75.243643857537933, 39.88235277308268 ], [ -75.243802542747815, 39.882000391577989 ], [ -75.244025260475894, 39.88150580437933 ], [ -75.244513628780325, 39.880586550338883 ], [ -75.244998020899317, 39.879977184431681 ], [ -75.245455424422161, 39.879493513621391 ], [ -75.245639862857459, 39.879339889649842 ], [ -75.245866206231199, 39.879151359445906 ], [ -75.246093395217599, 39.878962124703023 ], [ -75.246522328836775, 39.878644297115031 ], [ -75.24711672851619, 39.878284161294289 ], [ -75.247799189100206, 39.877960385888791 ], [ -75.24886941981876, 39.87749642433522 ], [ -75.249013753916088, 39.877448491925001 ], [ -75.249247519469876, 39.877364406312871 ], [ -75.249236335048153, 39.877350064406571 ], [ -75.24905963252715, 39.877120467118502 ], [ -75.24898633439696, 39.877025227236786 ], [ -75.248876304132594, 39.876881647414002 ], [ -75.248809166234395, 39.876792819078844 ], [ -75.248660998270623, 39.876600920680545 ], [ -75.248575954717566, 39.876492290358215 ], [ -75.248562960383609, 39.876475912271474 ], [ -75.252258925228375, 39.875946508270097 ], [ -75.262531633751678, 39.876570772828714 ], [ -75.264833709410695, 39.880655389060614 ], [ -75.265005105932758, 39.880990868425144 ], [ -75.26511407027462, 39.881664945363362 ], [ -75.264546715423364, 39.882121696809307 ], [ -75.264299606485622, 39.882250223948319 ], [ -75.263083436185667, 39.882363825655325 ], [ -75.262264545477649, 39.882579875564737 ], [ -75.261947263240387, 39.882896921708507 ], [ -75.261887215493104, 39.883076743719769 ], [ -75.261966492417642, 39.88324822102313 ], [ -75.262434223770342, 39.883642322793619 ], [ -75.264136002827726, 39.884141807549078 ], [ -75.264445764374628, 39.884322948458738 ], [ -75.264639886755674, 39.884741794839847 ], [ -75.264229028509703, 39.885010262055687 ], [ -75.263154875708906, 39.885308675181236 ], [ -75.262731190390156, 39.885562092593922 ], [ -75.262618623727462, 39.885813034419847 ], [ -75.262684518723731, 39.886033991264952 ], [ -75.262805420482664, 39.886091115946343 ], [ -75.263685474576434, 39.886153323988239 ], [ -75.26398313127055, 39.886104937997665 ], [ -75.264285318262338, 39.886201041801158 ], [ -75.26480014125346, 39.88645345613461 ], [ -75.264853178187934, 39.88654511041743 ], [ -75.264935748742431, 39.886681814745451 ], [ -75.265039375660919, 39.886841464212608 ], [ -75.265106951667931, 39.886989089407948 ], [ -75.26513705196821, 39.887164001128873 ], [ -75.265130690024009, 39.887338133098098 ], [ -75.265097573453275, 39.887545408044751 ], [ -75.264980194701039, 39.887762101208423 ], [ -75.264879247578307, 39.887928550201281 ], [ -75.264727468063683, 39.888088283682336 ], [ -75.264598387661977, 39.888226020578955 ], [ -75.264448238706919, 39.888340812673555 ], [ -75.264262869961129, 39.888421115840991 ], [ -75.263998114910592, 39.888477208115589 ], [ -75.263727505615705, 39.888493817637588 ], [ -75.263378126052416, 39.888469380376677 ], [ -75.262978532857602, 39.888421354747848 ], [ -75.262681423678842, 39.888364316606463 ], [ -75.262474803332353, 39.888427289212267 ], [ -75.262294874360094, 39.888558297814363 ], [ -75.262201622680578, 39.88871367632845 ], [ -75.262135474779441, 39.88892584768206 ], [ -75.262097686200732, 39.889161131397387 ], [ -75.262082585494412, 39.889374419835981 ], [ -75.262089504342882, 39.889683745091439 ], [ -75.26210295769296, 39.889914518964311 ], [ -75.262124936837338, 39.890111744897652 ], [ -75.262111274526731, 39.890285709392899 ], [ -75.262104082562104, 39.890482311118532 ], [ -75.262037533303683, 39.890705718081172 ], [ -75.261883876340576, 39.891315118580273 ], [ -75.261856653635377, 39.891460686855822 ], [ -75.26179195178301, 39.891633551425102 ], [ -75.261735159385964, 39.891789713064462 ], [ -75.261607082801731, 39.891899366835808 ], [ -75.261506584140804, 39.891953398455925 ], [ -75.261315142659626, 39.891999831381469 ], [ -75.261100187980446, 39.892090731655614 ], [ -75.260731683527652, 39.892189533016307 ], [ -75.260143383120209, 39.89231166864063 ], [ -75.259930689312313, 39.892340781016614 ], [ -75.259747361379951, 39.89236489985489 ], [ -75.259542977085445, 39.892366081198723 ], [ -75.259351531900975, 39.892412511720089 ], [ -75.259109254188445, 39.892452224058843 ], [ -75.258960127213271, 39.892538919811294 ], [ -75.258779770195218, 39.892681158321544 ], [ -75.25857044512982, 39.892817145614828 ], [ -75.258388851945597, 39.892993081608722 ], [ -75.258214344734569, 39.893174800767277 ], [ -75.258024632078431, 39.89337304840592 ], [ -75.257831067092752, 39.893576834167334 ], [ -75.257671760974802, 39.893742008449344 ], [ -75.257435405508275, 39.894017942395266 ], [ -75.256912276799241, 39.894551844893108 ], [ -75.256744847954678, 39.894739330916238 ], [ -75.256667397305662, 39.894861316029996 ], [ -75.256664308169903, 39.894945571577971 ], [ -75.256711847787116, 39.89504217459951 ], [ -75.256793588796668, 39.895201346571646 ], [ -75.256969925541199, 39.895368207181491 ], [ -75.257126647071146, 39.895472806867204 ], [ -75.257276282065362, 39.895571621028033 ], [ -75.2573914622009, 39.895714662223789 ], [ -75.257364435234763, 39.895854610856738 ], [ -75.25727866152215, 39.896004526267596 ], [ -75.257148933554504, 39.896159098861865 ], [ -75.256936918695558, 39.896368104261114 ], [ -75.256764045420056, 39.896504881406919 ], [ -75.256452076923765, 39.896852247279227 ], [ -75.256238421713974, 39.897106184207864 ], [ -75.256092647389792, 39.897299761843982 ], [ -75.255983958474985, 39.897477289604645 ], [ -75.25580675536591, 39.897732018029608 ], [ -75.255619845523867, 39.897952810916046 ], [ -75.255508889369992, 39.898192114887927 ], [ -75.255332299679992, 39.898429990369628 ], [ -75.255227522512882, 39.898500789324324 ], [ -75.255158387459744, 39.898594852663486 ], [ -75.255097578685366, 39.898660986292022 ], [ -75.25509407518345, 39.898756478083712 ], [ -75.255119321379766, 39.898863830973482 ], [ -75.255168729321284, 39.898909875668188 ], [ -75.255236295961097, 39.89905750487263 ], [ -75.25534156731625, 39.899172231447309 ], [ -75.255489147481882, 39.899327214077296 ], [ -75.255621947353191, 39.899487507865061 ], [ -75.255667706557205, 39.899526498363251 ], [ -75.255519737341018, 39.899678347847022 ], [ -75.25552211869622, 39.899681354916808 ], [ -75.253714223298871, 39.901667763217937 ], [ -75.2512909558681, 39.904412685915901 ], [ -75.253491957784149, 39.905597349563308 ], [ -75.252478153389021, 39.906637349101409 ], [ -75.252395992163386, 39.906640829919688 ], [ -75.252154071616246, 39.906669283151238 ], [ -75.251992584140496, 39.906693875369861 ], [ -75.251756915123849, 39.906750574919769 ], [ -75.251630249730837, 39.906820893951561 ], [ -75.251499305864257, 39.90690798616081 ], [ -75.251304719066255, 39.907038659567796 ], [ -75.251058461477626, 39.90718506480146 ], [ -75.250871993149644, 39.907293434737269 ], [ -75.250715735079055, 39.907374343953713 ], [ -75.250446558524558, 39.907548367318086 ], [ -75.250319259310743, 39.907635529599176 ], [ -75.25027240611071, 39.907718830897245 ], [ -75.250224921426565, 39.907818986775737 ], [ -75.250206408718455, 39.9079253866594 ], [ -75.250186450161564, 39.908071110331896 ], [ -75.250200073266996, 39.908296268788675 ], [ -75.25019408454996, 39.908459154632737 ], [ -75.250167862387798, 39.908576639794866 ], [ -75.250118323811577, 39.90873295472273 ], [ -75.250046694124421, 39.90889441820763 ], [ -75.250004438912896, 39.909050900028781 ], [ -75.249934667680691, 39.909161805185946 ], [ -75.249893649125127, 39.90928458081062 ], [ -75.249919729819794, 39.909369473383592 ], [ -75.249993371188538, 39.909448915955288 ], [ -75.25003615837015, 39.909478815875083 ], [ -75.250151404987776, 39.909520684228653 ], [ -75.250281666343781, 39.909551626460498 ], [ -75.250471306392612, 39.90955576212729 ], [ -75.25065241273461, 39.90959344276073 ], [ -75.25088353988302, 39.909660317233936 ], [ -75.251106958639809, 39.909738266685295 ], [ -75.251228480848397, 39.909808372641464 ], [ -75.251298526898054, 39.909888600920297 ], [ -75.251286485413587, 39.910017631638077 ], [ -75.251237980400205, 39.91014586581754 ], [ -75.251123407578433, 39.910283906128512 ], [ -75.251001953613411, 39.910410551069191 ], [ -75.250872183568774, 39.910565125547016 ], [ -75.2507215491149, 39.910691135016613 ], [ -75.250615302954273, 39.910801245444702 ], [ -75.250538028403895, 39.91091760779215 ], [ -75.250400962561685, 39.911072023622587 ], [ -75.250194591980161, 39.911224927282383 ], [ -75.249928290874578, 39.911320301842458 ], [ -75.249750343849769, 39.911395123824249 ], [ -75.249520104181173, 39.911502528267846 ], [ -75.249334860131142, 39.911577189575283 ], [ -75.249163781820386, 39.911663403972213 ], [ -75.248984593475228, 39.911771921857934 ], [ -75.248856675885335, 39.911875943915831 ], [ -75.248764394885697, 39.912003223063998 ], [ -75.248722132751837, 39.912159696254371 ], [ -75.248686972516907, 39.912321954675832 ], [ -75.248599297892611, 39.912522413679838 ], [ -75.248559102828153, 39.912622718122769 ], [ -75.248510992113992, 39.912739726330855 ], [ -75.248433712896244, 39.912856088183787 ], [ -75.248379145238005, 39.912950465793728 ], [ -75.248296017425659, 39.91302734461015 ], [ -75.248213302500858, 39.913092997907768 ], [ -75.248056808049824, 39.913179528998953 ], [ -75.247833441304593, 39.913298324611553 ], [ -75.247603386913866, 39.913400116272399 ], [ -75.247402109771912, 39.913513771013875 ], [ -75.247202268706161, 39.913588111323151 ], [ -75.247118311535473, 39.913687460000787 ], [ -75.247070818071549, 39.913787613667004 ], [ -75.24706606191485, 39.913916803169961 ], [ -75.247119460709513, 39.914052884416193 ], [ -75.247224523485556, 39.914173225048508 ], [ -75.247335735827093, 39.914307694025808 ], [ -75.247488084598174, 39.914542087949592 ], [ -75.247496672379455, 39.914558628405949 ], [ -75.247554496743859, 39.91459136217464 ], [ -75.247634242292264, 39.914645549459422 ], [ -75.247708282671269, 39.914731083834873 ], [ -75.247717647835472, 39.914846670210792 ], [ -75.24765656146495, 39.914964222945095 ], [ -75.247556659179821, 39.91508791115028 ], [ -75.247488125072934, 39.915222781404665 ], [ -75.247349594923364, 39.91540856965694 ], [ -75.247190060347677, 39.915641102249666 ], [ -75.24713888102697, 39.91573613986337 ], [ -75.247059390675759, 39.915860281368261 ], [ -75.246990645027026, 39.915939195106716 ], [ -75.24692202636048, 39.916014623837114 ], [ -75.246844078947873, 39.916096840567917 ], [ -75.246784470868079, 39.916174204856965 ], [ -75.246754731649489, 39.916241742695043 ], [ -75.24676594856237, 39.916338142423555 ], [ -75.246788793808264, 39.916457518157145 ], [ -75.246836919345952, 39.916568715184745 ], [ -75.246879160638514, 39.916716490164951 ], [ -75.246941828954206, 39.916879569334995 ], [ -75.246963598259399, 39.916935987203388 ], [ -75.247002978023971, 39.916976184216928 ], [ -75.247041814166593, 39.917000638019019 ], [ -75.24710518253255, 39.917036979838848 ], [ -75.247157274065827, 39.917071337447233 ], [ -75.247190138895832, 39.91710352561271 ], [ -75.247203382302615, 39.917144900855583 ], [ -75.24721188596655, 39.917191416411953 ], [ -75.247194914554925, 39.917220759783291 ], [ -75.247173909049664, 39.917245610141137 ], [ -75.247241080210486, 39.917411669686494 ], [ -75.247306520796215, 39.917624715108069 ], [ -75.247349117055379, 39.917794932336434 ], [ -75.247359803534479, 39.918002079403259 ], [ -75.247349819489969, 39.918439203209836 ], [ -75.247334548137061, 39.918688112322272 ], [ -75.247335809007623, 39.918819810877004 ], [ -75.247392454198476, 39.919023256973205 ], [ -75.24749905054432, 39.919279530024419 ], [ -75.247585916941674, 39.919408392811029 ], [ -75.247624315440248, 39.919526793211112 ], [ -75.247624883772176, 39.919677289354858 ], [ -75.247597925588934, 39.919911833889564 ], [ -75.247582778565373, 39.919991448368528 ], [ -75.247529466892942, 39.920112550432719 ], [ -75.247489041643959, 39.920215128210238 ], [ -75.247478441035113, 39.920337162417425 ], [ -75.247467667422058, 39.920463895127646 ], [ -75.247462824091144, 39.920595460446982 ], [ -75.247470187377971, 39.920727293077469 ], [ -75.247470001377209, 39.920981233717207 ], [ -75.247462439270478, 39.92135257575854 ], [ -75.247487247876592, 39.921508304124146 ], [ -75.247518148654493, 39.921664156429209 ], [ -75.247507720540582, 39.921781500235078 ], [ -75.24747323669321, 39.921888902765176 ], [ -75.247393767761608, 39.922056465728289 ], [ -75.247291626449623, 39.922176501092899 ], [ -75.247165255262686, 39.922291313336743 ], [ -75.247070254870806, 39.92238328530194 ], [ -75.246937593496909, 39.922502664091198 ], [ -75.246643433801538, 39.922778397315497 ], [ -75.246522979496859, 39.922898032245087 ], [ -75.246364183207163, 39.92306386262576 ], [ -75.246268315206464, 39.923179330938837 ], [ -75.246190065122335, 39.923313998403287 ], [ -75.246160458683008, 39.923454427570412 ], [ -75.246142193705992, 39.923618622994297 ], [ -75.246135443785533, 39.923801873574412 ], [ -75.246131289710036, 39.923914650225477 ], [ -75.246096975709904, 39.92401735293641 ], [ -75.246074337539795, 39.924134429150563 ], [ -75.246033561786533, 39.924246397111382 ], [ -75.245992439643175, 39.924367764761818 ], [ -75.24594643688161, 39.924456111655353 ], [ -75.245868183587717, 39.924590777071764 ], [ -75.245796716822966, 39.924706777918075 ], [ -75.24572796439179, 39.924832254279131 ], [ -75.245638196527338, 39.924947855360649 ], [ -75.245554878032934, 39.925054199879156 ], [ -75.245440520341859, 39.925173966949778 ], [ -75.245266394657833, 39.925424100443024 ], [ -75.245200346431076, 39.925559032046465 ], [ -75.245129050318653, 39.925670342977419 ], [ -75.24505183308834, 39.925776811431 ], [ -75.24499414012142, 39.925850793070829 ], [ -75.244869998041523, 39.925904510319569 ], [ -75.244763993630556, 39.925963335886038 ], [ -75.244627815595763, 39.92601208674774 ], [ -75.244521822832539, 39.926070903343103 ], [ -75.244403090888255, 39.926143551046962 ], [ -75.244337722614574, 39.926259685224778 ], [ -75.244303404389854, 39.926362396398488 ], [ -75.244332460407236, 39.926485296972139 ], [ -75.244414450096144, 39.926581142238589 ], [ -75.244509317168337, 39.926658457863986 ], [ -75.244578753443477, 39.92676342698315 ], [ -75.244599346864305, 39.926867337953098 ], [ -75.24458178175621, 39.92701273577709 ], [ -75.244581477668206, 39.927186719916136 ], [ -75.24455342595617, 39.92728486489252 ], [ -75.244499743862164, 39.927415364054475 ], [ -75.244428108791482, 39.927536071775144 ], [ -75.244343919363274, 39.927665904304732 ], [ -75.244271591061619, 39.927805402322122 ], [ -75.244200983245548, 39.927897905147503 ], [ -75.2441232431201, 39.928018480197863 ], [ -75.244057018019006, 39.928158110562258 ], [ -75.24400326802575, 39.928373254558707 ], [ -75.243986903520238, 39.928485757167714 ], [ -75.243968457510874, 39.928654651606593 ], [ -75.243968671268675, 39.928814547446805 ], [ -75.243973297706745, 39.929186146096278 ], [ -75.243968660785626, 39.929477606190133 ], [ -75.243969742038587, 39.929614005060984 ], [ -75.243984068583998, 39.929722480573112 ], [ -75.244011644075201, 39.929803030097695 ], [ -75.24410094369982, 39.92986611385254 ], [ -75.244190935320958, 39.929910399916757 ], [ -75.24428023371847, 39.9299734934093 ], [ -75.24435680499991, 39.930050397582271 ], [ -75.244407401348582, 39.930169075455922 ], [ -75.244430192316557, 39.930296541358111 ], [ -75.244383305961961, 39.930408375354865 ], [ -75.244276254933382, 39.930495388758999 ], [ -75.244132936591399, 39.930572202329238 ], [ -75.243952472809042, 39.930662313566721 ], [ -75.243815246281841, 39.930739259876653 ], [ -75.243695823140357, 39.930830695663673 ], [ -75.243637592843001, 39.930918774554144 ], [ -75.243606937993832, 39.931087401234635 ], [ -75.243559888103619, 39.931203935447137 ], [ -75.243518064168953, 39.931344098888815 ], [ -75.243476771665925, 39.931470164377494 ], [ -75.243436159006833, 39.931577441882311 ], [ -75.243419964996278, 39.931685243181128 ], [ -75.243404291699278, 39.931778955312986 ], [ -75.243402212287052, 39.931835339981241 ], [ -75.243344684527955, 39.931904621361426 ], [ -75.243281226836146, 39.931969069012624 ], [ -75.243187593601149, 39.932023460575202 ], [ -75.243106330841897, 39.932073411181754 ], [ -75.243051162586951, 39.932161556747175 ], [ -75.242936789699598, 39.932281321334052 ], [ -75.242846140473858, 39.932420418101572 ], [ -75.242723928823111, 39.932587042990633 ], [ -75.242626307857435, 39.932749494105231 ], [ -75.242531111837621, 39.932846170669713 ], [ -75.242454750114547, 39.93292914941059 ], [ -75.242352583747007, 39.93304918035728 ], [ -75.242287910252116, 39.933146525029358 ], [ -75.242241538587876, 39.933244259958144 ], [ -75.242171107121351, 39.933332071388776 ], [ -75.242126642248365, 39.933378121922253 ], [ -75.242014356793121, 39.933441502073912 ], [ -75.241890718420066, 39.933481126908497 ], [ -75.241718776443221, 39.93350557659771 ], [ -75.241559376973953, 39.933520903001529 ], [ -75.241399469940134, 39.933550327648383 ], [ -75.24119055378975, 39.933583375058824 ], [ -75.240975543216038, 39.933616295970495 ], [ -75.240761389358795, 39.933625720181936 ], [ -75.240518112810122, 39.933596882132889 ], [ -75.240245700921392, 39.933529787658252 ], [ -75.239904824931742, 39.9334141630709 ], [ -75.239614621715319, 39.933332568996263 ], [ -75.239422600195667, 39.933239022963996 ], [ -75.23928569306976, 39.933141970096656 ], [ -75.239113199907848, 39.933015928702773 ], [ -75.238857342027018, 39.932831623383251 ], [ -75.238653981236027, 39.932714310856873 ], [ -75.238497547856795, 39.932649743652924 ], [ -75.238315654938972, 39.932612846810038 ], [ -75.238127830677641, 39.93257110755863 ], [ -75.237952216234831, 39.932529644452153 ], [ -75.237788451989942, 39.932497838037641 ], [ -75.237561234385552, 39.932530486909343 ], [ -75.237437769163677, 39.932565397653597 ], [ -75.237325470154843, 39.932628772985844 ], [ -75.237218927847508, 39.932701680735285 ], [ -75.237123204104037, 39.932812451902137 ], [ -75.237014924088982, 39.932932344339036 ], [ -75.236911705545779, 39.933080566766471 ], [ -75.236791847296828, 39.933266041921563 ], [ -75.236719137160236, 39.933414932756584 ], [ -75.236658997230109, 39.933554692640215 ], [ -75.236643855951996, 39.933798900860097 ], [ -75.236650678344674, 39.933944832319987 ], [ -75.236663431532364, 39.934095596046468 ], [ -75.236652983142136, 39.934212928939722 ], [ -75.236605038579583, 39.934352956072438 ], [ -75.236555020373245, 39.934549367082326 ], [ -75.236525389038633, 39.934689796438192 ], [ -75.236470296520537, 39.934857886047013 ], [ -75.236394219100589, 39.935180704056286 ], [ -75.236321345401279, 39.93533428620065 ], [ -75.236171717726648, 39.935415655149299 ], [ -75.236014952604322, 39.935525086635153 ], [ -75.235864640810476, 39.935625243980979 ], [ -75.23566566482981, 39.935719640089509 ], [ -75.235459887286922, 39.935832691421432 ], [ -75.235265450204921, 39.935969506143948 ], [ -75.234980862459466, 39.936231312899821 ], [ -75.234921759574206, 39.936342884561938 ], [ -75.234923504413402, 39.936460484756402 ], [ -75.234918287850107, 39.936601448281351 ], [ -75.234847843446317, 39.936689255210368 ], [ -75.234774868206998, 39.936762897903563 ], [ -75.234745580105113, 39.93689392712583 ], [ -75.234788679577321, 39.93705005984512 ], [ -75.234783288736978, 39.937195723646894 ], [ -75.234802131500146, 39.937346621195559 ], [ -75.234871041962506, 39.937465694324636 ], [ -75.234922496821298, 39.93756087944557 ], [ -75.234970125464059, 39.937759430266532 ], [ -75.234977292509157, 39.937895962146861 ], [ -75.234984458413578, 39.938032494000907 ], [ -75.235005052244475, 39.938136407830221 ], [ -75.235075516947049, 39.938213195122088 ], [ -75.235164645431198, 39.938280985208877 ], [ -75.235297202653072, 39.938330916441799 ], [ -75.235491319892077, 39.938368093881294 ], [ -75.235783265353717, 39.93840270334254 ], [ -75.235947565612733, 39.938420413584495 ], [ -75.236148470747054, 39.938438927705704 ], [ -75.236349040091568, 39.938466839604004 ], [ -75.236501651045302, 39.938470184173248 ], [ -75.236685471185552, 39.938455399661585 ], [ -75.236881499884959, 39.938440882367935 ], [ -75.237146060481507, 39.938390249707126 ], [ -75.237450651154873, 39.938331086992754 ], [ -75.237623475498694, 39.938283146761556 ], [ -75.237771011805975, 39.938258159326892 ], [ -75.237967388277184, 39.938234241426315 ], [ -75.238174931091081, 39.93823878689912 ], [ -75.238327876947722, 39.938232739007361 ], [ -75.238499659938228, 39.938212984815294 ], [ -75.238738769084165, 39.938190000438944 ], [ -75.238874094646405, 39.938164754148133 ], [ -75.239009086113597, 39.938148895956985 ], [ -75.239185930670914, 39.938157471609756 ], [ -75.239338355734759, 39.938165512440456 ], [ -75.239454510480684, 39.938163350956721 ], [ -75.239564733892252, 39.938156357238604 ], [ -75.239711228896624, 39.938159563681822 ], [ -75.239820931589676, 39.938166666991606 ], [ -75.239924182254029, 39.938183036273728 ], [ -75.240038948812696, 39.938218462130358 ], [ -75.240141331852612, 39.938258328176751 ], [ -75.240260282913795, 39.938345579564043 ], [ -75.240411609755043, 39.938466452553612 ], [ -75.240594420244065, 39.938644453346591 ], [ -75.240713198212376, 39.938736394628151 ], [ -75.240765713862316, 39.938803379197992 ], [ -75.240762938074198, 39.938878559583046 ], [ -75.240740979781862, 39.938976838044681 ], [ -75.24070035985585, 39.939084104689648 ], [ -75.240628879195967, 39.939200112421901 ], [ -75.240546056306954, 39.939292346096352 ], [ -75.240426602850931, 39.93938378813899 ], [ -75.240343952704706, 39.939471330377138 ], [ -75.240242293420707, 39.939577261253753 ], [ -75.240145523927126, 39.939716222279245 ], [ -75.24001840094509, 39.939849823902833 ], [ -75.239952850127537, 39.939970655202927 ], [ -75.239881541199296, 39.940081953173021 ], [ -75.239798715889336, 39.940174195309105 ], [ -75.239637840151389, 39.940311752919563 ], [ -75.239529205461139, 39.940441045595755 ], [ -75.23941274084477, 39.940617199599274 ], [ -75.239401601729767, 39.940753331192582 ], [ -75.239432839565708, 39.940899796748695 ], [ -75.239464437645026, 39.941036862895594 ], [ -75.239496196589798, 39.941169229360916 ], [ -75.239564423584866, 39.941307097200188 ], [ -75.239633162217032, 39.941430868421051 ], [ -75.239736795325015, 39.941602431591889 ], [ -75.239847911013669, 39.941736535593748 ], [ -75.239988524672768, 39.941899504139222 ], [ -75.240076273498246, 39.942004877409808 ], [ -75.240152332496535, 39.942095893351365 ], [ -75.240254200816352, 39.942149856569188 ], [ -75.240369147789878, 39.942180582700985 ], [ -75.240521234978104, 39.942198019843403 ], [ -75.240791843597989, 39.942232158325872 ], [ -75.240955968346313, 39.942254552402687 ], [ -75.241181320069728, 39.942273592195662 ], [ -75.241449742844281, 39.9422841662644 ], [ -75.241584914183207, 39.942263605624298 ], [ -75.241829784008388, 39.94225015678628 ], [ -75.242037512772015, 39.942249995876793 ], [ -75.24229389848297, 39.94225560158656 ], [ -75.242610818153267, 39.942276630587379 ], [ -75.243068482061062, 39.942291337606832 ], [ -75.243177486604154, 39.942317236836018 ], [ -75.243335518473629, 39.942339502433029 ], [ -75.243436351116955, 39.94242165202796 ], [ -75.243532983018824, 39.942451973802648 ], [ -75.243846319402522, 39.942487039620744 ], [ -75.244071499448978, 39.942510772233817 ], [ -75.244411789538347, 39.942560525906757 ], [ -75.244660858577944, 39.942598888746062 ], [ -75.245014931699274, 39.942606622035441 ], [ -75.245228062599622, 39.942625377923555 ], [ -75.24541154538295, 39.942619986332708 ], [ -75.245564339293338, 39.942618619446428 ], [ -75.245741715864241, 39.94261308589283 ], [ -75.245888565924844, 39.942606885621785 ], [ -75.246053213522401, 39.942615184134048 ], [ -75.246193450559502, 39.94262294774893 ], [ -75.246351126463907, 39.942654599635993 ], [ -75.246472528302021, 39.942676062217302 ], [ -75.246568990809209, 39.942711089889762 ], [ -75.246664413907652, 39.942774304862283 ], [ -75.24674658787589, 39.942865450578843 ], [ -75.246824844258825, 39.942980016722615 ], [ -75.246873895885997, 39.943140977268413 ], [ -75.246966724960387, 39.943274674939524 ], [ -75.247023625091117, 39.943388774887886 ], [ -75.247034095776456, 39.943438763369947 ], [ -75.246711678468273, 39.943525496250025 ], [ -75.246425416274093, 39.943624465405328 ], [ -75.245856064986469, 39.943823294408567 ], [ -75.245220116147536, 39.944066670162314 ], [ -75.2444429142339, 39.944342605752439 ], [ -75.243420773564011, 39.944699569339257 ], [ -75.241773660923613, 39.945306862422584 ], [ -75.240269387689636, 39.9458751832505 ], [ -75.240054954708214, 39.9459266421688 ], [ -75.239623431968795, 39.946022262992869 ], [ -75.238299374292993, 39.946279359028516 ], [ -75.237983025879444, 39.946341005385513 ], [ -75.237272986507747, 39.946472208614225 ], [ -75.236140299987341, 39.946742612656791 ], [ -75.235873478943432, 39.946815346046371 ], [ -75.235809998176961, 39.94684507415014 ], [ -75.235752742544946, 39.946859714548971 ], [ -75.235050818842794, 39.947001685940016 ], [ -75.234364652339281, 39.94718327217489 ], [ -75.233607199611029, 39.947360263229726 ], [ -75.231273235918067, 39.947918162631765 ], [ -75.230407689767489, 39.947821988212837 ], [ -75.230304840255357, 39.947810559618382 ], [ -75.229451375137046, 39.947788897178413 ], [ -75.227628547868122, 39.947779489772643 ], [ -75.227422015465251, 39.947779799939923 ], [ -75.226116707100786, 39.947768699040004 ], [ -75.225325861484791, 39.947757265688288 ], [ -75.224949540936862, 39.947753617189434 ], [ -75.223317983644279, 39.947934998835429 ], [ -75.222645085179551, 39.948002080301762 ], [ -75.222128057957889, 39.948063982082211 ], [ -75.221814467528034, 39.948101527189017 ], [ -75.221239101013296, 39.948170407658793 ], [ -75.220883979626478, 39.947846505070437 ] ] ] } },
{ "type": "Feature", "properties": { "district": 77.0, "complaints": 0, "population": 0.0, "cat_departmental_violations": 0, "cat_lack_of_service": 0, "cat_other": 0, "cat_physical_abuse": 0, "cat_unprofessional_conduct": 0, "cat_verbal_abuse": 0, "race_black": 0, "race_latino": 0, "race_other": 0, "race_unknown": 0, "race_white": 0, "per_50k": null }, "geometry": { "type": "Polygon", "coordinates": [ [ [ -75.223480407324189, 39.877286490098257 ], [ -75.223274101352999, 39.876216535238093 ], [ -75.223236848651879, 39.876043736380204 ], [ -75.223186374025289, 39.875809605018432 ], [ -75.223183564990961, 39.875796984941573 ], [ -75.223767576011468, 39.875867168940751 ], [ -75.224655786463515, 39.87603241186158 ], [ -75.224859317748823, 39.876069378238611 ], [ -75.225030228184934, 39.876102706207647 ], [ -75.225954351689523, 39.876275966198207 ], [ -75.226846492228816, 39.87641185186208 ], [ -75.226891821814888, 39.876413651868241 ], [ -75.227120784359172, 39.87644509240333 ], [ -75.228473319931211, 39.876640431379123 ], [ -75.228727200726283, 39.876676660697221 ], [ -75.228908426517094, 39.876701840403825 ], [ -75.229987981124935, 39.876856212569777 ], [ -75.230478437793593, 39.876898099949557 ], [ -75.230646405909653, 39.876910586751457 ], [ -75.230848923567336, 39.87692833784223 ], [ -75.230999007428238, 39.876942196906846 ], [ -75.231057854771521, 39.876947815313486 ], [ -75.231871990012479, 39.877019210248648 ], [ -75.23193070284124, 39.877025654165521 ], [ -75.232312124255458, 39.877065643035699 ], [ -75.232551020024658, 39.87709106407636 ], [ -75.232659472026413, 39.877102429577093 ], [ -75.232816535369096, 39.87712046702854 ], [ -75.232993328374789, 39.877137514960779 ], [ -75.233272692962771, 39.877164023414018 ], [ -75.233958187090678, 39.877186670439755 ], [ -75.234020598687891, 39.877188572380042 ], [ -75.234123913571352, 39.877190237090929 ], [ -75.234304687018096, 39.877145201628025 ], [ -75.234483560610741, 39.877103815561014 ], [ -75.234655146182718, 39.877062777403097 ], [ -75.234686751659027, 39.877054973871807 ], [ -75.235027201653921, 39.876973761405218 ], [ -75.235540619847455, 39.876760905829578 ], [ -75.235798394117239, 39.876588434144217 ], [ -75.235929982759401, 39.876497465418943 ], [ -75.236052521109173, 39.876413044654377 ], [ -75.236372303489034, 39.876196684103192 ], [ -75.236642806056153, 39.875745784806313 ], [ -75.23671616673802, 39.875623452902524 ], [ -75.236775664893131, 39.875484228680698 ], [ -75.236934943210727, 39.875126017296935 ], [ -75.237501836288487, 39.875089614831346 ], [ -75.23759319888714, 39.874991175099552 ], [ -75.237538316527775, 39.874920981613499 ], [ -75.237502985110751, 39.874876463584314 ], [ -75.237462538332494, 39.874813408019897 ], [ -75.238112652489903, 39.874602205252991 ], [ -75.238247857302312, 39.87445586423901 ], [ -75.238328063681053, 39.874371604348369 ], [ -75.238379312110226, 39.874310928424087 ], [ -75.238691494489643, 39.873968318942069 ], [ -75.238995368922303, 39.873845595563942 ], [ -75.239173957298505, 39.873618043401528 ], [ -75.239262928884074, 39.873499673191453 ], [ -75.239350172549209, 39.873381220909813 ], [ -75.239406304197374, 39.873308902585237 ], [ -75.240101423956531, 39.87303923555686 ], [ -75.240106963817041, 39.872867851654853 ], [ -75.240103687707816, 39.872740181016937 ], [ -75.240102042846544, 39.87263865693852 ], [ -75.24010408877038, 39.872606626341145 ], [ -75.240473535182929, 39.872390937447484 ], [ -75.240899796840992, 39.872409219350779 ], [ -75.240939865374884, 39.872414413424956 ], [ -75.241091033373948, 39.872447159021704 ], [ -75.241218311103822, 39.872475173694859 ], [ -75.24137292540729, 39.872510867642042 ], [ -75.241421576442264, 39.872520863440435 ], [ -75.241557741685668, 39.872549503883491 ], [ -75.241748537538214, 39.872594657866301 ], [ -75.242220787614315, 39.872786211595276 ], [ -75.24229189331534, 39.872817662794027 ], [ -75.242569854972729, 39.872964310795652 ], [ -75.242696979625194, 39.873030783876033 ], [ -75.242732185997426, 39.873048619082461 ], [ -75.246736770248432, 39.875077548917027 ], [ -75.246778428606603, 39.875112363340413 ], [ -75.246826724262306, 39.875152710678343 ], [ -75.248432822449388, 39.876494550986145 ], [ -75.248562960383609, 39.876475912271474 ], [ -75.248575954717566, 39.876492290358215 ], [ -75.248660998270623, 39.876600920680545 ], [ -75.248809166234395, 39.876792819078844 ], [ -75.248876304132594, 39.876881647414002 ], [ -75.24898633439696, 39.877025227236786 ], [ -75.24905963252715, 39.877120467118502 ], [ -75.249236335048153, 39.877350064406571 ], [ -75.249247519469876, 39.877364406312871 ], [ -75.249013753916088, 39.877448491925001 ], [ -75.24886941981876, 39.87749642433522 ], [ -75.247799189100206, 39.877960385888791 ], [ -75.24711672851619, 39.878284161294289 ], [ -75.246522328836775, 39.878644297115031 ], [ -75.246093395217599, 39.878962124703023 ], [ -75.245866206231199, 39.879151359445906 ], [ -75.245639862857459, 39.879339889649842 ], [ -75.245455424422161, 39.879493513621391 ], [ -75.244998020899317, 39.879977184431681 ], [ -75.244513628780325, 39.880586550338883 ], [ -75.244025260475894, 39.88150580437933 ], [ -75.243802542747815, 39.882000391577989 ], [ -75.243643857537933, 39.88235277308268 ], [ -75.242848063083358, 39.884235909729952 ], [ -75.242446628630844, 39.885230732388123 ], [ -75.242154855390069, 39.885771745133191 ], [ -75.242114764529262, 39.885856673110119 ], [ -75.242055180671926, 39.885982891434097 ], [ -75.242051340426372, 39.885988647640524 ], [ -75.241804136661457, 39.88635922800286 ], [ -75.241744663157021, 39.886454898590124 ], [ -75.241654751410849, 39.886599530626512 ], [ -75.241439115922248, 39.886946396882436 ], [ -75.240993351390102, 39.887524448594114 ], [ -75.240709411975331, 39.887852549815861 ], [ -75.240447705804073, 39.888108330558687 ], [ -75.240308666605287, 39.888244221143466 ], [ -75.239897066173924, 39.88865832696392 ], [ -75.239569497114275, 39.888962404556572 ], [ -75.239282907987501, 39.889248568041694 ], [ -75.239282859379301, 39.889248617432585 ], [ -75.23910484378429, 39.889446184571398 ], [ -75.238866962828652, 39.889716778218229 ], [ -75.238433788797352, 39.890179291789423 ], [ -75.237982895893495, 39.890536572078283 ], [ -75.237492764195878, 39.890836557571873 ], [ -75.236564778114698, 39.891414067405613 ], [ -75.236564652438673, 39.891414144838222 ], [ -75.236465671193699, 39.891462309204499 ], [ -75.235506058514559, 39.891818778674413 ], [ -75.235365335988632, 39.891646844644903 ], [ -75.235102470749737, 39.890966367889391 ], [ -75.235022272888017, 39.890700381970731 ], [ -75.234841066695139, 39.890275714192157 ], [ -75.234478674951944, 39.889648782723746 ], [ -75.234077579289519, 39.888894549984279 ], [ -75.23386935374667, 39.888473778760336 ], [ -75.233512294261246, 39.887897035582817 ], [ -75.233241377312879, 39.887397107063116 ], [ -75.233095874137604, 39.887137882685906 ], [ -75.232900432075439, 39.886497624449824 ], [ -75.232292308292102, 39.885009273117461 ], [ -75.23201326556628, 39.884380521964459 ], [ -75.231738821705335, 39.883754871395446 ], [ -75.231420310830671, 39.883007965757933 ], [ -75.231154215939213, 39.88250814742225 ], [ -75.230957618427468, 39.882153699402544 ], [ -75.230818515888373, 39.881848372300951 ], [ -75.230632687399009, 39.881598018359959 ], [ -75.230431501238797, 39.881326198936748 ], [ -75.230175473519054, 39.880999360256332 ], [ -75.229935896946785, 39.880722679068803 ], [ -75.229617723053281, 39.880452184876347 ], [ -75.229023052678599, 39.880141679427936 ], [ -75.228382134994888, 39.879859352669847 ], [ -75.227914673079553, 39.87973287257379 ], [ -75.227449556039033, 39.879674390947379 ], [ -75.226812647413297, 39.879354987142783 ], [ -75.225614920948857, 39.878705571367192 ], [ -75.225119622106064, 39.878479641165043 ], [ -75.223480407324189, 39.877286490098257 ] ] ] } },
{ "type": "Feature", "properties": { "district": 18.0, "complaints": 0, "population": 80477.0, "cat_departmental_violations": 0, "cat_lack_of_service": 0, "cat_other": 0, "cat_physical_abuse": 0, "cat_unprofessional_conduct": 0, "cat_verbal_abuse": 0, "race_black": 0, "race_latino": 0, "race_other": 0, "race_unknown": 0, "race_white": 0, "per_50k": 0.0 }, "geometry": { "type": "Polygon", "coordinates": [ [ [ -75.180389473657158, 39.954501203321598 ], [ -75.180473063340287, 39.954307644445997 ], [ -75.18142690310394, 39.952098735671804 ], [ -75.181726053677338, 39.951618538840492 ], [ -75.18183354511882, 39.951445989727105 ], [ -75.182404703787682, 39.950529135508965 ], [ -75.183310104230685, 39.949507668700392 ], [ -75.185416905190408, 39.947955133757802 ], [ -75.186433595869957, 39.947309345773824 ], [ -75.186826867470074, 39.947043180343677 ], [ -75.187056393102182, 39.94688783646059 ], [ -75.187420934494369, 39.946641112464476 ], [ -75.188262974534538, 39.946092970743251 ], [ -75.190095973457687, 39.944660333679764 ], [ -75.191156720759608, 39.943584862940043 ], [ -75.191515060846385, 39.943246711645955 ], [ -75.191601024030192, 39.943165589462353 ], [ -75.191710370978811, 39.943062402300548 ], [ -75.192368775771612, 39.942605642111204 ], [ -75.192595994016145, 39.942496121937289 ], [ -75.193232362118039, 39.942259513520014 ], [ -75.193717318978116, 39.942125280342985 ], [ -75.193787536970603, 39.942120076901695 ], [ -75.194127243056499, 39.942094902810425 ], [ -75.194225049300869, 39.942087654086897 ], [ -75.194993685042647, 39.942134577738997 ], [ -75.195745008765698, 39.942333086275013 ], [ -75.196753004595706, 39.942703378194459 ], [ -75.197021618586092, 39.94280205290174 ], [ -75.199004265837516, 39.943513846202613 ], [ -75.199782115647764, 39.943796649928956 ], [ -75.200672375529948, 39.943943533291296 ], [ -75.202340909343192, 39.943770665959633 ], [ -75.203209694589788, 39.943553956555924 ], [ -75.203863418247622, 39.94325856201732 ], [ -75.204155176962544, 39.943087332997479 ], [ -75.204601973015926, 39.942765392866626 ], [ -75.204962518975165, 39.942338329974213 ], [ -75.205077779183682, 39.941255214012301 ], [ -75.205104942536451, 39.940999964793349 ], [ -75.205124809500759, 39.940813272386556 ], [ -75.205132640152186, 39.940738382552205 ], [ -75.205180268059507, 39.93886402110148 ], [ -75.205271579673294, 39.937685146538058 ], [ -75.205307130521675, 39.936735682882961 ], [ -75.205352271009517, 39.936187320407292 ], [ -75.205481696383075, 39.935688185637495 ], [ -75.205520349568786, 39.935609977370973 ], [ -75.205588123779535, 39.935472847963574 ], [ -75.205694696380561, 39.935257208886959 ], [ -75.205881852772606, 39.935031197408435 ], [ -75.206722976244365, 39.937361031231674 ], [ -75.206956841748806, 39.937458685225174 ], [ -75.208953493929727, 39.938292381734982 ], [ -75.209079544852599, 39.938345011566788 ], [ -75.209625181450889, 39.938572830128145 ], [ -75.209819726813123, 39.938620316899922 ], [ -75.210023458247747, 39.938657128059489 ], [ -75.210770682575742, 39.939311691696943 ], [ -75.211386888104087, 39.939844258476803 ], [ -75.21196753199942, 39.940315595568471 ], [ -75.212604183614104, 39.940859387416047 ], [ -75.213156548685774, 39.941326787624213 ], [ -75.214169660599651, 39.942183855470866 ], [ -75.214817682891578, 39.94273814803428 ], [ -75.215249466778644, 39.943096408122933 ], [ -75.215860138036348, 39.943618879048955 ], [ -75.216522118695309, 39.944180229957801 ], [ -75.216692426508203, 39.944311150661918 ], [ -75.217164402949479, 39.944727709751731 ], [ -75.217525507794221, 39.945021892159225 ], [ -75.218196706720747, 39.945594877212095 ], [ -75.218426415889255, 39.945795033623725 ], [ -75.219113479144625, 39.94636332560232 ], [ -75.219778977667417, 39.946928576888943 ], [ -75.220395023075639, 39.94744078275766 ], [ -75.220883979626478, 39.947846505070437 ], [ -75.221239101013296, 39.948170407658793 ], [ -75.221814467528034, 39.948101527189017 ], [ -75.222128057957889, 39.948063982082211 ], [ -75.222645085179551, 39.948002080301762 ], [ -75.223317983644279, 39.947934998835429 ], [ -75.224949540936862, 39.947753617189434 ], [ -75.225325861484791, 39.947757265688288 ], [ -75.226116707100786, 39.947768699040004 ], [ -75.227422015465251, 39.947779799939923 ], [ -75.227628547868122, 39.947779489772643 ], [ -75.229451375137046, 39.947788897178413 ], [ -75.230304840255357, 39.947810559618382 ], [ -75.230407689767489, 39.947821988212837 ], [ -75.231273235918067, 39.947918162631765 ], [ -75.233607199611029, 39.947360263229726 ], [ -75.234364652339281, 39.94718327217489 ], [ -75.235050818842794, 39.947001685940016 ], [ -75.235752742544946, 39.946859714548971 ], [ -75.235809998176961, 39.94684507415014 ], [ -75.235873478943432, 39.946815346046371 ], [ -75.236140299987341, 39.946742612656791 ], [ -75.237272986507747, 39.946472208614225 ], [ -75.237983025879444, 39.946341005385513 ], [ -75.238299374292993, 39.946279359028516 ], [ -75.239623431968795, 39.946022262992869 ], [ -75.240054954708214, 39.9459266421688 ], [ -75.240269387689636, 39.9458751832505 ], [ -75.241773660923613, 39.945306862422584 ], [ -75.243420773564011, 39.944699569339257 ], [ -75.2444429142339, 39.944342605752439 ], [ -75.245220116147536, 39.944066670162314 ], [ -75.245856065019609, 39.943823293508345 ], [ -75.246425416307318, 39.943624464505028 ], [ -75.246711678468273, 39.943525496250025 ], [ -75.247034095776456, 39.943438763369947 ], [ -75.24704440037344, 39.943487985987034 ], [ -75.247053668987078, 39.94356813327493 ], [ -75.247110223309818, 39.943691632884018 ], [ -75.247211975157668, 39.943914875515858 ], [ -75.247305831213666, 39.944020384318577 ], [ -75.247380529616606, 39.944148982836325 ], [ -75.247423824077231, 39.944300411128111 ], [ -75.247511241446375, 39.944415176611756 ], [ -75.247635291613449, 39.944530750215939 ], [ -75.247758812851458, 39.94466041356273 ], [ -75.247900315546431, 39.944799874460649 ], [ -75.248093532112179, 39.944945166332019 ], [ -75.248169778148693, 39.945031477549286 ], [ -75.248215323703775, 39.945121823195798 ], [ -75.248235074056964, 39.94524922172485 ], [ -75.248322495185832, 39.945363986613664 ], [ -75.248416193632224, 39.945474195064214 ], [ -75.248565350133049, 39.94557149340374 ], [ -75.248707720937986, 39.945687465285182 ], [ -75.248897370028004, 39.945846788343871 ], [ -75.249080913594128, 39.94600596804068 ], [ -75.249245969049198, 39.946169456545853 ], [ -75.249429513971691, 39.946328644686602 ], [ -75.249495108293829, 39.946372394169686 ], [ -75.249554942565823, 39.946406620712615 ], [ -75.249615307313022, 39.946426750162594 ], [ -75.249711603013651, 39.946466465567646 ], [ -75.249812448348379, 39.946548608626195 ], [ -75.249919043272357, 39.946640283253778 ], [ -75.249968002584438, 39.946721295281371 ], [ -75.25003745605477, 39.946826261704032 ], [ -75.250117219471818, 39.946983185883219 ], [ -75.250154773550165, 39.947125082413649 ], [ -75.250204873324876, 39.947257845083335 ], [ -75.250230216300494, 39.947399474567902 ], [ -75.250272136151338, 39.94758849792688 ], [ -75.250309692057129, 39.947730394430238 ], [ -75.250341646983216, 39.947858057542369 ], [ -75.250367336172687, 39.947990289081822 ], [ -75.250418129269207, 39.948104263957951 ], [ -75.250476075272587, 39.948190164816864 ], [ -75.250558953495471, 39.948262510191078 ], [ -75.25072539928064, 39.948388409382162 ], [ -75.251065205675644, 39.948701474551861 ], [ -75.251194685453868, 39.948835975867311 ], [ -75.251318911392133, 39.948946836812787 ], [ -75.251443668663299, 39.949043608682025 ], [ -75.251508056148637, 39.949120253743736 ], [ -75.251558864096637, 39.949234217563706 ], [ -75.251569580045853, 39.94944136438388 ], [ -75.251519408286612, 39.949642481886826 ], [ -75.251414296355478, 39.949842410830009 ], [ -75.251311601961561, 39.949976547940381 ], [ -75.251244677775162, 39.950134980903911 ], [ -75.251196752043555, 39.950275014090117 ], [ -75.251154598509359, 39.950424570332551 ], [ -75.251151776262802, 39.950584398689315 ], [ -75.251141782041017, 39.950689994247277 ], [ -75.251175468930469, 39.950770672972183 ], [ -75.251269208898336, 39.950963167211299 ], [ -75.251351053357695, 39.951063707529556 ], [ -75.251427311895625, 39.951150007593661 ], [ -75.251492922353478, 39.951193765162145 ], [ -75.251543775880378, 39.95122308276661 ], [ -75.251587153559683, 39.951289871910674 ], [ -75.251610818472898, 39.951393839965256 ], [ -75.251611171160192, 39.951509057326021 ], [ -75.25162796390984, 39.951634048085388 ], [ -75.251647884814474, 39.951756746371835 ], [ -75.251650362687286, 39.95185555792397 ], [ -75.251646389136681, 39.951963627206929 ], [ -75.25161554234198, 39.952054658235788 ], [ -75.251578946589675, 39.952136157708281 ], [ -75.251513652011894, 39.952249945315295 ], [ -75.25141240016751, 39.952386465587701 ], [ -75.2512841537919, 39.952550617731958 ], [ -75.251187992151699, 39.952673139181456 ], [ -75.251154275802904, 39.95275940532877 ], [ -75.251153699880916, 39.952858150384763 ], [ -75.251180763479496, 39.952952785314096 ], [ -75.251208098925488, 39.953040380408645 ], [ -75.25118456591639, 39.953098648448332 ], [ -75.251151367836215, 39.953170816371859 ], [ -75.25110306519764, 39.953237951194609 ], [ -75.251050188612069, 39.953304986363335 ], [ -75.250924445574711, 39.953401004801435 ], [ -75.250792262219719, 39.953506280138868 ], [ -75.250650473655767, 39.953623113008724 ], [ -75.250490119541453, 39.953746587858248 ], [ -75.250354178446671, 39.953870593537872 ], [ -75.250138904567692, 39.954075166874127 ], [ -75.250050217412721, 39.954160234857149 ], [ -75.250005979863801, 39.954241567361478 ], [ -75.249956564262902, 39.95433924811578 ], [ -75.249890642723045, 39.954387185814184 ], [ -75.249839803556327, 39.954440155349275 ], [ -75.249800744708679, 39.954505140437817 ], [ -75.24977051123129, 39.954579723302416 ], [ -75.249749598497104, 39.954649806125296 ], [ -75.249762443803519, 39.954715921502022 ], [ -75.249769615056508, 39.954770155281942 ], [ -75.249751928061926, 39.954835614243876 ], [ -75.249697543990209, 39.954984903512354 ], [ -75.249615149269175, 39.955190030263438 ], [ -75.249597720589023, 39.955248431065691 ], [ -75.249559181079007, 39.955299316981908 ], [ -75.249495793844218, 39.955361420139234 ], [ -75.249424457218595, 39.955390434980742 ], [ -75.249359388510513, 39.955414876021315 ], [ -75.249282635996636, 39.955424960026953 ], [ -75.24923633035624, 39.9554380610696 ], [ -75.249201361467499, 39.955474914282775 ], [ -75.2491659597151, 39.955523526798565 ], [ -75.249145576683929, 39.955579511552649 ], [ -75.249124057587025, 39.955666042173874 ], [ -75.249137212730119, 39.955765078496178 ], [ -75.24917649903162, 39.955859989381942 ], [ -75.249219259450371, 39.955943217144764 ], [ -75.249264133879763, 39.956052351221921 ], [ -75.249276448385345, 39.956132564608289 ], [ -75.249236361949286, 39.956225745281778 ], [ -75.249116198881126, 39.956335984052501 ], [ -75.249047308837731, 39.956381514931934 ], [ -75.248990274484498, 39.956436700668512 ], [ -75.248959520294221, 39.956525381527122 ], [ -75.248927889704248, 39.956637550137422 ], [ -75.248949512351402, 39.956755591886754 ], [ -75.249007750831694, 39.956916743314231 ], [ -75.249066988705792, 39.956967418016418 ], [ -75.249196354684003, 39.957021963957494 ], [ -75.249316573833894, 39.957076310373068 ], [ -75.249403205663057, 39.957129924578943 ], [ -75.249534253625242, 39.957222132178764 ], [ -75.249640270110092, 39.957330256088795 ], [ -75.249780035031222, 39.957434402295561 ], [ -75.25003895862271, 39.957663418434947 ], [ -75.250180568962449, 39.957800527448825 ], [ -75.250244791620034, 39.957881871734713 ], [ -75.250361813738962, 39.958023147025806 ], [ -75.250464867087103, 39.958128853068708 ], [ -75.250561552682441, 39.958241466933501 ], [ -75.250668005781321, 39.95833784050194 ], [ -75.250737731211643, 39.95843576546676 ], [ -75.250795070801374, 39.958538115636877 ], [ -75.250841470014066, 39.958647290322524 ], [ -75.250877880176489, 39.958737425697414 ], [ -75.25088410200965, 39.958817506136896 ], [ -75.250894431365836, 39.958951753513617 ], [ -75.250885311552366, 39.959033851352025 ], [ -75.250852012124454, 39.959108368627177 ], [ -75.250755208056063, 39.959165040524262 ], [ -75.250608512155964, 39.959248844479426 ], [ -75.250455893676857, 39.959327816050042 ], [ -75.25029411341886, 39.959406588710287 ], [ -75.250083220078864, 39.959491343955833 ], [ -75.249827797247633, 39.959582176000723 ], [ -75.249654235557742, 39.959648932212012 ], [ -75.249554894834475, 39.959691447341072 ], [ -75.249445356279509, 39.959761950155489 ], [ -75.249319945268908, 39.959848559910306 ], [ -75.249216091156683, 39.959930944351363 ], [ -75.249124958952805, 39.959999496493218 ], [ -75.248975292302873, 39.960080882098652 ], [ -75.248838715780266, 39.960139037014088 ], [ -75.248692533292243, 39.960208740283491 ], [ -75.248549416817895, 39.960278510221016 ], [ -75.248461498256091, 39.96034242875173 ], [ -75.24838629934429, 39.960434844514523 ], [ -75.248337123604884, 39.96052547517295 ], [ -75.248284387169889, 39.960630128687981 ], [ -75.248201115594142, 39.960734125353589 ], [ -75.248060718351397, 39.960895657828445 ], [ -75.247977186838426, 39.9610066944309 ], [ -75.2479250431944, 39.961094908621448 ], [ -75.247894026227172, 39.961190629283998 ], [ -75.2478743946061, 39.961350092013504 ], [ -75.247874159996783, 39.961439438229874 ], [ -75.247868770306113, 39.961502804554449 ], [ -75.247842994688568, 39.961622155393144 ], [ -75.247824871654089, 39.9616993544482 ], [ -75.247809888696224, 39.961774268592755 ], [ -75.247776671094769, 39.961846435269749 ], [ -75.24774363824109, 39.961913901890782 ], [ -75.247710420534176, 39.961986067648084 ], [ -75.247704424836144, 39.962065881867964 ], [ -75.247729360212801, 39.962176942226534 ], [ -75.247763925871368, 39.962234125180615 ], [ -75.247779391503101, 39.962312055864821 ], [ -75.247755532201353, 39.962462019128218 ], [ -75.24769378189869, 39.962811014860705 ], [ -75.247689528217535, 39.962828272484678 ], [ -75.247621229956223, 39.962812074221297 ], [ -75.247567846690757, 39.962803339779533 ], [ -75.247293897242329, 39.962758518184494 ], [ -75.246755825589531, 39.962714438842681 ], [ -75.24620495939709, 39.962645984326471 ], [ -75.245685753268859, 39.962581067131332 ], [ -75.245406657587154, 39.962546023353696 ], [ -75.244712449274061, 39.962460315675067 ], [ -75.244033638028753, 39.962373793993599 ], [ -75.243389494415922, 39.962292607204851 ], [ -75.242737613795157, 39.962211962178301 ], [ -75.241996757381585, 39.962122310108128 ], [ -75.24140773046139, 39.962047676007437 ], [ -75.241085804117006, 39.962008463188866 ], [ -75.240428086926627, 39.961928485484172 ], [ -75.240025032655268, 39.961879553750322 ], [ -75.239449267134646, 39.961803342670621 ], [ -75.238786865546899, 39.961724309837052 ], [ -75.236810833121467, 39.961480097022914 ], [ -75.235088754619525, 39.961267115000361 ], [ -75.234697282202717, 39.961217497440273 ], [ -75.234143926399241, 39.961145255656696 ], [ -75.233555709202918, 39.961075071177447 ], [ -75.23285982417822, 39.960985077349449 ], [ -75.231876535023929, 39.960859133380374 ], [ -75.230804767063248, 39.9607313733175 ], [ -75.230249848500293, 39.960665383439476 ], [ -75.229787495655856, 39.960608437586501 ], [ -75.229411936122105, 39.960562579669407 ], [ -75.229079703623682, 39.96052308661902 ], [ -75.228648249899379, 39.960472899497503 ], [ -75.227977969676772, 39.960386606393179 ], [ -75.227445841748334, 39.960320341577599 ], [ -75.226852962465742, 39.960248067465841 ], [ -75.226211272461683, 39.960168396949783 ], [ -75.224869856584576, 39.960014820743716 ], [ -75.224774381208746, 39.959984357716529 ], [ -75.22421501304558, 39.959908781774224 ], [ -75.223886128325859, 39.95987122673607 ], [ -75.223521038494411, 39.959827863917042 ], [ -75.223031429776555, 39.959769711939629 ], [ -75.222902856290844, 39.959754439869819 ], [ -75.222398630124772, 39.959689628269707 ], [ -75.221911287851441, 39.959635182161939 ], [ -75.220922707469114, 39.959514434662395 ], [ -75.219985066459287, 39.959395508293326 ], [ -75.219178716423002, 39.9592973922487 ], [ -75.218956675611068, 39.959269265278309 ], [ -75.217792507485996, 39.959123587397357 ], [ -75.217174338272415, 39.959046227563356 ], [ -75.217003830577099, 39.95902488913827 ], [ -75.214021601150023, 39.958652635447031 ], [ -75.213019761626725, 39.95852745542593 ], [ -75.211624715916372, 39.95835665870905 ], [ -75.211269905811619, 39.958313216407127 ], [ -75.211042781214928, 39.958285406578199 ], [ -75.209424349117299, 39.958083072009487 ], [ -75.208130516405419, 39.957924873094932 ], [ -75.20607766979704, 39.957668223100512 ], [ -75.205777334209245, 39.95763135957376 ], [ -75.205336321664817, 39.957577229274627 ], [ -75.205039060111488, 39.95754074282825 ], [ -75.20414780715781, 39.957431419469074 ], [ -75.203407031165284, 39.957338718357128 ], [ -75.201956439956703, 39.957158458287822 ], [ -75.199624934096846, 39.956869819202261 ], [ -75.198010210381895, 39.956663752809717 ], [ -75.196123110009864, 39.956438283450247 ], [ -75.195644081790277, 39.956377612749876 ], [ -75.194155526724415, 39.95618906644966 ], [ -75.191736094101074, 39.955893000634944 ], [ -75.191466937880747, 39.955852158007531 ], [ -75.189491321902238, 39.955602272066038 ], [ -75.188268752441587, 39.955451048246523 ], [ -75.187962120731029, 39.95541278250451 ], [ -75.187480672119307, 39.95535480115899 ], [ -75.187066528685733, 39.95530492403816 ], [ -75.185360546635636, 39.955089040025683 ], [ -75.184331329690039, 39.954956324969501 ], [ -75.183871791086275, 39.954897065884055 ], [ -75.183336831926596, 39.954828078734828 ], [ -75.18145858826756, 39.954628607867576 ], [ -75.18051984405777, 39.954517591760606 ], [ -75.180410262589476, 39.954504185500525 ], [ -75.180389473657158, 39.954501203321598 ] ] ] } },
{ "type": "Feature", "properties": { "district": 16.0, "complaints": 0, "population": 39711.0, "cat_departmental_violations": 0, "cat_lack_of_service": 0, "cat_other": 0, "cat_physical_abuse": 0, "cat_unprofessional_conduct": 0, "cat_verbal_abuse": 0, "race_black": 0, "race_latino": 0, "race_other": 0, "race_unknown": 0, "race_white": 0, "per_50k": 0.0 }, "geometry": { "type": "Polygon", "coordinates": [ [ [ -75.224869856685004, 39.960014818042879 ], [ -75.224869618650501, 39.960015993111654 ], [ -75.224770649691067, 39.960505696813307 ], [ -75.224707669747104, 39.960817318308131 ], [ -75.224608489365394, 39.961277399641311 ], [ -75.224482307680674, 39.961867426799856 ], [ -75.22422180304126, 39.963095741972424 ], [ -75.224322151199516, 39.963584837002351 ], [ -75.22449781404913, 39.964441003983097 ], [ -75.2245930381508, 39.964905103016733 ], [ -75.224643041878096, 39.965193028278165 ], [ -75.224709466174929, 39.965576271108844 ], [ -75.224767231898838, 39.965919102761305 ], [ -75.224815182304212, 39.966215275504005 ], [ -75.224889829627614, 39.966652047245503 ], [ -75.224965752663365, 39.967119924211687 ], [ -75.225048668646679, 39.967594385404972 ], [ -75.225059073113059, 39.967656313804305 ], [ -75.22511983587502, 39.968017972614504 ], [ -75.225142821793668, 39.968154782289467 ], [ -75.225216191151915, 39.968597759586757 ], [ -75.225375465091034, 39.969526874559065 ], [ -75.225453173780579, 39.969834013547057 ], [ -75.225565333294355, 39.97027731324652 ], [ -75.225618710883822, 39.970488280379975 ], [ -75.225836708938317, 39.971373734638924 ], [ -75.225844163675873, 39.971439822824145 ], [ -75.225714452244972, 39.971472967917308 ], [ -75.225386604256528, 39.971540409298186 ], [ -75.223674695324306, 39.971903837049695 ], [ -75.223297845157632, 39.971984088007623 ], [ -75.222250575070333, 39.972209912260944 ], [ -75.222012688974459, 39.972262396966308 ], [ -75.219075908248101, 39.972886454360847 ], [ -75.218419598988945, 39.97303321457062 ], [ -75.217769865909915, 39.972636076166573 ], [ -75.21746626794689, 39.972670729384184 ], [ -75.216334465287247, 39.972799907978775 ], [ -75.213889748124956, 39.973063324971598 ], [ -75.212214778239343, 39.973251709552741 ], [ -75.212423555798111, 39.973992984582154 ], [ -75.212617524312478, 39.97473100701464 ], [ -75.212854666771563, 39.975582180761066 ], [ -75.212921598517624, 39.975822413300527 ], [ -75.213012137881293, 39.976147377989214 ], [ -75.213124515924619, 39.976554755214444 ], [ -75.213306903361229, 39.977226465879184 ], [ -75.213472607698435, 39.977800175829614 ], [ -75.213708771898013, 39.978630226895824 ], [ -75.214161357113767, 39.980312004141354 ], [ -75.214502988388219, 39.981557945535336 ], [ -75.214651743139086, 39.982140979862429 ], [ -75.214719826029025, 39.982323011986963 ], [ -75.214767488604124, 39.982496388461989 ], [ -75.214947151253654, 39.983149924483165 ], [ -75.215419481064671, 39.984867994723764 ], [ -75.215682601221459, 39.985796078938911 ], [ -75.216224117304151, 39.987737700604931 ], [ -75.216884374066154, 39.990210198408739 ], [ -75.216951385122229, 39.990454629164709 ], [ -75.217325395213038, 39.991818844571405 ], [ -75.217537437365962, 39.992592256791085 ], [ -75.21791368040104, 39.993935985149548 ], [ -75.217997433007909, 39.994232655835958 ], [ -75.217697486294597, 39.994485371103529 ], [ -75.217436277123397, 39.99470463385012 ], [ -75.217131934547012, 39.995020251336555 ], [ -75.216334493095502, 39.995835853944037 ], [ -75.216155684840189, 39.9959657064826 ], [ -75.215993810460958, 39.996065522928895 ], [ -75.21581681528184, 39.996146760092778 ], [ -75.215575704965332, 39.996250908429943 ], [ -75.213543440453989, 39.996887178853079 ], [ -75.212696623000483, 39.997117817129464 ], [ -75.212384277779776, 39.997197726910208 ], [ -75.211697434754214, 39.997316873397139 ], [ -75.207571091754829, 39.99803282231565 ], [ -75.20711969285297, 39.999023669073956 ], [ -75.206452158612905, 39.999800213674568 ], [ -75.205463164941676, 40.000950663960531 ], [ -75.204502762295405, 40.000533716601197 ], [ -75.203920069131271, 40.000638398029224 ], [ -75.203389606592495, 40.001303837623624 ], [ -75.203314406870788, 40.001678393315693 ], [ -75.202545250842761, 40.002294640671565 ], [ -75.201449469556664, 40.003864337998927 ], [ -75.201150438098793, 40.004292683300918 ], [ -75.202106552926679, 40.004677705066811 ], [ -75.20235658848965, 40.004778390895623 ], [ -75.203609526993375, 40.005163547704619 ], [ -75.207039533120778, 40.006217850948396 ], [ -75.207600832695846, 40.006416841059725 ], [ -75.207502194435378, 40.006482428252262 ], [ -75.207416409568296, 40.006548595550818 ], [ -75.206926149892013, 40.006917684194939 ], [ -75.206806837603978, 40.006993744735162 ], [ -75.206547768880668, 40.00712641581385 ], [ -75.206320611086468, 40.00720203459057 ], [ -75.206084268294262, 40.007261699887273 ], [ -75.205706529349357, 40.00734931408077 ], [ -75.204998807173766, 40.007493748781556 ], [ -75.204683643442152, 40.00756207686468 ], [ -75.204374101976811, 40.007629184460988 ], [ -75.203864279802048, 40.007739710155178 ], [ -75.20358367102439, 40.007800543896742 ], [ -75.203828732178792, 40.008026387735825 ], [ -75.203971728094118, 40.008158099597871 ], [ -75.204068237218749, 40.008246993713634 ], [ -75.204682910403491, 40.008538478251779 ], [ -75.2049412581148, 40.00870577144228 ], [ -75.206467049055803, 40.009023450185531 ], [ -75.206939675963596, 40.009073486367051 ], [ -75.207953155670836, 40.008343729800941 ], [ -75.208492527985712, 40.008694156492822 ], [ -75.208879617509581, 40.008468542591324 ], [ -75.209117027969441, 40.008625209372724 ], [ -75.20940392138337, 40.008814529103383 ], [ -75.209229149702679, 40.009047232090644 ], [ -75.209054881227402, 40.009279262112749 ], [ -75.208935800343838, 40.00943781220095 ], [ -75.208927111551674, 40.009449379769407 ], [ -75.208925810589818, 40.00945427314727 ], [ -75.208922071850139, 40.00945608430515 ], [ -75.208300677247649, 40.009750679470173 ], [ -75.207316898443494, 40.010217060387916 ], [ -75.207240317189857, 40.011023492862201 ], [ -75.206153093936081, 40.011825513199192 ], [ -75.206091792598812, 40.011781211435562 ], [ -75.205942496685736, 40.011673315144677 ], [ -75.205670296096386, 40.011476596253075 ], [ -75.205517664559281, 40.011366288260717 ], [ -75.205445648201376, 40.011314241519436 ], [ -75.205344238274876, 40.011255210138117 ], [ -75.204561283162974, 40.010861249206386 ], [ -75.203080431265477, 40.010241791286127 ], [ -75.201731114742927, 40.00978927979093 ], [ -75.19903257986202, 40.008911346651587 ], [ -75.197518054254886, 40.008400637901659 ], [ -75.1973313864152, 40.008337689943609 ], [ -75.196307311698135, 40.007992346518783 ], [ -75.195350474206762, 40.007781556668135 ], [ -75.194686102643686, 40.007532282206668 ], [ -75.194324131268374, 40.007396467974644 ], [ -75.193451185434924, 40.007068930861664 ], [ -75.193298640854294, 40.007008206475007 ], [ -75.193260891771274, 40.006986684124186 ], [ -75.193111722910345, 40.006901636309102 ], [ -75.192884459788772, 40.00677206373539 ], [ -75.192738900400443, 40.006689073517322 ], [ -75.192720802646434, 40.006678753023046 ], [ -75.192593704849898, 40.006563400626092 ], [ -75.192552822380208, 40.006507530344685 ], [ -75.192500889323568, 40.006436563490901 ], [ -75.192405018835885, 40.006305548725194 ], [ -75.192182892035959, 40.006018487745592 ], [ -75.192112386649498, 40.005927371267063 ], [ -75.192051810441029, 40.00584908645768 ], [ -75.191709628448649, 40.005254752478358 ], [ -75.19168312061899, 40.005199268846049 ], [ -75.191631322023085, 40.005062131910066 ], [ -75.191544893155054, 40.004659205570974 ], [ -75.191386815991237, 40.003836037609275 ], [ -75.191344768489628, 40.002602646478998 ], [ -75.191333218213103, 40.001901541700128 ], [ -75.191476029389264, 40.000652115944007 ], [ -75.191629898266839, 39.999659171168275 ], [ -75.191708205120733, 39.999402807564124 ], [ -75.191720195095087, 39.999363554803246 ], [ -75.192215658445718, 39.99774142781532 ], [ -75.192890629440328, 39.996483896253288 ], [ -75.193786303417554, 39.995389905660019 ], [ -75.193948215150627, 39.9951921389208 ], [ -75.194214176764433, 39.994867277186344 ], [ -75.194214815882972, 39.99486666792022 ], [ -75.195952123685331, 39.99321123743826 ], [ -75.195952569628446, 39.993210811274011 ], [ -75.1969385216847, 39.992271280352099 ], [ -75.197039058428189, 39.992191849348877 ], [ -75.198181190387501, 39.991032396685107 ], [ -75.198181841930193, 39.991031735416328 ], [ -75.198639371338814, 39.990567254102558 ], [ -75.199113494955654, 39.990154854877815 ], [ -75.200528968106099, 39.988874967358257 ], [ -75.202058955736803, 39.987339868054562 ], [ -75.203869255770911, 39.985814660074752 ], [ -75.204045055314097, 39.985657610912469 ], [ -75.204091745443151, 39.985615900297447 ], [ -75.20435108263132, 39.985146062438588 ], [ -75.204251313321095, 39.983647341829887 ], [ -75.203978112273703, 39.982665474535786 ], [ -75.201584813045585, 39.980555968049529 ], [ -75.200083072013811, 39.979555378309378 ], [ -75.198954101023077, 39.978922891304599 ], [ -75.196191631405242, 39.977769262231895 ], [ -75.194342193156785, 39.97664474410572 ], [ -75.193586954957695, 39.976074599426688 ], [ -75.193298640139318, 39.975783512069405 ], [ -75.193294651350783, 39.975776758450607 ], [ -75.193138985728382, 39.975513191911155 ], [ -75.193023470701775, 39.97523289157548 ], [ -75.193012207590968, 39.975205558131798 ], [ -75.192540601857175, 39.974367881545938 ], [ -75.192227967169828, 39.973669059581638 ], [ -75.19217821412029, 39.973496745643438 ], [ -75.1914843097138, 39.971635272653693 ], [ -75.19103850731284, 39.970275872384754 ], [ -75.190783794973356, 39.969848125316595 ], [ -75.190475403409081, 39.969538148447988 ], [ -75.189970216150584, 39.969223779282679 ], [ -75.189318146835205, 39.968887186269264 ], [ -75.188647527630096, 39.968743746234978 ], [ -75.187912685119343, 39.96848560867096 ], [ -75.187325506676245, 39.968279338631561 ], [ -75.186636972399597, 39.967883739086744 ], [ -75.186472107459252, 39.967723013502713 ], [ -75.185982168160464, 39.967196571742633 ], [ -75.185929638202325, 39.967140129055785 ], [ -75.185917393417256, 39.967126970086554 ], [ -75.184304404164962, 39.965393733131592 ], [ -75.183553739787101, 39.964514521063698 ], [ -75.183387949886452, 39.964292429212804 ], [ -75.182968702518366, 39.963730798987882 ], [ -75.181443417754849, 39.962038721305213 ], [ -75.180739931017243, 39.961307790352301 ], [ -75.180504924781928, 39.960898343641951 ], [ -75.180448525287858, 39.960804466446199 ], [ -75.180125857706074, 39.960342849353978 ], [ -75.180074396657616, 39.960236221532639 ], [ -75.179935045595826, 39.95994748563686 ], [ -75.179771615948596, 39.959608857207556 ], [ -75.179569703108896, 39.959093153658799 ], [ -75.179393969725368, 39.958543937486439 ], [ -75.179362290189161, 39.958387765291 ], [ -75.179344924683377, 39.958003645203952 ], [ -75.179366229048881, 39.957639397533882 ], [ -75.179407654008855, 39.957195147564647 ], [ -75.179514149026801, 39.956657638519907 ], [ -75.179561298259458, 39.956473201864128 ], [ -75.179626217303451, 39.956315883735023 ], [ -75.179755432920203, 39.956002760653881 ], [ -75.179931602333767, 39.955575846420103 ], [ -75.180021307001468, 39.95535846241004 ], [ -75.180151826121033, 39.955042166864452 ], [ -75.180215596859469, 39.954909781654806 ], [ -75.180328443659164, 39.954643143061851 ], [ -75.180341170499361, 39.954613069457153 ], [ -75.180389473657158, 39.954501203321598 ], [ -75.180410262589476, 39.954504185500525 ], [ -75.18051984405777, 39.954517591760606 ], [ -75.18145858826756, 39.954628607867576 ], [ -75.183336831926596, 39.954828078734828 ], [ -75.183871791086275, 39.954897065884055 ], [ -75.184331329690039, 39.954956324969501 ], [ -75.185360546635636, 39.955089040025683 ], [ -75.187066528685733, 39.95530492403816 ], [ -75.187480672119307, 39.95535480115899 ], [ -75.187962120731029, 39.95541278250451 ], [ -75.188268752441587, 39.955451048246523 ], [ -75.189491321902238, 39.955602272066038 ], [ -75.191466937880747, 39.955852158007531 ], [ -75.191736094101074, 39.955893000634944 ], [ -75.194155526724415, 39.95618906644966 ], [ -75.195644081790277, 39.956377612749876 ], [ -75.196123110009864, 39.956438283450247 ], [ -75.198010210381895, 39.956663752809717 ], [ -75.199624934096846, 39.956869819202261 ], [ -75.201956439956703, 39.957158458287822 ], [ -75.203407031165284, 39.957338718357128 ], [ -75.20414780715781, 39.957431419469074 ], [ -75.205039060111488, 39.95754074282825 ], [ -75.205336321664817, 39.957577229274627 ], [ -75.205777334209245, 39.95763135957376 ], [ -75.20607766979704, 39.957668223100512 ], [ -75.208130516405419, 39.957924873094932 ], [ -75.209424349117299, 39.958083072009487 ], [ -75.211042781214928, 39.958285406578199 ], [ -75.211269905811619, 39.958313216407127 ], [ -75.211624715916372, 39.95835665870905 ], [ -75.213019761626725, 39.95852745542593 ], [ -75.214021601150023, 39.958652635447031 ], [ -75.217003830577099, 39.95902488913827 ], [ -75.217174338272415, 39.959046227563356 ], [ -75.217792507485996, 39.959123587397357 ], [ -75.218956675611068, 39.959269265278309 ], [ -75.219178716423002, 39.9592973922487 ], [ -75.219985066459287, 39.959395508293326 ], [ -75.220922707469114, 39.959514434662395 ], [ -75.221911287851441, 39.959635182161939 ], [ -75.222398630124772, 39.959689628269707 ], [ -75.222902856290844, 39.959754439869819 ], [ -75.223031429776555, 39.959769711939629 ], [ -75.223521038494411, 39.959827863917042 ], [ -75.223886128325859, 39.95987122673607 ], [ -75.22421501304558, 39.959908781774224 ], [ -75.224774381208746, 39.959984357716529 ], [ -75.224869856685004, 39.960014818042879 ] ] ] } },
{ "type": "Feature", "properties": { "district": 3.0, "complaints": 0, "population": 91318.0, "cat_departmental_violations": 0, "cat_lack_of_service": 0, "cat_other": 0, "cat_physical_abuse": 0, "cat_unprofessional_conduct": 0, "cat_verbal_abuse": 0, "race_black": 0, "race_latino": 0, "race_other": 0, "race_unknown": 0, "race_white": 0, "per_50k": 0.0 }, "geometry": { "type": "Polygon", "coordinates": [ [ [ -75.135270568928192, 39.893601073454356 ], [ -75.144973379864552, 39.894777866923285 ], [ -75.145353729413216, 39.894825766665392 ], [ -75.148837948428195, 39.895247990766542 ], [ -75.152510449021193, 39.895695630065461 ], [ -75.152746776789968, 39.895725403132126 ], [ -75.154126738769889, 39.895899242041295 ], [ -75.156072834999179, 39.896137621372908 ], [ -75.15827842351338, 39.896393980874898 ], [ -75.159290753949918, 39.896517063467087 ], [ -75.162233075714923, 39.896877955966701 ], [ -75.162931882660914, 39.896963656758899 ], [ -75.163230752766353, 39.896982547755734 ], [ -75.165860574930846, 39.897072228847563 ], [ -75.16621527648266, 39.89707415308888 ], [ -75.166562794299651, 39.897057696670075 ], [ -75.166680953677727, 39.897060358885703 ], [ -75.166963379839359, 39.897097086253787 ], [ -75.167143864061359, 39.897119371933428 ], [ -75.169576304869182, 39.897216665344466 ], [ -75.169970386630212, 39.897258482958158 ], [ -75.170247129603084, 39.897287849014546 ], [ -75.170447911967969, 39.897309153683821 ], [ -75.170575097924981, 39.8972816535071 ], [ -75.170710852950918, 39.897236129294612 ], [ -75.170807911236778, 39.897171515662592 ], [ -75.170906119942401, 39.897076564531829 ], [ -75.170964941524431, 39.896980727101607 ], [ -75.170991794635583, 39.896896316934168 ], [ -75.170967197461806, 39.896691673673153 ], [ -75.170979010637481, 39.89669532368773 ], [ -75.171024522197342, 39.896708888936253 ], [ -75.171070243268957, 39.896721957915865 ], [ -75.171116194873505, 39.896734469830385 ], [ -75.171162391539383, 39.896746380856605 ], [ -75.171208769243606, 39.896757898589243 ], [ -75.171255296350253, 39.896769116923096 ], [ -75.171301960590569, 39.896780050899082 ], [ -75.171348752067715, 39.896790714710683 ], [ -75.171395659681849, 39.896801123425277 ], [ -75.171442671164144, 39.896811292084102 ], [ -75.171489777786846, 39.896821234906731 ], [ -75.17153696731512, 39.896830966034223 ], [ -75.171584228615487, 39.896840501434269 ], [ -75.171631551790881, 39.896849855300353 ], [ -75.171678925741972, 39.896859042700058 ], [ -75.171726339368831, 39.896868078700869 ], [ -75.171773780539766, 39.89687697474298 ], [ -75.171821240322174, 39.896885750447865 ], [ -75.171868708887487, 39.896894418208603 ], [ -75.171916202257435, 39.896902987395656 ], [ -75.171963738099933, 39.896911454802456 ], [ -75.172011313010771, 39.896919817649213 ], [ -75.172058927126344, 39.896928072334973 ], [ -75.17210657938007, 39.89693621613258 ], [ -75.172154269976403, 39.896944243640576 ], [ -75.172201998949319, 39.896952153958573 ], [ -75.172249760727624, 39.896959939753259 ], [ -75.172297558885617, 39.896967599302812 ], [ -75.17234539239081, 39.896975128980081 ], [ -75.172393256670205, 39.896982525978949 ], [ -75.172441155400449, 39.896989785877096 ], [ -75.17248908638031, 39.896996905020906 ], [ -75.172537046171271, 39.897003881530992 ], [ -75.172585036248762, 39.897010707331489 ], [ -75.172633056578746, 39.897017383322407 ], [ -75.172681103790708, 39.897023905823971 ], [ -75.172729180494898, 39.897030267686816 ], [ -75.172777287859944, 39.897036468937031 ], [ -75.17282542901647, 39.897042519556216 ], [ -75.172873602454118, 39.897048428520563 ], [ -75.172921805528105, 39.897054203879598 ], [ -75.172970036591693, 39.897059858210511 ], [ -75.173018291762929, 39.897065401337201 ], [ -75.173066570666492, 39.897070843162318 ], [ -75.173114869352119, 39.897076195310241 ], [ -75.173163187512756, 39.897081465883126 ], [ -75.173211520029582, 39.89708666647909 ], [ -75.173259867661884, 39.897091807927389 ], [ -75.173308225427377, 39.897096898225143 ], [ -75.173356591679521, 39.897101949949487 ], [ -75.173404966145497, 39.897106970302367 ], [ -75.173829557878207, 39.897156547823187 ], [ -75.173878627759876, 39.897156737950176 ], [ -75.175401597539846, 39.897351692849256 ], [ -75.175636816485095, 39.897381800730358 ], [ -75.175579315769937, 39.897663720393176 ], [ -75.175548266169784, 39.897815953867472 ], [ -75.175506350003815, 39.89802146077767 ], [ -75.175574959283438, 39.898503468184707 ], [ -75.17555123130596, 39.899130579569366 ], [ -75.175549872864963, 39.899166491394858 ], [ -75.175523453356845, 39.899238216076881 ], [ -75.175512307032335, 39.899280276431483 ], [ -75.175486603587856, 39.899377269899745 ], [ -75.175485659943945, 39.899380349093391 ], [ -75.175454887433901, 39.899522024401172 ], [ -75.175408800701788, 39.899734204243863 ], [ -75.175337208134096, 39.900063813344424 ], [ -75.17532717237097, 39.900106969035392 ], [ -75.17529535325157, 39.900243796778831 ], [ -75.174897117104294, 39.901956250624167 ], [ -75.174565518775765, 39.903426560203819 ], [ -75.174476027337221, 39.903854191767032 ], [ -75.174143579008572, 39.905442742215278 ], [ -75.17383890813818, 39.90678736479957 ], [ -75.173793093074423, 39.907008074804729 ], [ -75.173681415556473, 39.907546055542795 ], [ -75.173643418015175, 39.907729105807192 ], [ -75.173480725649512, 39.908473798485254 ], [ -75.173295726878834, 39.909292225114939 ], [ -75.173054466123332, 39.910522413668872 ], [ -75.173028172066495, 39.910626171806591 ], [ -75.172996853424564, 39.910844153913139 ], [ -75.172915166469878, 39.911301351188243 ], [ -75.172879558386597, 39.911432675505061 ], [ -75.172742608954906, 39.911953242182371 ], [ -75.17266387944062, 39.912295710280922 ], [ -75.172655691197718, 39.912340501240045 ], [ -75.172643950720925, 39.912404735522529 ], [ -75.172636075301497, 39.912443681424563 ], [ -75.172515118625412, 39.913041875734244 ], [ -75.172391772923575, 39.913157435593412 ], [ -75.172345727867736, 39.913259637709885 ], [ -75.172281206318644, 39.913402849438661 ], [ -75.172063149843197, 39.913886839765944 ], [ -75.171878817447649, 39.914265285487808 ], [ -75.171896035646597, 39.914324452159114 ], [ -75.17192827125551, 39.914382277022675 ], [ -75.171879281638866, 39.914612780326642 ], [ -75.171840895095414, 39.914793390493955 ], [ -75.171819588509081, 39.914893647512542 ], [ -75.171697419013938, 39.915490441685584 ], [ -75.171425273531483, 39.916766714937417 ], [ -75.17139751922889, 39.916894064570471 ], [ -75.171307504722009, 39.917317678577902 ], [ -75.171180689179039, 39.917904938770704 ], [ -75.171017313578673, 39.918667395188862 ], [ -75.170856787402954, 39.919419513327682 ], [ -75.170583341668944, 39.920662762617219 ], [ -75.170312318220894, 39.921894956441285 ], [ -75.170026483310295, 39.923147112834847 ], [ -75.169970695852626, 39.923401264750666 ], [ -75.16988672461143, 39.923783808753164 ], [ -75.169747403241018, 39.924418502428331 ], [ -75.169502039404335, 39.92554083309556 ], [ -75.169496086395071, 39.925605625385472 ], [ -75.169229967038532, 39.926815342063712 ], [ -75.169186019776419, 39.927015111810775 ], [ -75.169131227976379, 39.927264172592885 ], [ -75.168959511153446, 39.928044731690683 ], [ -75.168822451700947, 39.928667726264088 ], [ -75.168690955385927, 39.929265432809025 ], [ -75.168504606940445, 39.930112435434133 ], [ -75.168456432993906, 39.930331396077044 ], [ -75.168424896742479, 39.930474735998295 ], [ -75.168152989056367, 39.931710580741978 ], [ -75.167881600501005, 39.932944022005636 ], [ -75.16782442416276, 39.933235261971156 ], [ -75.167752347434472, 39.933602390535391 ], [ -75.16764292669518, 39.934159730451988 ], [ -75.167305124390552, 39.935705055767592 ], [ -75.167144144319025, 39.936471992649508 ], [ -75.167008295904964, 39.937050502819581 ], [ -75.166970428732455, 39.937197155276387 ], [ -75.166818887793582, 39.937878067305284 ], [ -75.16657226458004, 39.939072046499405 ], [ -75.166529518783719, 39.939269971195216 ], [ -75.166419197942204, 39.939780775098441 ], [ -75.166363289450302, 39.940039642597675 ], [ -75.166277544082604, 39.940450932269997 ], [ -75.166207611164893, 39.940822981164736 ], [ -75.166174257317394, 39.940978221777605 ], [ -75.166019350534057, 39.941699196610472 ], [ -75.165991339274058, 39.941829566968508 ], [ -75.165849480343354, 39.942419286355403 ], [ -75.165781167704793, 39.942794446747158 ], [ -75.1656750992002, 39.943209787801017 ], [ -75.165577120468427, 39.943673853304396 ], [ -75.165468890417756, 39.944085294572815 ], [ -75.165408154462156, 39.94436954722228 ], [ -75.165343172770278, 39.94467366709118 ], [ -75.165203766612123, 39.944656404042071 ], [ -75.165183561633512, 39.944653120432662 ], [ -75.164526691384381, 39.944578874955567 ], [ -75.164157623377008, 39.944532492708973 ], [ -75.16362574209424, 39.944462136435725 ], [ -75.163315585581088, 39.944421108265168 ], [ -75.163139298239216, 39.94439778775844 ], [ -75.162689246833281, 39.944353761319988 ], [ -75.162351076636469, 39.944308210722021 ], [ -75.161557957218022, 39.944205499797285 ], [ -75.160773315972932, 39.944113979748444 ], [ -75.160397478819235, 39.944063407640108 ], [ -75.159987313457933, 39.944018329322617 ], [ -75.158417290932817, 39.943823730400716 ], [ -75.157720993246244, 39.943738884132408 ], [ -75.157048996620077, 39.94365148165474 ], [ -75.156843967631559, 39.943624521963258 ], [ -75.155827566472311, 39.943495283985563 ], [ -75.155270047686713, 39.943424389839464 ], [ -75.154576093455347, 39.943337743742326 ], [ -75.153696720987924, 39.943227640780492 ], [ -75.15212074401866, 39.943033866172229 ], [ -75.151333261171814, 39.942930341158792 ], [ -75.15096285565329, 39.942888107939147 ], [ -75.150540981951877, 39.942832058551147 ], [ -75.150281921170105, 39.942800207918488 ], [ -75.148416343752359, 39.942571557057249 ], [ -75.147384925826415, 39.942446147664008 ], [ -75.146357592093622, 39.942312607907851 ], [ -75.145645685181947, 39.942226705316045 ], [ -75.145451982572581, 39.942169384434699 ], [ -75.145256179605695, 39.942124724438663 ], [ -75.143986016561072, 39.941959778208016 ], [ -75.142577707561443, 39.941602552614114 ], [ -75.142014944352113, 39.941585165237171 ], [ -75.1416706035765, 39.941576061870208 ], [ -75.141450065301257, 39.941564505813666 ], [ -75.136382062869529, 39.941078538765673 ], [ -75.136477292203807, 39.93860246317854 ], [ -75.136428663401048, 39.935900779576002 ], [ -75.136403518268793, 39.934503857453983 ], [ -75.135528896661043, 39.929169789841495 ], [ -75.13478017786538, 39.927018922946296 ], [ -75.134487194996012, 39.92617724939376 ], [ -75.132346968772808, 39.921675225000854 ], [ -75.131634219708786, 39.920152882500986 ], [ -75.130351959513803, 39.917413974600187 ], [ -75.130208467436745, 39.917040715331176 ], [ -75.129277806189279, 39.914619707665615 ], [ -75.129027439861773, 39.913968352251906 ], [ -75.128740091140514, 39.91322082191401 ], [ -75.128467003726399, 39.910305153087144 ], [ -75.12953889254544, 39.90649991582017 ], [ -75.130616387790027, 39.902546354144434 ], [ -75.132051445468974, 39.899313467935762 ], [ -75.13469868620983, 39.894623833256539 ], [ -75.135270568928192, 39.893601073454356 ] ] ] } },
{ "type": "Feature", "properties": { "district": 17.0, "complaints": 0, "population": 49665.0, "cat_departmental_violations": 0, "cat_lack_of_service": 0, "cat_other": 0, "cat_physical_abuse": 0, "cat_unprofessional_conduct": 0, "cat_verbal_abuse": 0, "race_black": 0, "race_latino": 0, "race_other": 0, "race_unknown": 0, "race_white": 0, "per_50k": 0.0 }, "geometry": { "type": "Polygon", "coordinates": [ [ [ -75.168959507679673, 39.928044730711441 ], [ -75.168980820377129, 39.928048057617175 ], [ -75.169055084973934, 39.92805965108294 ], [ -75.169234527673481, 39.928087659338104 ], [ -75.169583481347033, 39.928142125216802 ], [ -75.170051745321089, 39.928196393792341 ], [ -75.170272639126793, 39.928228286495944 ], [ -75.170881969670234, 39.928308158487347 ], [ -75.171139648542422, 39.928338076470347 ], [ -75.171597999551537, 39.92839661180939 ], [ -75.172157294045576, 39.928472301075765 ], [ -75.172701769972818, 39.928529407202994 ], [ -75.173163865376637, 39.928597036828144 ], [ -75.173730625909954, 39.928669737070564 ], [ -75.17529218042651, 39.928876330375381 ], [ -75.175881310730219, 39.928950282589426 ], [ -75.176336994139746, 39.929009181325263 ], [ -75.176874086633191, 39.929070982552958 ], [ -75.1784469873391, 39.929280509034129 ], [ -75.179198343325126, 39.929378369857005 ], [ -75.179959476002409, 39.929477498100759 ], [ -75.180370253551189, 39.929530995334531 ], [ -75.181947318434879, 39.929738993480107 ], [ -75.183602932622719, 39.929937200096155 ], [ -75.183824147591935, 39.929964691103621 ], [ -75.185242271523109, 39.930155562545359 ], [ -75.185774674348053, 39.930215483285657 ], [ -75.186272176775304, 39.930283851258125 ], [ -75.187029147242825, 39.930390935558904 ], [ -75.188062876068756, 39.93051908085399 ], [ -75.188269619185391, 39.930545337990544 ], [ -75.18892944257739, 39.930628206188636 ], [ -75.190223827979111, 39.930788445917081 ], [ -75.191008755216444, 39.930883963197068 ], [ -75.191785325970343, 39.930991663996515 ], [ -75.192325462138797, 39.931063679345407 ], [ -75.192818852192943, 39.931125632477453 ], [ -75.193355008242648, 39.931194830432297 ], [ -75.193382528271968, 39.931089878247718 ], [ -75.193782353862275, 39.930855106288384 ], [ -75.194246407614443, 39.930607890697047 ], [ -75.194650593811303, 39.930391174609021 ], [ -75.195105648705805, 39.930147183494313 ], [ -75.195585344434107, 39.929882847858202 ], [ -75.195735584610389, 39.92979791091706 ], [ -75.195846277612048, 39.929741315349531 ], [ -75.196117254819143, 39.929602768442479 ], [ -75.196207860856674, 39.92955554617609 ], [ -75.196653558497815, 39.929323258405908 ], [ -75.196925035357836, 39.929174964684421 ], [ -75.19723843217524, 39.929428862451466 ], [ -75.197508314631108, 39.929679616643448 ], [ -75.19769723246327, 39.92985514156274 ], [ -75.197851223868355, 39.929998213976667 ], [ -75.198177348095939, 39.930301214205684 ], [ -75.198440434705404, 39.930582225599906 ], [ -75.198973498123124, 39.931168547572618 ], [ -75.199589086288327, 39.931816283010157 ], [ -75.199643592131267, 39.93190890404253 ], [ -75.200354296851572, 39.93207693283258 ], [ -75.200713147941755, 39.932158300030899 ], [ -75.203790560663009, 39.932829282851856 ], [ -75.204415294898169, 39.932957182784328 ], [ -75.205860213540049, 39.934990844333491 ], [ -75.205881855010489, 39.935031200161099 ], [ -75.205694696380561, 39.935257208886959 ], [ -75.205588123779535, 39.935472847963574 ], [ -75.205520349568786, 39.935609977370973 ], [ -75.205481696383075, 39.935688185637495 ], [ -75.205352271009517, 39.936187320407292 ], [ -75.205307130521675, 39.936735682882961 ], [ -75.205271579673294, 39.937685146538058 ], [ -75.205180268059507, 39.93886402110148 ], [ -75.205132640152186, 39.940738382552205 ], [ -75.205124809500759, 39.940813272386556 ], [ -75.205104942536451, 39.940999964793349 ], [ -75.205077779183682, 39.941255214012301 ], [ -75.204962518975165, 39.942338329974213 ], [ -75.204601973015926, 39.942765392866626 ], [ -75.204155176962544, 39.943087332997479 ], [ -75.203863418247622, 39.94325856201732 ], [ -75.203209694589788, 39.943553956555924 ], [ -75.202340909343192, 39.943770665959633 ], [ -75.200672375529948, 39.943943533291296 ], [ -75.199782115647764, 39.943796649928956 ], [ -75.199004265837516, 39.943513846202613 ], [ -75.197021618586092, 39.94280205290174 ], [ -75.196753004595706, 39.942703378194459 ], [ -75.195745008765698, 39.942333086275013 ], [ -75.194993685042647, 39.942134577738997 ], [ -75.194225049300869, 39.942087654086897 ], [ -75.194127243056499, 39.942094902810425 ], [ -75.193787536970603, 39.942120076901695 ], [ -75.193717318978116, 39.942125280342985 ], [ -75.193232362118039, 39.942259513520014 ], [ -75.192595994016145, 39.942496121937289 ], [ -75.192368775771612, 39.942605642111204 ], [ -75.191710370978811, 39.943062402300548 ], [ -75.191601024030192, 39.943165589462353 ], [ -75.191515060846385, 39.943246711645955 ], [ -75.191156720759608, 39.943584862940043 ], [ -75.190095973457687, 39.944660333679764 ], [ -75.188262974534538, 39.946092970743251 ], [ -75.187420934494369, 39.946641112464476 ], [ -75.187056393102182, 39.94688783646059 ], [ -75.186826867470074, 39.947043180343677 ], [ -75.186467793715025, 39.947286199954014 ], [ -75.186433599344909, 39.947309346752505 ], [ -75.184026964317198, 39.94699537272146 ], [ -75.183746459989891, 39.946960557094783 ], [ -75.183515029593863, 39.946931831288737 ], [ -75.183470447702277, 39.946926298097004 ], [ -75.183460478484392, 39.946925060498906 ], [ -75.183459458859886, 39.946929461647528 ], [ -75.183441428649132, 39.946927294042418 ], [ -75.183074659200855, 39.946883190684318 ], [ -75.182873884854686, 39.946859047372591 ], [ -75.181642522667048, 39.946705523218867 ], [ -75.18053153602915, 39.946558459313032 ], [ -75.179511456537043, 39.946435845248061 ], [ -75.178954270298874, 39.946361639184325 ], [ -75.178345389409657, 39.946284455878008 ], [ -75.177547348457381, 39.946182871572333 ], [ -75.176750450671136, 39.946099133844662 ], [ -75.174841327104843, 39.945851633015891 ], [ -75.174039342630209, 39.945759213280439 ], [ -75.173515765049643, 39.945686112833485 ], [ -75.172732107626587, 39.945588138034829 ], [ -75.171696385002647, 39.945465782623366 ], [ -75.170107064950713, 39.945276640957474 ], [ -75.168538873337226, 39.9450650586937 ], [ -75.168129959119284, 39.945021902102852 ], [ -75.167290482836066, 39.94492530213909 ], [ -75.166973204154971, 39.944886361709244 ], [ -75.166273029375915, 39.944798230555428 ], [ -75.165343172770278, 39.94467366709118 ], [ -75.165408154462156, 39.94436954722228 ], [ -75.165468890417756, 39.944085294572815 ], [ -75.165577120468427, 39.943673853304396 ], [ -75.1656750992002, 39.943209787801017 ], [ -75.165781167704793, 39.942794446747158 ], [ -75.165849480343354, 39.942419286355403 ], [ -75.165991339274058, 39.941829566968508 ], [ -75.166019350534057, 39.941699196610472 ], [ -75.166174257317394, 39.940978221777605 ], [ -75.166207611164893, 39.940822981164736 ], [ -75.166277544082604, 39.940450932269997 ], [ -75.166363289450302, 39.940039642597675 ], [ -75.166419197942204, 39.939780775098441 ], [ -75.166529518783719, 39.939269971195216 ], [ -75.16657226458004, 39.939072046499405 ], [ -75.166818887793582, 39.937878067305284 ], [ -75.166970428732455, 39.937197155276387 ], [ -75.167008295904964, 39.937050502819581 ], [ -75.167144144319025, 39.936471992649508 ], [ -75.167305124390552, 39.935705055767592 ], [ -75.16764292669518, 39.934159730451988 ], [ -75.167752347434472, 39.933602390535391 ], [ -75.16782442416276, 39.933235261971156 ], [ -75.167881600501005, 39.932944022005636 ], [ -75.168152989056367, 39.931710580741978 ], [ -75.168424896742479, 39.930474735998295 ], [ -75.168456432993906, 39.930331396077044 ], [ -75.168504606940445, 39.930112435434133 ], [ -75.168690955385927, 39.929265432809025 ], [ -75.168822451700947, 39.928667726264088 ], [ -75.168959507679673, 39.928044730711441 ] ] ] } }
]
}
