{
"type": "FeatureCollection",
"name": "9f9f8054-e299-446e-a92d-a6ce003337972020328-1-j3dwxs.3oyqd",
"crs": { "type": "name", "properties": { "name": "urn:ogc:def:crs:OGC:1.3:CRS84" } },
"features": [
{ "type": "Feature", "properties": { "OBJECTID_1": 1, "AGE": 51, "RACE": "Black", "SEX": "Female", "TYPE": "ABUSE OF AUTHORITY", "DATE_": 1297123200000, "UNIT": "Airport", "ACTION": "Reject", "STATUS": "Closed", "LONG_": -75.229307, "LAT": 39.894728 }, "geometry": { "type": "Point", "coordinates": [ -75.2293069996188, 39.894728000101203 ] } },
{ "type": "Feature", "properties": { "OBJECTID_1": 2, "AGE": 45, "RACE": "Black", "SEX": "Male", "TYPE": "ABUSE OF AUTHORITY", "DATE_": 1306281600000, "UNIT": "Airport", "ACTION": "Accept", "STATUS": "Closed", "LONG_": -75.229307, "LAT": 39.894728 }, "geometry": { "type": "Point", "coordinates": [ -75.2293069996188, 39.894728000101203 ] } },
{ "type": "Feature", "properties": { "OBJECTID_1": 3, "AGE": 38, "RACE": "Black", "SEX": "Female", "TYPE": "ABUSE OF AUTHORITY", "DATE_": 1305158400000, "UNIT": "DET", "ACTION": "Accept", "STATUS": "Open", "LONG_": -75.23351, "LAT": 39.970535 }, "geometry": { "type": "Point", "coordinates": [ -75.233510000086895, 39.970535000294099 ] } },
{ "type": "Feature", "properties": { "OBJECTID_1": 4, "AGE": 33, "RACE": "Black", "SEX": "Female", "TYPE": "NOT CLASSIFIED", "DATE_": 1272844800000, "UNIT": "UNKNOWN", "ACTION": "REJECT", "STATUS": "Closed", "LONG_": -75.158592, "LAT": 39.950636 }, "geometry": { "type": "Point", "coordinates": [ -75.158592000420995, 39.950635999955502 ] } },
{ "type": "Feature", "properties": { "OBJECTID_1": 5, "AGE": 43, "RACE": "Black", "SEX": "Female", "TYPE": "ABUSE OF AUTHORITY", "DATE_": 1294272000000, "UNIT": "UNKNOWN", "ACTION": "REJECT", "STATUS": "Closed", "LONG_": -75.197687, "LAT": 40.015849 }, "geometry": { "type": "Point", "coordinates": [ -75.197687000155398, 40.0158489999355 ] } },
{ "type": "Feature", "properties": { "OBJECTID_1": 6, "AGE": 27, "RACE": "Black", "SEX": "Male", "TYPE": "DRUG INVESTIGATIONS", "DATE_": 1304380800000, "UNIT": "UNKNOWN", "ACTION": "Reject", "STATUS": "Closed", "LONG_": -75.160347, "LAT": 40.0657 }, "geometry": { "type": "Point", "coordinates": [ -75.160347000414205, 40.065700000158998 ] } },
{ "type": "Feature", "properties": { "OBJECTID_1": 7, "AGE": 49, "RACE": "Black", "SEX": "Male", "TYPE": "LACK OF SERVICE", "DATE_": 1306195200000, "UNIT": "UNKNOWN", "ACTION": "Reject", "STATUS": "Closed", "LONG_": -75.153429, "LAT": 40.031046 }, "geometry": { "type": "Point", "coordinates": [ -75.153428999748996, 40.031046000176801 ] } },
{ "type": "Feature", "properties": { "OBJECTID_1": 8, "AGE": 44, "RACE": "Hispanic", "SEX": "Female", "TYPE": "PHYSICAL ABUSE", "DATE_": 1310688000000, "UNIT": "UNKNOWN", "ACTION": "Accept", "STATUS": "Open", "LONG_": -75.128599, "LAT": 40.001902 }, "geometry": { "type": "Point", "coordinates": [ -75.128599000443998, 40.001901999781502 ] } },
{ "type": "Feature", "properties": { "OBJECTID_1": 9, "AGE": 35, "RACE": "Black", "SEX": "Female", "TYPE": "POLICE SHOOTINGS", "DATE_": 1312934400000, "UNIT": "UNKNOWN", "ACTION": "Accept", "STATUS": "Open", "LONG_": -75.116328, "LAT": 39.989788 }, "geometry": { "type": "Point", "coordinates": [ -75.116328000237502, 39.989787999620503 ] } },
{ "type": "Feature", "properties": { "OBJECTID_1": 10, "AGE": 50, "RACE": "Black", "SEX": "Female", "TYPE": "ABUSE OF AUTHORITY", "DATE_": 1323993600000, "UNIT": "UNKNOWN", "ACTION": "NoJurisdiction", "STATUS": "Closed", "LONG_": -75.241577, "LAT": 39.926613 }, "geometry": { "type": "Point", "coordinates": [ -75.241576999779198, 39.926613000094001 ] } },
{ "type": "Feature", "properties": { "OBJECTID_1": 11, "AGE": 50, "RACE": "Black", "SEX": "Female", "TYPE": "ABUSE OF AUTHORITY", "DATE_": 1323993600000, "UNIT": "UNKNOWN", "ACTION": "NoJurisdiction", "STATUS": "Closed", "LONG_": -75.241577, "LAT": 39.926613 }, "geometry": { "type": "Point", "coordinates": [ -75.241576999779198, 39.926613000094001 ] } },
{ "type": "Feature", "properties": { "OBJECTID_1": 12, "AGE": 56, "RACE": "White", "SEX": "Female", "TYPE": "ABUSE OF AUTHORITY", "DATE_": 1348531200000, "UNIT": "UNKNOWN", "ACTION": "AUDIT", "STATUS": "Open", "LONG_": -75.0437, "LAT": 40.084558 }, "geometry": { "type": "Point", "coordinates": [ -75.043700000055395, 40.084558000155603 ] } },
{ "type": "Feature", "properties": { "OBJECTID_1": 13, "AGE": 18, "RACE": "Black", "SEX": "Male", "TYPE": "ABUSE OF AUTHORITY", "DATE_": 1237161600000, "UNIT": "District 1", "ACTION": "REJECT", "STATUS": "Closed", "LONG_": -75.18689, "LAT": 39.924038 }, "geometry": { "type": "Point", "coordinates": [ -75.186889999574305, 39.924038000057699 ] } },
{ "type": "Feature", "properties": { "OBJECTID_1": 14, "AGE": 19, "RACE": "White", "SEX": "Male", "TYPE": "ABUSE OF AUTHORITY", "DATE_": 1241568000000, "UNIT": "District 1", "ACTION": "REJECT", "STATUS": "Closed", "LONG_": -75.172287, "LAT": 39.914297 }, "geometry": { "type": "Point", "coordinates": [ -75.172286999745694, 39.914296999610897 ] } },
{ "type": "Feature", "properties": { "OBJECTID_1": 15, "AGE": 30, "RACE": "White", "SEX": "Female", "TYPE": "ABUSE OF AUTHORITY", "DATE_": 1243296000000, "UNIT": "District 1", "ACTION": "AUDIT", "STATUS": "Closed", "LONG_": -75.179078, "LAT": 39.921601 }, "geometry": { "type": "Point", "coordinates": [ -75.179077999950195, 39.921601000090099 ] } },
{ "type": "Feature", "properties": { "OBJECTID_1": 16, "AGE": 33, "RACE": "Black", "SEX": "Male", "TYPE": "ABUSE OF AUTHORITY", "DATE_": 1243814400000, "UNIT": "District 1", "ACTION": "REJECT", "STATUS": "Closed", "LONG_": -75.18689, "LAT": 39.924038 }, "geometry": { "type": "Point", "coordinates": [ -75.186889999574305, 39.924038000057699 ] } },
{ "type": "Feature", "properties": { "OBJECTID_1": 17, "AGE": 30, "RACE": "White", "SEX": "Male", "TYPE": "LACK OF SERVICE", "DATE_": 1243814400000, "UNIT": "District 1", "ACTION": "AUDIT", "STATUS": "Closed", "LONG_": -75.183298, "LAT": 39.924889 }, "geometry": { "type": "Point", "coordinates": [ -75.183298000302898, 39.9248889997316 ] } },
{ "type": "Feature", "properties": { "OBJECTID_1": 18, "AGE": 47, "RACE": "White", "SEX": "Female", "TYPE": "ABUSE OF AUTHORITY", "DATE_": 1246838400000, "UNIT": "District 1", "ACTION": "REJECT", "STATUS": "Closed", "LONG_": -75.178977, "LAT": 39.928477 }, "geometry": { "type": "Point", "coordinates": [ -75.178976999789199, 39.928476999717802 ] } },
{ "type": "Feature", "properties": { "OBJECTID_1": 19, "AGE": 53, "RACE": "Black", "SEX": "Male", "TYPE": "PHYSICAL ABUSE", "DATE_": 1264982400000, "UNIT": "District 1", "ACTION": "ACCEPT", "STATUS": "Open", "LONG_": -75.170571, "LAT": 39.923172 }, "geometry": { "type": "Point", "coordinates": [ -75.1705709997523, 39.923171999692102 ] } },
{ "type": "Feature", "properties": { "OBJECTID_1": 20, "AGE": 63, "RACE": "Black", "SEX": "Female", "TYPE": "PHYSICAL ABUSE", "DATE_": 1269993600000, "UNIT": "District 1", "ACTION": "AUDIT", "STATUS": "Closed", "LONG_": -75.186979, "LAT": 39.921923 }, "geometry": { "type": "Point", "coordinates": [ -75.186979000081195, 39.921922999650803 ] } },
{ "type": "Feature", "properties": { "OBJECTID_1": 21, "AGE": 41, "RACE": "Black", "SEX": "Male", "TYPE": "ABUSE OF AUTHORITY", "DATE_": 1275523200000, "UNIT": "District 1", "ACTION": "AUDIT", "STATUS": "Closed", "LONG_": -75.182771, "LAT": 39.926021 }, "geometry": { "type": "Point", "coordinates": [ -75.182771000281903, 39.926020999773399 ] } },
{ "type": "Feature", "properties": { "OBJECTID_1": 22, "AGE": 29, "RACE": "Black", "SEX": "Female", "TYPE": "ABUSE OF AUTHORITY", "DATE_": 1276560000000, "UNIT": "District 1", "ACTION": "NAR", "STATUS": "Closed", "LONG_": -75.174633, "LAT": 39.91714 }, "geometry": { "type": "Point", "coordinates": [ -75.174633000013401, 39.917140000314902 ] } },
{ "type": "Feature", "properties": { "OBJECTID_1": 23, "AGE": 48, "RACE": "White", "SEX": "Female", "TYPE": "ABUSE OF AUTHORITY", "DATE_": 1277251200000, "UNIT": "District 1", "ACTION": "WITHDRAWN", "STATUS": "Closed", "LONG_": -75.186081, "LAT": 39.918659 }, "geometry": { "type": "Point", "coordinates": [ -75.186081000038598, 39.918659000216799 ] } },
{ "type": "Feature", "properties": { "OBJECTID_1": 24, "AGE": 52, "RACE": "Black", "SEX": "Female", "TYPE": "VERBAL ABUSE", "DATE_": 1281312000000, "UNIT": "District 1", "ACTION": "REJECT", "STATUS": "Closed", "LONG_": -75.191008, "LAT": 39.927118 }, "geometry": { "type": "Point", "coordinates": [ -75.191007999719901, 39.927117999999801 ] } },
{ "type": "Feature", "properties": { "OBJECTID_1": 25, "AGE": 31, "RACE": "Black", "SEX": "Male", "TYPE": "ABUSE OF AUTHORITY", "DATE_": 1291248000000, "UNIT": "District 1", "ACTION": "ACCEPT", "STATUS": "Closed", "LONG_": -75.174601, "LAT": 39.917177 }, "geometry": { "type": "Point", "coordinates": [ -75.174601000336395, 39.917177000222402 ] } },
{ "type": "Feature", "properties": { "OBJECTID_1": 26, "AGE": 58, "RACE": "Black", "SEX": "Female", "TYPE": "NOT CLASSIFIED", "DATE_": 1314921600000, "UNIT": "District 1", "ACTION": " ", "STATUS": " ", "LONG_": -75.179913, "LAT": 39.926914 }, "geometry": { "type": "Point", "coordinates": [ -75.1799129997856, 39.926913999585501 ] } },
{ "type": "Feature", "properties": { "OBJECTID_1": 27, "AGE": 53, "RACE": "White", "SEX": "Female", "TYPE": "PHYSICAL ABUSE", "DATE_": 1315785600000, "UNIT": "District 1", "ACTION": "Reject", "STATUS": "Closed", "LONG_": -75.166582, "LAT": 39.907111 }, "geometry": { "type": "Point", "coordinates": [ -75.166582000159707, 39.907111000076704 ] } },
{ "type": "Feature", "properties": { "OBJECTID_1": 28, "AGE": 46, "RACE": "White", "SEX": "Male", "TYPE": "ABUSE OF AUTHORITY", "DATE_": 1342051200000, "UNIT": "District 1", "ACTION": "AUDIT", "STATUS": "OPEN", "LONG_": -75.173758, "LAT": 39.921104 }, "geometry": { "type": "Point", "coordinates": [ -75.173758000132096, 39.921103999653901 ] } },
{ "type": "Feature", "properties": { "OBJECTID_1": 29, "AGE": 54, "RACE": "Black", "SEX": "Female", "TYPE": "ABUSE OF AUTHORITY", "DATE_": 1348790400000, "UNIT": "District 1", "ACTION": "AUDIT", "STATUS": "Open", "LONG_": -75.183594, "LAT": 39.924926 }, "geometry": { "type": "Point", "coordinates": [ -75.183593999563897, 39.9249259996392 ] } },
{ "type": "Feature", "properties": { "OBJECTID_1": 30, "AGE": 24, "RACE": "Black", "SEX": "Male", "TYPE": "ABUSE OF AUTHORITY", "DATE_": 1232668800000, "UNIT": "District 12", "ACTION": "ACCEPT", "STATUS": "Open", "LONG_": -75.228861, "LAT": 39.924724 }, "geometry": { "type": "Point", "coordinates": [ -75.228860999735801, 39.9247240002165 ] } },
{ "type": "Feature", "properties": { "OBJECTID_1": 31, "AGE": 21, "RACE": "Black", "SEX": "Male", "TYPE": "ABUSE OF AUTHORITY", "DATE_": 1232668800000, "UNIT": "District 12", "ACTION": "ACCEPT", "STATUS": "Open", "LONG_": -75.228861, "LAT": 39.924724 }, "geometry": { "type": "Point", "coordinates": [ -75.228860999735801, 39.9247240002165 ] } },
{ "type": "Feature", "properties": { "OBJECTID_1": 32, "AGE": 58, "RACE": "Black", "SEX": "Male", "TYPE": "ABUSE OF AUTHORITY", "DATE_": 1232668800000, "UNIT": "District 12", "ACTION": "REJECT", "STATUS": "Closed", "LONG_": -75.217122, "LAT": 39.932239 }, "geometry": { "type": "Point", "coordinates": [ -75.2171219997809, 39.932238999634201 ] } },
{ "type": "Feature", "properties": { "OBJECTID_1": 33, "AGE": 35, "RACE": "Black", "SEX": "Female", "TYPE": "ABUSE OF AUTHORITY", "DATE_": 1233187200000, "UNIT": "District 12", "ACTION": "ACCEPT", "STATUS": "Open", "LONG_": -75.233605, "LAT": 39.947352 }, "geometry": { "type": "Point", "coordinates": [ -75.233604999971206, 39.9473519995991 ] } },
{ "type": "Feature", "properties": { "OBJECTID_1": 34, "AGE": 62, "RACE": "Black", "SEX": "Male", "TYPE": "NONJURISDICTIONAL", "DATE_": 1238457600000, "UNIT": "District 12", "ACTION": "REJECT", "STATUS": "Closed", "LONG_": -75.233828, "LAT": 39.930042 }, "geometry": { "type": "Point", "coordinates": [ -75.233828000362394, 39.930041999942397 ] } },
{ "type": "Feature", "properties": { "OBJECTID_1": 35, "AGE": 46, "RACE": "Black", "SEX": "Male", "TYPE": "PHYSICAL ABUSE", "DATE_": 1238457600000, "UNIT": "District 12", "ACTION": "ACCEPT", "STATUS": "Open", "LONG_": -75.229122, "LAT": 39.925203 }, "geometry": { "type": "Point", "coordinates": [ -75.229122000080693, 39.925202999822602 ] } },
{ "type": "Feature", "properties": { "OBJECTID_1": 36, "AGE": 18, "RACE": "Black", "SEX": "Male", "TYPE": "ABUSE OF AUTHORITY", "DATE_": 1239926400000, "UNIT": "District 12", "ACTION": "REJECT", "STATUS": "Closed", "LONG_": -75.232153, "LAT": 39.954263 }, "geometry": { "type": "Point", "coordinates": [ -75.232152999561805, 39.954262999941598 ] } },
{ "type": "Feature", "properties": { "OBJECTID_1": 37, "AGE": 39, "RACE": "Black", "SEX": "Female", "TYPE": "ABUSE OF AUTHORITY", "DATE_": 1240272000000, "UNIT": "District 12", "ACTION": "ACCEPT", "STATUS": "Open", "LONG_": -75.227694, "LAT": 39.921835 }, "geometry": { "type": "Point", "coordinates": [ -75.227693999878696, 39.921835000089303 ] } },
{ "type": "Feature", "properties": { "OBJECTID_1": 38, "AGE": 39, "RACE": "Black", "SEX": "Female", "TYPE": "ABUSE OF AUTHORITY", "DATE_": 1241049600000, "UNIT": "District 12", "ACTION": "ACCEPT", "STATUS": "Open", "LONG_": -75.245761, "LAT": 39.910956 }, "geometry": { "type": "Point", "coordinates": [ -75.245761000270406, 39.910956000223301 ] } },
{ "type": "Feature", "properties": { "OBJECTID_1": 39, "AGE": 57, "RACE": "Black", "SEX": "Female", "TYPE": "ABUSE OF AUTHORITY", "DATE_": 1241049600000, "UNIT": "District 12", "ACTION": "REJECT", "STATUS": "Closed", "LONG_": -75.244956, "LAT": 39.900376 }, "geometry": { "type": "Point", "coordinates": [ -75.244956000019798, 39.900375999756598 ] } },
{ "type": "Feature", "properties": { "OBJECTID_1": 40, "AGE": 37, "RACE": "Black", "SEX": "Male", "TYPE": "ABUSE OF AUTHORITY", "DATE_": 1242000000000, "UNIT": "District 12", "ACTION": "ACCEPT", "STATUS": "Open", "LONG_": -75.230293, "LAT": 39.932466 }, "geometry": { "type": "Point", "coordinates": [ -75.230293000122302, 39.9324660002098 ] } },
{ "type": "Feature", "properties": { "OBJECTID_1": 41, "AGE": 25, "RACE": "Black", "SEX": "Male", "TYPE": "ABUSE OF AUTHORITY", "DATE_": 1242000000000, "UNIT": "District 12", "ACTION": "ACCEPT", "STATUS": "Open", "LONG_": -75.230293, "LAT": 39.932466 }, "geometry": { "type": "Point", "coordinates": [ -75.230293000122302, 39.9324660002098 ] } },
{ "type": "Feature", "properties": { "OBJECTID_1": 42, "AGE": 43, "RACE": "Black", "SEX": "Male", "TYPE": "PHYSICAL ABUSE", "DATE_": 1244505600000, "UNIT": "District 12", "ACTION": "AUDIT", "STATUS": "Closed", "LONG_": -75.231145, "LAT": 39.933246 }, "geometry": { "type": "Point", "coordinates": [ -75.2311449998423, 39.9332460002068 ] } },
{ "type": "Feature", "properties": { "OBJECTID_1": 43, "AGE": 29, "RACE": "Black", "SEX": "Female", "TYPE": "ABUSE OF AUTHORITY", "DATE_": 1245110400000, "UNIT": "District 12", "ACTION": "REJECT", "STATUS": "Closed", "LONG_": -75.22177, "LAT": 39.941828 }, "geometry": { "type": "Point", "coordinates": [ -75.221770000085897, 39.941828000266099 ] } },
{ "type": "Feature", "properties": { "OBJECTID_1": 44, "AGE": 40, "RACE": "Black", "SEX": "Male", "TYPE": "ABUSE OF AUTHORITY", "DATE_": 1245628800000, "UNIT": "District 12", "ACTION": "AUDIT", "STATUS": "Closed", "LONG_": -75.221864, "LAT": 39.938393 }, "geometry": { "type": "Point", "coordinates": [ -75.221863999924096, 39.938393000140898 ] } },
{ "type": "Feature", "properties": { "OBJECTID_1": 45, "AGE": 20, "RACE": "Black", "SEX": "Female", "TYPE": "ABUSE OF AUTHORITY", "DATE_": 1245628800000, "UNIT": "District 12", "ACTION": "REJECT", "STATUS": "Closed", "LONG_": -75.220456, "LAT": 39.938734 }, "geometry": { "type": "Point", "coordinates": [ -75.220455999745099, 39.938733999678398 ] } },
{ "type": "Feature", "properties": { "OBJECTID_1": 46, "AGE": 39, "RACE": "Black", "SEX": "Male", "TYPE": "ABUSE OF AUTHORITY", "DATE_": 1246406400000, "UNIT": "District 12", "ACTION": "ACCEPT", "STATUS": "Open", "LONG_": -75.221368, "LAT": 39.942628 }, "geometry": { "type": "Point", "coordinates": [ -75.221368000433301, 39.942628000286 ] } },
{ "type": "Feature", "properties": { "OBJECTID_1": 47, "AGE": 36, "RACE": "Black", "SEX": "Female", "TYPE": "PHYSICAL ABUSE", "DATE_": 1246579200000, "UNIT": "District 12", "ACTION": "ACCEPT", "STATUS": "Open", "LONG_": -75.235035, "LAT": 39.941475 }, "geometry": { "type": "Point", "coordinates": [ -75.235035000265498, 39.941475000175203 ] } },
{ "type": "Feature", "properties": { "OBJECTID_1": 48, "AGE": 67, "RACE": "Black", "SEX": "Female", "TYPE": "PHYSICAL ABUSE", "DATE_": 1274054400000, "UNIT": "District 12", "ACTION": "ACCEPT", "STATUS": "Open", "LONG_": -75.222363, "LAT": 39.938747 }, "geometry": { "type": "Point", "coordinates": [ -75.222362999553198, 39.9387470002779 ] } },
{ "type": "Feature", "properties": { "OBJECTID_1": 49, "AGE": 25, "RACE": "Black", "SEX": "Male", "TYPE": "PHYSICAL ABUSE", "DATE_": 1274659200000, "UNIT": "District 12", "ACTION": "ACCEPT", "STATUS": "Open", "LONG_": -75.233017, "LAT": 39.939653 }, "geometry": { "type": "Point", "coordinates": [ -75.233016999835201, 39.939652999790198 ] } },
{ "type": "Feature", "properties": { "OBJECTID_1": 50, "AGE": 48, "RACE": "Hispanic", "SEX": "Male", "TYPE": "ABUSE OF AUTHORITY", "DATE_": 1278460800000, "UNIT": "District 12", "ACTION": "REJECT", "STATUS": "Closed", "LONG_": -75.139298, "LAT": 39.973769 }, "geometry": { "type": "Point", "coordinates": [ -75.139298000103096, 39.973769000143299 ] } },
{ "type": "Feature", "properties": { "OBJECTID_1": 51, "AGE": 18, "RACE": "Black", "SEX": "Female", "TYPE": "ABUSE OF AUTHORITY", "DATE_": 1283472000000, "UNIT": "District 12", "ACTION": "REJECT", "STATUS": "Closed", "LONG_": -75.220222, "LAT": 39.943416 }, "geometry": { "type": "Point", "coordinates": [ -75.220221999745903, 39.943415999752702 ] } },
{ "type": "Feature", "properties": { "OBJECTID_1": 52, "AGE": 33, "RACE": "Black", "SEX": "Female", "TYPE": "PHYSICAL ABUSE", "DATE_": 1285027200000, "UNIT": "District 12", "ACTION": "AUDIT", "STATUS": "Open", "LONG_": -75.227188, "LAT": 39.922307 }, "geometry": { "type": "Point", "coordinates": [ -75.227187999926699, 39.9223070002719 ] } },
{ "type": "Feature", "properties": { "OBJECTID_1": 53, "AGE": 23, "RACE": "Black", "SEX": "Male", "TYPE": "PHYSICAL ABUSE", "DATE_": 1285113600000, "UNIT": "District 12", "ACTION": "ACCEPT", "STATUS": "Open", "LONG_": -75.246309, "LAT": 39.917177 }, "geometry": { "type": "Point", "coordinates": [ -75.246309000360498, 39.917177000222402 ] } },
{ "type": "Feature", "properties": { "OBJECTID_1": 54, "AGE": 33, "RACE": "Black", "SEX": "Male", "TYPE": "ABUSE OF AUTHORITY", "DATE_": 1289779200000, "UNIT": "District 12", "ACTION": "ACCEPT", "STATUS": "Closed", "LONG_": -75.241427, "LAT": 39.920518 }, "geometry": { "type": "Point", "coordinates": [ -75.241427000056504, 39.920517999609999 ] } },
{ "type": "Feature", "properties": { "OBJECTID_1": 55, "AGE": 51, "RACE": "Black", "SEX": "Female", "TYPE": "PHYSICAL ABUSE", "DATE_": 1292284800000, "UNIT": "District 12", "ACTION": "REJECT", "STATUS": "Closed", "LONG_": -75.222094, "LAT": 39.936805 }, "geometry": { "type": "Point", "coordinates": [ -75.222093999738803, 39.936804999754997 ] } },
{ "type": "Feature", "properties": { "OBJECTID_1": 56, "AGE": 56, "RACE": "Black", "SEX": "Male", "TYPE": "ABUSE OF AUTHORITY", "DATE_": 1295395200000, "UNIT": "District 12", "ACTION": "REJECT", "STATUS": "Closed", "LONG_": -75.24425, "LAT": 39.92055 }, "geometry": { "type": "Point", "coordinates": [ -75.244249999838104, 39.920550000186402 ] } },
{ "type": "Feature", "properties": { "OBJECTID_1": 57, "AGE": 50, "RACE": "Black", "SEX": "Female", "TYPE": "ABUSE OF AUTHORITY", "DATE_": 1300060800000, "UNIT": "District 12", "ACTION": "Audit", "STATUS": "Closed", "LONG_": -75.230586, "LAT": 39.931543 }, "geometry": { "type": "Point", "coordinates": [ -75.230586000144299, 39.931542999913603 ] } },
{ "type": "Feature", "properties": { "OBJECTID_1": 58, "AGE": 24, "RACE": "Black", "SEX": "Male", "TYPE": "ABUSE OF AUTHORITY", "DATE_": 1300060800000, "UNIT": "District 12", "ACTION": "Reject", "STATUS": "Closed", "LONG_": -75.23388, "LAT": 39.925843 }, "geometry": { "type": "Point", "coordinates": [ -75.233880000062399, 39.925842999658798 ] } },
{ "type": "Feature", "properties": { "OBJECTID_1": 59, "AGE": 51, "RACE": "Black", "SEX": "Female", "TYPE": "PHYSICAL ABUSE", "DATE_": 1301011200000, "UNIT": "District 12", "ACTION": "Reject", "STATUS": "Closed", "LONG_": -75.229125, "LAT": 39.933284 }, "geometry": { "type": "Point", "coordinates": [ -75.229125000219099, 39.933284000160498 ] } },
{ "type": "Feature", "properties": { "OBJECTID_1": 60, "AGE": 47, "RACE": "Black", "SEX": "Female", "TYPE": "PHYSICAL ABUSE", "DATE_": 1310083200000, "UNIT": "District 12", "ACTION": "Accept", "STATUS": "Closed", "LONG_": -75.237454, "LAT": 39.928222 }, "geometry": { "type": "Point", "coordinates": [ -75.237454000302407, 39.928221999649701 ] } },
{ "type": "Feature", "properties": { "OBJECTID_1": 61, "AGE": 24, "RACE": "Black", "SEX": "Female", "TYPE": "PHYSICAL ABUSE", "DATE_": 1310601600000, "UNIT": "District 12", "ACTION": "Accept", "STATUS": "Closed", "LONG_": -75.237454, "LAT": 39.928222 }, "geometry": { "type": "Point", "coordinates": [ -75.237454000302407, 39.928221999649701 ] } },
{ "type": "Feature", "properties": { "OBJECTID_1": 62, "AGE": 38, "RACE": "Black", "SEX": "Female", "TYPE": "PHYSICAL ABUSE", "DATE_": 1316390400000, "UNIT": "District 12", "ACTION": "Accept", "STATUS": "Open", "LONG_": -75.234889, "LAT": 39.927927 }, "geometry": { "type": "Point", "coordinates": [ -75.234888999827902, 39.927927000434799 ] } },
{ "type": "Feature", "properties": { "OBJECTID_1": 63, "AGE": 20, "RACE": "Black", "SEX": "Male", "TYPE": "ABUSE OF AUTHORITY", "DATE_": 1316390400000, "UNIT": "District 12", "ACTION": "Reject", "STATUS": "Closed", "LONG_": -75.233101, "LAT": 39.926453 }, "geometry": { "type": "Point", "coordinates": [ -75.233101000111503, 39.926452999910097 ] } },
{ "type": "Feature", "properties": { "OBJECTID_1": 64, "AGE": 20, "RACE": "Black", "SEX": "Female", "TYPE": "ABUSE OF AUTHORITY", "DATE_": 1316476800000, "UNIT": "District 12", "ACTION": "NAR", "STATUS": "Closed", "LONG_": -75.233101, "LAT": 39.926453 }, "geometry": { "type": "Point", "coordinates": [ -75.233101000111503, 39.926452999910097 ] } },
{ "type": "Feature", "properties": { "OBJECTID_1": 65, "AGE": 21, "RACE": "Black", "SEX": "Female", "TYPE": "ABUSE OF AUTHORITY", "DATE_": 1319155200000, "UNIT": "District 12", "ACTION": "Audit", "STATUS": "Open", "LONG_": -75.234328, "LAT": 39.925574 }, "geometry": { "type": "Point", "coordinates": [ -75.234328000037607, 39.925573999844197 ] } },
{ "type": "Feature", "properties": { "OBJECTID_1": 66, "AGE": 33, "RACE": "Black", "SEX": "Male", "TYPE": "VERBAL ABUSE", "DATE_": 1328140800000, "UNIT": "District 12", "ACTION": "ACCEPT", "STATUS": "OPEN", "LONG_": -75.242834, "LAT": 39.911273 }, "geometry": { "type": "Point", "coordinates": [ -75.242834000189404, 39.911273000452702 ] } },
{ "type": "Feature", "properties": { "OBJECTID_1": 67, "AGE": 26, "RACE": "Black", "SEX": "Male", "TYPE": "PHYSICAL ABUSE", "DATE_": 1329955200000, "UNIT": "District 12", "ACTION": "AUDIT", "STATUS": "Open", "LONG_": -75.234328, "LAT": 39.925574 }, "geometry": { "type": "Point", "coordinates": [ -75.234328000037607, 39.925573999844197 ] } },
{ "type": "Feature", "properties": { "OBJECTID_1": 68, "AGE": 49, "RACE": "Black", "SEX": "Female", "TYPE": "PHYSICAL ABUSE", "DATE_": 1329955200000, "UNIT": "District 12", "ACTION": "REJECT", "STATUS": "Closed", "LONG_": -75.229255, "LAT": 39.931776 }, "geometry": { "type": "Point", "coordinates": [ -75.229254999918794, 39.931775999866602 ] } },
{ "type": "Feature", "properties": { "OBJECTID_1": 69, "AGE": 49, "RACE": "Black", "SEX": "Male", "TYPE": "ABUSE OF AUTHORITY", "DATE_": 1330473600000, "UNIT": "District 12", "ACTION": "WITHDRAWN", "STATUS": "CLOSED", "LONG_": -75.219671, "LAT": 39.930452 }, "geometry": { "type": "Point", "coordinates": [ -75.219671000416795, 39.9304519999639 ] } },
{ "type": "Feature", "properties": { "OBJECTID_1": 70, "AGE": 39, "RACE": "Black", "SEX": "Male", "TYPE": "THEFT", "DATE_": 1342569600000, "UNIT": "District 12", "ACTION": "ACCEPT", "STATUS": "Open", "LONG_": -75.208702, "LAT": 39.9183 }, "geometry": { "type": "Point", "coordinates": [ -75.2087019999978, 39.918299999849197 ] } },
{ "type": "Feature", "properties": { "OBJECTID_1": 71, "AGE": 47, "RACE": "Black", "SEX": "Male", "TYPE": "ABUSE OF AUTHORITY", "DATE_": 1347926400000, "UNIT": "District 12", "ACTION": "ACCEPT", "STATUS": "Open", "LONG_": -75.221305, "LAT": 39.925157 }, "geometry": { "type": "Point", "coordinates": [ -75.221305000225996, 39.925157000399302 ] } },
{ "type": "Feature", "properties": { "OBJECTID_1": 72, "AGE": 44, "RACE": "Black", "SEX": "Female", "TYPE": "ABUSE OF AUTHORITY", "DATE_": 1236038400000, "UNIT": "District 14", "ACTION": "REJECT", "STATUS": "Closed", "LONG_": -75.15561, "LAT": 40.070194 }, "geometry": { "type": "Point", "coordinates": [ -75.155609999602305, 40.070193999657398 ] } },
{ "type": "Feature", "properties": { "OBJECTID_1": 73, "AGE": 51, "RACE": "Black", "SEX": "Male", "TYPE": "ABUSE OF AUTHORITY", "DATE_": 1238025600000, "UNIT": "District 14", "ACTION": "REJECT", "STATUS": "Closed", "LONG_": -75.151722, "LAT": 40.060307 }, "geometry": { "type": "Point", "coordinates": [ -75.151722000170594, 40.060306999672299 ] } },
{ "type": "Feature", "properties": { "OBJECTID_1": 74, "AGE": 42, "RACE": "Black", "SEX": "Male", "TYPE": "ABUSE OF AUTHORITY", "DATE_": 1242345600000, "UNIT": "District 14", "ACTION": "REJECT", "STATUS": "Closed", "LONG_": -75.152335, "LAT": 40.062978 }, "geometry": { "type": "Point", "coordinates": [ -75.152334999660994, 40.062977999639003 ] } },
{ "type": "Feature", "properties": { "OBJECTID_1": 75, "AGE": 45, "RACE": "Black", "SEX": "Female", "TYPE": "ABUSE OF AUTHORITY", "DATE_": 1242777600000, "UNIT": "District 14", "ACTION": "REJECT", "STATUS": "Closed", "LONG_": -75.172795, "LAT": 40.043348 }, "geometry": { "type": "Point", "coordinates": [ -75.172794999789801, 40.043348000014298 ] } },
{ "type": "Feature", "properties": { "OBJECTID_1": 76, "AGE": 29, "RACE": "Black", "SEX": "Female", "TYPE": "ABUSE OF AUTHORITY", "DATE_": 1245110400000, "UNIT": "District 14", "ACTION": "AUDIT", "STATUS": "Closed", "LONG_": -75.150965, "LAT": 40.065507 }, "geometry": { "type": "Point", "coordinates": [ -75.150965000334907, 40.065507000251898 ] } },
{ "type": "Feature", "properties": { "OBJECTID_1": 77, "AGE": 0, "RACE": " ", "SEX": " ", "TYPE": "NO MISCONDUCT", "DATE_": 1245283200000, "UNIT": "District 14", "ACTION": "REJECT", "STATUS": "Closed", "LONG_": -75.160692, "LAT": 40.065209 }, "geometry": { "type": "Point", "coordinates": [ -75.160692000136194, 40.065208999999399 ] } },
{ "type": "Feature", "properties": { "OBJECTID_1": 78, "AGE": 54, "RACE": "Black", "SEX": "Female", "TYPE": "PHYSICAL ABUSE", "DATE_": 1258329600000, "UNIT": "District 14", "ACTION": "ACCEPT", "STATUS": "Open", "LONG_": -75.177671, "LAT": 40.037825 }, "geometry": { "type": "Point", "coordinates": [ -75.177670999817295, 40.037824999827897 ] } },
{ "type": "Feature", "properties": { "OBJECTID_1": 79, "AGE": 41, "RACE": "Black", "SEX": "Male", "TYPE": "ABUSE OF AUTHORITY", "DATE_": 1262736000000, "UNIT": "District 14", "ACTION": "AUDIT", "STATUS": "Open", "LONG_": -75.141843, "LAT": 40.059949 }, "geometry": { "type": "Point", "coordinates": [ -75.141842999655196, 40.059949000250199 ] } },
{ "type": "Feature", "properties": { "OBJECTID_1": 80, "AGE": 43, "RACE": "Black", "SEX": "Female", "TYPE": "ABUSE OF AUTHORITY", "DATE_": 1265328000000, "UNIT": "District 14", "ACTION": "REJECT", "STATUS": "Closed", "LONG_": -75.163124, "LAT": 40.060733 }, "geometry": { "type": "Point", "coordinates": [ -75.163123999873207, 40.060733000431703 ] } },
{ "type": "Feature", "properties": { "OBJECTID_1": 81, "AGE": 46, "RACE": "Black", "SEX": "Male", "TYPE": "ABUSE OF AUTHORITY", "DATE_": 1276214400000, "UNIT": "District 14", "ACTION": "ACCEPT", "STATUS": "Closed", "LONG_": -75.174276, "LAT": 40.079109 }, "geometry": { "type": "Point", "coordinates": [ -75.1742759997381, 40.079108999784602 ] } },
{ "type": "Feature", "properties": { "OBJECTID_1": 82, "AGE": 30, "RACE": "Asian", "SEX": "Male", "TYPE": "NOT CLASSIFIED", "DATE_": 1280707200000, "UNIT": "District 14", "ACTION": "ACCEPT", "STATUS": "Closed", "LONG_": -75.167048, "LAT": 40.06051 }, "geometry": { "type": "Point", "coordinates": [ -75.167048000065606, 40.060510000040502 ] } },
{ "type": "Feature", "properties": { "OBJECTID_1": 83, "AGE": 50, "RACE": "Black", "SEX": "Male", "TYPE": "ABUSE OF AUTHORITY", "DATE_": 1283990400000, "UNIT": "District 14", "ACTION": "NON-JURISDICTIONAL", "STATUS": "Closed", "LONG_": -75.168493, "LAT": 40.075676 }, "geometry": { "type": "Point", "coordinates": [ -75.168493000152296, 40.075675999751702 ] } },
{ "type": "Feature", "properties": { "OBJECTID_1": 84, "AGE": 81, "RACE": "Black", "SEX": "Male", "TYPE": "PHYSICAL ABUSE", "DATE_": 1285027200000, "UNIT": "District 14", "ACTION": "REJECT", "STATUS": "Closed", "LONG_": -75.174945, "LAT": 40.065549 }, "geometry": { "type": "Point", "coordinates": [ -75.174945000012201, 40.065549000390099 ] } },
{ "type": "Feature", "properties": { "OBJECTID_1": 85, "AGE": 31, "RACE": "Black", "SEX": "Male", "TYPE": "PHYSICAL ABUSE", "DATE_": 1297036800000, "UNIT": "District 14", "ACTION": "ACCEPT", "STATUS": "Open", "LONG_": -75.165947, "LAT": 40.046241 }, "geometry": { "type": "Point", "coordinates": [ -75.165946999654807, 40.046241000325999 ] } },
{ "type": "Feature", "properties": { "OBJECTID_1": 86, "AGE": 51, "RACE": "Black", "SEX": "Male", "TYPE": "ABUSE OF AUTHORITY", "DATE_": 1300924800000, "UNIT": "District 14", "ACTION": "Reject", "STATUS": "Closed", "LONG_": -75.174573, "LAT": 40.029246 }, "geometry": { "type": "Point", "coordinates": [ -75.174572999944402, 40.029245999906998 ] } },
{ "type": "Feature", "properties": { "OBJECTID_1": 87, "AGE": 19, "RACE": "Black", "SEX": "Female", "TYPE": "ABUSE OF AUTHORITY", "DATE_": 1308700800000, "UNIT": "District 14", "ACTION": "Accept", "STATUS": "Open", "LONG_": -75.153514, "LAT": 40.064287 }, "geometry": { "type": "Point", "coordinates": [ -75.153514000071496, 40.064286999749299 ] } },
{ "type": "Feature", "properties": { "OBJECTID_1": 88, "AGE": 41, "RACE": "Black", "SEX": "Female", "TYPE": "ABUSE OF AUTHORITY", "DATE_": 1314662400000, "UNIT": "District 14", "ACTION": "Reject", "STATUS": "Open", "LONG_": -75.184562, "LAT": 40.056569 }, "geometry": { "type": "Point", "coordinates": [ -75.184562000136694, 40.056568999963403 ] } },
{ "type": "Feature", "properties": { "OBJECTID_1": 89, "AGE": 37, "RACE": "Black", "SEX": "Male", "TYPE": "ABUSE OF AUTHORITY", "DATE_": 1343088000000, "UNIT": "District 14", "ACTION": "REJECT", "STATUS": "Closed", "LONG_": -75.17652, "LAT": 40.076783 }, "geometry": { "type": "Point", "coordinates": [ -75.1765199997986, 40.0767830004392 ] } },
{ "type": "Feature", "properties": { "OBJECTID_1": 90, "AGE": 30, "RACE": "Black", "SEX": "Male", "TYPE": "ABUSE OF AUTHORITY", "DATE_": 1232496000000, "UNIT": "District 15", "ACTION": "ACCEPT", "STATUS": "Open", "LONG_": -75.080915, "LAT": 40.019702 }, "geometry": { "type": "Point", "coordinates": [ -75.080915000327494, 40.019702000450998 ] } },
{ "type": "Feature", "properties": { "OBJECTID_1": 91, "AGE": 28, "RACE": "White", "SEX": "Male", "TYPE": "PHYSICAL ABUSE", "DATE_": 1236124800000, "UNIT": "District 15", "ACTION": "ACCEPT", "STATUS": "Open", "LONG_": -75.048833, "LAT": 40.037713 }, "geometry": { "type": "Point", "coordinates": [ -75.048833000243206, 40.037713000059 ] } },
{ "type": "Feature", "properties": { "OBJECTID_1": 92, "AGE": 24, "RACE": "White", "SEX": "Female", "TYPE": "PHYSICAL ABUSE", "DATE_": 1236556800000, "UNIT": "District 15", "ACTION": "ACCEPT", "STATUS": "Open", "LONG_": -75.038375, "LAT": 40.03762 }, "geometry": { "type": "Point", "coordinates": [ -75.038375000006695, 40.037620000266898 ] } },
{ "type": "Feature", "properties": { "OBJECTID_1": 93, "AGE": 48, "RACE": "White", "SEX": "Female", "TYPE": "ABUSE OF AUTHORITY", "DATE_": 1238457600000, "UNIT": "District 15", "ACTION": "REJECT", "STATUS": "Closed", "LONG_": -75.042528, "LAT": 40.023262 }, "geometry": { "type": "Point", "coordinates": [ -75.042527999967703, 40.0232620000453 ] } },
{ "type": "Feature", "properties": { "OBJECTID_1": 94, "AGE": 18, "RACE": "Black", "SEX": "Male", "TYPE": "ABUSE OF AUTHORITY", "DATE_": 1242086400000, "UNIT": "District 15", "ACTION": "ACCEPT", "STATUS": "Open", "LONG_": -75.081226, "LAT": 40.024311 }, "geometry": { "type": "Point", "coordinates": [ -75.081226000280097, 40.024310999856802 ] } },
{ "type": "Feature", "properties": { "OBJECTID_1": 95, "AGE": 48, "RACE": "Hispanic", "SEX": "Female", "TYPE": "ABUSE OF AUTHORITY", "DATE_": 1244160000000, "UNIT": "District 15", "ACTION": "REJECT", "STATUS": "Closed", "LONG_": -75.059636, "LAT": 40.024926 }, "geometry": { "type": "Point", "coordinates": [ -75.059636000201706, 40.024926000338702 ] } },
{ "type": "Feature", "properties": { "OBJECTID_1": 96, "AGE": 43, "RACE": "Black", "SEX": "Female", "TYPE": "ABUSE OF AUTHORITY", "DATE_": 1245196800000, "UNIT": "District 15", "ACTION": "ACCEPT", "STATUS": "Open", "LONG_": -75.087178, "LAT": 40.015793 }, "geometry": { "type": "Point", "coordinates": [ -75.087177999565498, 40.015793000050998 ] } },
{ "type": "Feature", "properties": { "OBJECTID_1": 97, "AGE": 34, "RACE": "Black", "SEX": "Female", "TYPE": "ABUSE OF AUTHORITY", "DATE_": 1248825600000, "UNIT": "District 15", "ACTION": "AUDIT", "STATUS": "Open", "LONG_": -75.088343, "LAT": 40.021138 }, "geometry": { "type": "Point", "coordinates": [ -75.088343000229699, 40.021138000122598 ] } },
{ "type": "Feature", "properties": { "OBJECTID_1": 98, "AGE": 52, "RACE": "Black", "SEX": "Female", "TYPE": "LACK OF SERVICE", "DATE_": 1269302400000, "UNIT": "District 15", "ACTION": "AUDIT", "STATUS": "Closed", "LONG_": -75.088959, "LAT": 40.027497 }, "geometry": { "type": "Point", "coordinates": [ -75.088958999858406, 40.0274970001905 ] } },
{ "type": "Feature", "properties": { "OBJECTID_1": 99, "AGE": 42, "RACE": "Black", "SEX": "Female", "TYPE": "ABUSE OF AUTHORITY", "DATE_": 1269561600000, "UNIT": "District 15", "ACTION": "REJECT", "STATUS": "Closed", "LONG_": -75.058849, "LAT": 40.023843 }, "geometry": { "type": "Point", "coordinates": [ -75.058848999881903, 40.023842999858601 ] } },
{ "type": "Feature", "properties": { "OBJECTID_1": 100, "AGE": 49, "RACE": "Black", "SEX": "Male", "TYPE": "PHYSICAL ABUSE", "DATE_": 1272412800000, "UNIT": "District 15", "ACTION": "ACCEPT", "STATUS": "Open", "LONG_": -75.070917, "LAT": 40.012443 }, "geometry": { "type": "Point", "coordinates": [ -75.070916999720197, 40.012443000248297 ] } },
{ "type": "Feature", "properties": { "OBJECTID_1": 101, "AGE": 45, "RACE": "White", "SEX": "Female", "TYPE": "PHYSICAL ABUSE", "DATE_": 1272412800000, "UNIT": "District 15", "ACTION": "ACCEPT", "STATUS": "Open", "LONG_": -75.070917, "LAT": 40.012443 }, "geometry": { "type": "Point", "coordinates": [ -75.070916999720197, 40.012443000248297 ] } },
{ "type": "Feature", "properties": { "OBJECTID_1": 102, "AGE": 22, "RACE": "Black", "SEX": "Male", "TYPE": "PHYSICAL ABUSE", "DATE_": 1272412800000, "UNIT": "District 15", "ACTION": "ACCEPT", "STATUS": "Closed", "LONG_": -75.070917, "LAT": 40.012443 }, "geometry": { "type": "Point", "coordinates": [ -75.070916999720197, 40.012443000248297 ] } },
{ "type": "Feature", "properties": { "OBJECTID_1": 103, "AGE": 34, "RACE": "Black", "SEX": "Male", "TYPE": "PHYSICAL ABUSE", "DATE_": 1272412800000, "UNIT": "District 15", "ACTION": "ACCEPT", "STATUS": "Closed", "LONG_": -75.070917, "LAT": 40.012443 }, "geometry": { "type": "Point", "coordinates": [ -75.070916999720197, 40.012443000248297 ] } },
{ "type": "Feature", "properties": { "OBJECTID_1": 104, "AGE": 31, "RACE": "Black", "SEX": "Female", "TYPE": "ABUSE OF AUTHORITY", "DATE_": 1273708800000, "UNIT": "District 15", "ACTION": "AUDIT", "STATUS": "Closed", "LONG_": -75.076519, "LAT": 40.01655 }, "geometry": { "type": "Point", "coordinates": [ -75.076518999952299, 40.0165499998866 ] } },
{ "type": "Feature", "properties": { "OBJECTID_1": 105, "AGE": 70, "RACE": "Black", "SEX": "Female", "TYPE": "ABUSE OF AUTHORITY", "DATE_": 1274400000000, "UNIT": "District 15", "ACTION": "AUDIT", "STATUS": "Open", "LONG_": -75.058849, "LAT": 40.023843 }, "geometry": { "type": "Point", "coordinates": [ -75.058848999881903, 40.023842999858601 ] } },
{ "type": "Feature", "properties": { "OBJECTID_1": 106, "AGE": 57, "RACE": "White", "SEX": "Male", "TYPE": "ABUSE OF AUTHORITY", "DATE_": 1275955200000, "UNIT": "District 15", "ACTION": "REJECT", "STATUS": "Closed", "LONG_": -75.046213, "LAT": 40.031505 }, "geometry": { "type": "Point", "coordinates": [ -75.046212999930404, 40.031504999760003 ] } },
{ "type": "Feature", "properties": { "OBJECTID_1": 107, "AGE": 35, "RACE": "Hispanic", "SEX": "Male", "TYPE": "VERBAL ABUSE", "DATE_": 1279238400000, "UNIT": "District 15", "ACTION": "ACCEPT", "STATUS": "Open", "LONG_": -75.027466, "LAT": 40.03329 }, "geometry": { "type": "Point", "coordinates": [ -75.027465999656599, 40.0332900002374 ] } },
{ "type": "Feature", "properties": { "OBJECTID_1": 108, "AGE": 36, "RACE": "Black", "SEX": "Female", "TYPE": "LACK OF SERVICE", "DATE_": 1280793600000, "UNIT": "District 15", "ACTION": "ACCEPT", "STATUS": "Closed", "LONG_": -75.073296, "LAT": 40.012545 }, "geometry": { "type": "Point", "coordinates": [ -75.073295999711107, 40.012544999556098 ] } },
{ "type": "Feature", "properties": { "OBJECTID_1": 109, "AGE": 58, "RACE": "White", "SEX": "Female", "TYPE": "ABUSE OF AUTHORITY", "DATE_": 1281312000000, "UNIT": "District 15", "ACTION": "NAR", "STATUS": "Closed", "LONG_": -75.031103, "LAT": 40.034381 }, "geometry": { "type": "Point", "coordinates": [ -75.031103000103798, 40.034381000187103 ] } },
{ "type": "Feature", "properties": { "OBJECTID_1": 110, "AGE": 50, "RACE": "White", "SEX": "Male", "TYPE": "PHYSICAL ABUSE", "DATE_": 1281571200000, "UNIT": "District 15", "ACTION": "ACCEPT", "STATUS": "Open", "LONG_": -75.079855, "LAT": 39.996794 }, "geometry": { "type": "Point", "coordinates": [ -75.079855000008706, 39.996793999847299 ] } },
{ "type": "Feature", "properties": { "OBJECTID_1": 111, "AGE": 42, "RACE": "Black", "SEX": "Female", "TYPE": "PHYSICAL ABUSE", "DATE_": 1285718400000, "UNIT": "District 15", "ACTION": "AUDIT", "STATUS": "Open", "LONG_": -75.047408, "LAT": 40.040438 }, "geometry": { "type": "Point", "coordinates": [ -75.047408000179502, 40.040437999817897 ] } },
{ "type": "Feature", "properties": { "OBJECTID_1": 112, "AGE": 43, "RACE": "Black", "SEX": "Male", "TYPE": "ABUSE OF AUTHORITY", "DATE_": 1286496000000, "UNIT": "District 15", "ACTION": "AUDIT", "STATUS": "Open", "LONG_": -75.106133, "LAT": 40.029292 }, "geometry": { "type": "Point", "coordinates": [ -75.106133000438106, 40.029292000229702 ] } },
{ "type": "Feature", "properties": { "OBJECTID_1": 113, "AGE": 49, "RACE": "Black", "SEX": "Male", "TYPE": "NOT CLASSIFIED", "DATE_": 1287619200000, "UNIT": "District 15", "ACTION": "ACCEPT", "STATUS": "Open", "LONG_": -75.045298, "LAT": 40.02418 }, "geometry": { "type": "Point", "coordinates": [ -75.0452980000031, 40.024180000111002 ] } },
{ "type": "Feature", "properties": { "OBJECTID_1": 114, "AGE": 38, "RACE": "Black", "SEX": "Female", "TYPE": "PHYSICAL ABUSE", "DATE_": 1288310400000, "UNIT": "District 15", "ACTION": "ACCEPT", "STATUS": " ", "LONG_": -75.082663, "LAT": 40.009996 }, "geometry": { "type": "Point", "coordinates": [ -75.082662999997893, 40.009995999819601 ] } },
{ "type": "Feature", "properties": { "OBJECTID_1": 115, "AGE": 50, "RACE": "Black", "SEX": "Male", "TYPE": "PHYSICAL ABUSE", "DATE_": 1288310400000, "UNIT": "District 15", "ACTION": "ACCEPT", "STATUS": " ", "LONG_": -75.082663, "LAT": 40.009996 }, "geometry": { "type": "Point", "coordinates": [ -75.082662999997893, 40.009995999819601 ] } },
{ "type": "Feature", "properties": { "OBJECTID_1": 116, "AGE": 21, "RACE": "White", "SEX": "Male", "TYPE": "PHYSICAL ABUSE", "DATE_": 1288742400000, "UNIT": "District 15", "ACTION": "ACCEPT", "STATUS": "Closed", "LONG_": -75.06319, "LAT": 40.031568 }, "geometry": { "type": "Point", "coordinates": [ -75.063190000418601, 40.031567999967301 ] } },
{ "type": "Feature", "properties": { "OBJECTID_1": 117, "AGE": 42, "RACE": "Black", "SEX": "Male", "TYPE": "ABUSE OF AUTHORITY", "DATE_": 1291680000000, "UNIT": "District 15", "ACTION": "REJECT", "STATUS": "Closed", "LONG_": -75.064705, "LAT": 40.025613 }, "geometry": { "type": "Point", "coordinates": [ -75.064705000136101, 40.025612999644302 ] } },
{ "type": "Feature", "properties": { "OBJECTID_1": 118, "AGE": 39, "RACE": "Black", "SEX": "Female", "TYPE": "ABUSE OF AUTHORITY", "DATE_": 1296518400000, "UNIT": "District 15", "ACTION": "ACCEPT", "STATUS": "Open", "LONG_": -75.08134, "LAT": 40.022396 }, "geometry": { "type": "Point", "coordinates": [ -75.081340000141296, 40.022395999679702 ] } },
{ "type": "Feature", "properties": { "OBJECTID_1": 119, "AGE": 33, "RACE": "White", "SEX": "Male", "TYPE": "ABUSE OF AUTHORITY", "DATE_": 1297036800000, "UNIT": "District 15", "ACTION": "REJECT", "STATUS": "Closed", "LONG_": -75.077282, "LAT": 40.00749 }, "geometry": { "type": "Point", "coordinates": [ -75.077282000064699, 40.007490000267403 ] } },
{ "type": "Feature", "properties": { "OBJECTID_1": 120, "AGE": 40, "RACE": "Black", "SEX": "Female", "TYPE": "PHYSICAL ABUSE", "DATE_": 1297036800000, "UNIT": "District 15", "ACTION": "ACCEPT", "STATUS": "Open", "LONG_": -75.078164, "LAT": 40.022363 }, "geometry": { "type": "Point", "coordinates": [ -75.078164000268799, 40.022362999956499 ] } },
{ "type": "Feature", "properties": { "OBJECTID_1": 121, "AGE": 52, "RACE": "White", "SEX": "Female", "TYPE": "PHYSICAL ABUSE", "DATE_": 1307318400000, "UNIT": "District 15", "ACTION": "Reject", "STATUS": "Closed", "LONG_": -75.055873, "LAT": 40.020831 }, "geometry": { "type": "Point", "coordinates": [ -75.055873000239202, 40.020831000354498 ] } },
{ "type": "Feature", "properties": { "OBJECTID_1": 122, "AGE": 61, "RACE": "Black", "SEX": "Male", "TYPE": "ABUSE OF AUTHORITY", "DATE_": 1312243200000, "UNIT": "District 15", "ACTION": "Reject", "STATUS": "Closed", "LONG_": -75.079545, "LAT": 40.010765 }, "geometry": { "type": "Point", "coordinates": [ -75.079545000102101, 40.0107650002086 ] } },
{ "type": "Feature", "properties": { "OBJECTID_1": 123, "AGE": 47, "RACE": "Black", "SEX": "Male", "TYPE": "ABUSE OF AUTHORITY", "DATE_": 1335139200000, "UNIT": "District 15", "ACTION": "REJECT", "STATUS": "Closed", "LONG_": -75.06319, "LAT": 40.031568 }, "geometry": { "type": "Point", "coordinates": [ -75.063190000418601, 40.031567999967301 ] } },
{ "type": "Feature", "properties": { "OBJECTID_1": 124, "AGE": 39, "RACE": "Black", "SEX": "Male", "TYPE": "PHYSICAL ABUSE", "DATE_": 1344470400000, "UNIT": "District 15", "ACTION": "REJECT", "STATUS": "Closed", "LONG_": -75.075126, "LAT": 40.029071 }, "geometry": { "type": "Point", "coordinates": [ -75.0751259995656, 40.029070999930802 ] } },
{ "type": "Feature", "properties": { "OBJECTID_1": 125, "AGE": 39, "RACE": "Black", "SEX": "Male", "TYPE": "ABUSE OF AUTHORITY", "DATE_": 1346025600000, "UNIT": "District 15", "ACTION": "AUDIT", "STATUS": "Open", "LONG_": -75.031561, "LAT": 40.039961 }, "geometry": { "type": "Point", "coordinates": [ -75.031560999640803, 40.039961000303997 ] } },
{ "type": "Feature", "properties": { "OBJECTID_1": 126, "AGE": 48, "RACE": "Black", "SEX": "Female", "TYPE": "ABUSE OF AUTHORITY", "DATE_": 1355961600000, "UNIT": "District 15", "ACTION": "AUDIT", "STATUS": "Open", "LONG_": -75.082946, "LAT": 40.029916 }, "geometry": { "type": "Point", "coordinates": [ -75.082945999558703, 40.029916000227303 ] } },
{ "type": "Feature", "properties": { "OBJECTID_1": 127, "AGE": 50, "RACE": "Black", "SEX": "Female", "TYPE": "ABUSE OF AUTHORITY", "DATE_": 1233532800000, "UNIT": "District 16", "ACTION": "AUDIT", "STATUS": "Closed", "LONG_": -75.206776, "LAT": 39.968104 }, "geometry": { "type": "Point", "coordinates": [ -75.206776000212699, 39.968103999703899 ] } },
{ "type": "Feature", "properties": { "OBJECTID_1": 128, "AGE": 60, "RACE": "Black", "SEX": "Female", "TYPE": "POLICE SHOOTINGS", "DATE_": 1239753600000, "UNIT": "District 16", "ACTION": "ACCEPT", "STATUS": "Open", "LONG_": -75.233161, "LAT": 39.973542 }, "geometry": { "type": "Point", "coordinates": [ -75.233161000180502, 39.973541999567701 ] } },
{ "type": "Feature", "properties": { "OBJECTID_1": 129, "AGE": 33, "RACE": "Black", "SEX": "Female", "TYPE": "ABUSE OF AUTHORITY", "DATE_": 1244764800000, "UNIT": "District 16", "ACTION": "REJECT", "STATUS": "Closed", "LONG_": -75.199242, "LAT": 39.973235 }, "geometry": { "type": "Point", "coordinates": [ -75.199241999918797, 39.973234999799502 ] } },
{ "type": "Feature", "properties": { "OBJECTID_1": 130, "AGE": 50, "RACE": "Black", "SEX": "Male", "TYPE": "PHYSICAL ABUSE", "DATE_": 1245196800000, "UNIT": "District 16", "ACTION": "ACCEPT", "STATUS": "Open", "LONG_": -75.203578, "LAT": 39.964436 }, "geometry": { "type": "Point", "coordinates": [ -75.203578000224994, 39.964435999625699 ] } },
{ "type": "Feature", "properties": { "OBJECTID_1": 131, "AGE": 44, "RACE": "White", "SEX": "Female", "TYPE": "LACK OF SERVICE", "DATE_": 1245628800000, "UNIT": "District 16", "ACTION": "REJECT", "STATUS": "Closed", "LONG_": -75.220951, "LAT": 39.967554 }, "geometry": { "type": "Point", "coordinates": [ -75.220951000089002, 39.967554000420797 ] } },
{ "type": "Feature", "properties": { "OBJECTID_1": 132, "AGE": 33, "RACE": "Black", "SEX": "Male", "TYPE": "ABUSE OF AUTHORITY", "DATE_": 1245801600000, "UNIT": "District 16", "ACTION": "ACCEPT", "STATUS": "Open", "LONG_": -75.220951, "LAT": 39.967554 }, "geometry": { "type": "Point", "coordinates": [ -75.220951000089002, 39.967554000420797 ] } },
{ "type": "Feature", "properties": { "OBJECTID_1": 133, "AGE": 33, "RACE": "Black", "SEX": "Female", "TYPE": "ABUSE OF AUTHORITY", "DATE_": 1247443200000, "UNIT": "District 16", "ACTION": "REJECT", "STATUS": "Closed", "LONG_": -75.200137, "LAT": 39.961964 }, "geometry": { "type": "Point", "coordinates": [ -75.200136999823101, 39.961963999842801 ] } },
{ "type": "Feature", "properties": { "OBJECTID_1": 134, "AGE": 24, "RACE": "Black", "SEX": "Female", "TYPE": "PHYSICAL ABUSE", "DATE_": 1251676800000, "UNIT": "District 16", "ACTION": "ACCEPT", "STATUS": "Open", "LONG_": -75.220305, "LAT": 39.965912 }, "geometry": { "type": "Point", "coordinates": [ -75.220304999976193, 39.965912000242703 ] } },
{ "type": "Feature", "properties": { "OBJECTID_1": 135, "AGE": 48, "RACE": "White", "SEX": "Female", "TYPE": "NO MISCONDUCT", "DATE_": 1254355200000, "UNIT": "District 16", "ACTION": "REJECT", "STATUS": "Closed", "LONG_": -75.183335, "LAT": 39.95482 }, "geometry": { "type": "Point", "coordinates": [ -75.183335000210505, 39.954820000446702 ] } },
{ "type": "Feature", "properties": { "OBJECTID_1": 136, "AGE": 76, "RACE": "Black", "SEX": "Male", "TYPE": "ABUSE OF AUTHORITY", "DATE_": 1256688000000, "UNIT": "District 16", "ACTION": "REJECT", "STATUS": "Closed", "LONG_": -75.206468, "LAT": 39.960012 }, "geometry": { "type": "Point", "coordinates": [ -75.206468000398402, 39.960011999758102 ] } },
{ "type": "Feature", "properties": { "OBJECTID_1": 137, "AGE": 50, "RACE": "Black", "SEX": "Male", "TYPE": "ABUSE OF AUTHORITY", "DATE_": 1278374400000, "UNIT": "District 16", "ACTION": "REJECT", "STATUS": "Closed", "LONG_": -75.216836, "LAT": 39.962711 }, "geometry": { "type": "Point", "coordinates": [ -75.216836000081798, 39.962711000116599 ] } },
{ "type": "Feature", "properties": { "OBJECTID_1": 138, "AGE": 33, "RACE": "Black", "SEX": "Male", "TYPE": "ABUSE OF AUTHORITY", "DATE_": 1290988800000, "UNIT": "District 16", "ACTION": "ACCEPT", "STATUS": "Closed", "LONG_": -75.203588, "LAT": 39.959054 }, "geometry": { "type": "Point", "coordinates": [ -75.203587999786805, 39.9590539996464 ] } },
{ "type": "Feature", "properties": { "OBJECTID_1": 139, "AGE": 42, "RACE": "Black", "SEX": "Female", "TYPE": "ABUSE OF AUTHORITY", "DATE_": 1320624000000, "UNIT": "District 16", "ACTION": "NAR", "STATUS": "Closed", "LONG_": -75.202641, "LAT": 39.971939 }, "geometry": { "type": "Point", "coordinates": [ -75.202641000182496, 39.9719390002887 ] } },
{ "type": "Feature", "properties": { "OBJECTID_1": 140, "AGE": 29, "RACE": "Black", "SEX": "Female", "TYPE": "PHYSICAL ABUSE", "DATE_": 1327017600000, "UNIT": "District 16", "ACTION": "ACCEPT", "STATUS": "CLOSED", "LONG_": -75.127103, "LAT": 39.971352 }, "geometry": { "type": "Point", "coordinates": [ -75.127102999804094, 39.971352000198699 ] } },
{ "type": "Feature", "properties": { "OBJECTID_1": 141, "AGE": 18, "RACE": "White", "SEX": "Female", "TYPE": "ABUSE OF AUTHORITY", "DATE_": 1345507200000, "UNIT": "District 16", "ACTION": "ACCEPT", "STATUS": "Open", "LONG_": -75.205879, "LAT": 39.977057 }, "geometry": { "type": "Point", "coordinates": [ -75.2058790002161, 39.9770569997848 ] } },
{ "type": "Feature", "properties": { "OBJECTID_1": 142, "AGE": 25, "RACE": "Black", "SEX": "Male", "TYPE": "ABUSE OF AUTHORITY", "DATE_": 1231977600000, "UNIT": "District 17", "ACTION": "ACCEPT", "STATUS": "Open", "LONG_": -75.16955, "LAT": 39.940434 }, "geometry": { "type": "Point", "coordinates": [ -75.169550000332706, 39.940433999833303 ] } },
{ "type": "Feature", "properties": { "OBJECTID_1": 143, "AGE": 41, "RACE": "Black", "SEX": "Male", "TYPE": "ABUSE OF AUTHORITY", "DATE_": 1233014400000, "UNIT": "District 17", "ACTION": "REJECT", "STATUS": "Closed", "LONG_": -75.163377, "LAT": 39.936479 }, "geometry": { "type": "Point", "coordinates": [ -75.163376999849106, 39.936479000009903 ] } },
{ "type": "Feature", "properties": { "OBJECTID_1": 144, "AGE": 44, "RACE": "Black", "SEX": "Female", "TYPE": "ABUSE OF AUTHORITY", "DATE_": 1234828800000, "UNIT": "District 17", "ACTION": "ACCEPT", "STATUS": "Open", "LONG_": -75.179608, "LAT": 39.934428 }, "geometry": { "type": "Point", "coordinates": [ -75.179608000109496, 39.934427999856297 ] } },
{ "type": "Feature", "properties": { "OBJECTID_1": 145, "AGE": 17, "RACE": "Black", "SEX": "Male", "TYPE": "ABUSE OF AUTHORITY", "DATE_": 1238976000000, "UNIT": "District 17", "ACTION": "ACCEPT", "STATUS": "Open", "LONG_": -75.132133, "LAT": 40.038246 }, "geometry": { "type": "Point", "coordinates": [ -75.132132999738602, 40.0382460003567 ] } },
{ "type": "Feature", "properties": { "OBJECTID_1": 146, "AGE": 17, "RACE": "Black", "SEX": "Male", "TYPE": "PHYSICAL ABUSE", "DATE_": 1239235200000, "UNIT": "District 17", "ACTION": "ACCEPT", "STATUS": "Open", "LONG_": -75.17163, "LAT": 39.930896 }, "geometry": { "type": "Point", "coordinates": [ -75.171630000024905, 39.930895999754703 ] } },
{ "type": "Feature", "properties": { "OBJECTID_1": 147, "AGE": 44, "RACE": "Black", "SEX": "Male", "TYPE": "ABUSE OF AUTHORITY", "DATE_": 1239235200000, "UNIT": "District 17", "ACTION": "ACCEPT", "STATUS": "Open", "LONG_": -75.183455, "LAT": 39.932383 }, "geometry": { "type": "Point", "coordinates": [ -75.183455000348403, 39.932382999979502 ] } },
{ "type": "Feature", "properties": { "OBJECTID_1": 148, "AGE": 42, "RACE": "Black", "SEX": "Female", "TYPE": "ABUSE OF AUTHORITY", "DATE_": 1243555200000, "UNIT": "District 17", "ACTION": "ACCEPT", "STATUS": "Open", "LONG_": -75.178796, "LAT": 39.933122 }, "geometry": { "type": "Point", "coordinates": [ -75.178796000435497, 39.933121999884499 ] } },
{ "type": "Feature", "properties": { "OBJECTID_1": 149, "AGE": 49, "RACE": "Black", "SEX": "Male", "TYPE": "PHYSICAL ABUSE", "DATE_": 1244160000000, "UNIT": "District 17", "ACTION": "REJECT", "STATUS": "Closed", "LONG_": -75.178825, "LAT": 39.931793 }, "geometry": { "type": "Point", "coordinates": [ -75.178824999974296, 39.931792999751202 ] } },
{ "type": "Feature", "properties": { "OBJECTID_1": 150, "AGE": 45, "RACE": "Black", "SEX": "Male", "TYPE": "PHYSICAL ABUSE", "DATE_": 1247788800000, "UNIT": "District 17", "ACTION": "ACCEPT", "STATUS": "Open", "LONG_": -75.173729, "LAT": 39.928662 }, "geometry": { "type": "Point", "coordinates": [ -75.173728999694006, 39.9286620001552 ] } },
{ "type": "Feature", "properties": { "OBJECTID_1": 151, "AGE": 47, "RACE": "Black", "SEX": "Female", "TYPE": "PHYSICAL ABUSE", "DATE_": 1252540800000, "UNIT": "District 17", "ACTION": "ACCEPT", "STATUS": "Open", "LONG_": -75.227344, "LAT": 39.976264 }, "geometry": { "type": "Point", "coordinates": [ -75.227343999926106, 39.976264000087603 ] } },
{ "type": "Feature", "properties": { "OBJECTID_1": 152, "AGE": 30, "RACE": "Black", "SEX": "Female", "TYPE": "ABUSE OF AUTHORITY", "DATE_": 1271635200000, "UNIT": "District 17", "ACTION": "AUDIT", "STATUS": "Open", "LONG_": -75.179327, "LAT": 39.936365 }, "geometry": { "type": "Point", "coordinates": [ -75.179326999741704, 39.936365000148697 ] } },
{ "type": "Feature", "properties": { "OBJECTID_1": 153, "AGE": 28, "RACE": "Black", "SEX": "Male", "TYPE": "PHYSICAL ABUSE", "DATE_": 1280448000000, "UNIT": "District 17", "ACTION": "REJECT", "STATUS": "Closed", "LONG_": -75.179555, "LAT": 39.933179 }, "geometry": { "type": "Point", "coordinates": [ -75.179555000363393, 39.933178999814999 ] } },
{ "type": "Feature", "properties": { "OBJECTID_1": 154, "AGE": 0, "RACE": "Black", "SEX": "Male", "TYPE": "ABUSE OF AUTHORITY", "DATE_": 1299024000000, "UNIT": "District 17", "ACTION": "Reject", "STATUS": "Closed", "LONG_": -75.184185, "LAT": 39.935035 }, "geometry": { "type": "Point", "coordinates": [ -75.184184999838294, 39.935034999969297 ] } },
{ "type": "Feature", "properties": { "OBJECTID_1": 155, "AGE": 43, "RACE": "Black", "SEX": "Male", "TYPE": "ABUSE OF AUTHORITY", "DATE_": 1300838400000, "UNIT": "District 17", "ACTION": "Reject", "STATUS": "Closed", "LONG_": -75.180949, "LAT": 39.934573 }, "geometry": { "type": "Point", "coordinates": [ -75.180948999896898, 39.934573000247802 ] } },
{ "type": "Feature", "properties": { "OBJECTID_1": 156, "AGE": 43, "RACE": "Black", "SEX": "Female", "TYPE": "ABUSE OF AUTHORITY", "DATE_": 1303948800000, "UNIT": "District 17", "ACTION": "Audit", "STATUS": "Closed", "LONG_": -75.176761, "LAT": 39.929848 }, "geometry": { "type": "Point", "coordinates": [ -75.176761000120493, 39.929847999989299 ] } },
{ "type": "Feature", "properties": { "OBJECTID_1": 157, "AGE": 25, "RACE": "Black", "SEX": "Male", "TYPE": "ABUSE OF AUTHORITY", "DATE_": 1304208000000, "UNIT": "District 17", "ACTION": "REJECT", "STATUS": "Closed", "LONG_": -75.198183, "LAT": 39.939607 }, "geometry": { "type": "Point", "coordinates": [ -75.198182999646207, 39.939607000366799 ] } },
{ "type": "Feature", "properties": { "OBJECTID_1": 158, "AGE": 53, "RACE": "Black", "SEX": "Female", "TYPE": "ABUSE OF AUTHORITY", "DATE_": 1307577600000, "UNIT": "District 17", "ACTION": "Audit", "STATUS": "Closed", "LONG_": -75.171229, "LAT": 39.932968 }, "geometry": { "type": "Point", "coordinates": [ -75.171229000418506, 39.932967999977201 ] } },
{ "type": "Feature", "properties": { "OBJECTID_1": 159, "AGE": 40, "RACE": "Black", "SEX": "Female", "TYPE": "ABUSE OF AUTHORITY", "DATE_": 1313712000000, "UNIT": "District 17", "ACTION": "Audit", "STATUS": "Closed", "LONG_": -75.192958, "LAT": 39.929549 }, "geometry": { "type": "Point", "coordinates": [ -75.192957999712405, 39.929548999690603 ] } },
{ "type": "Feature", "properties": { "OBJECTID_1": 160, "AGE": 24, "RACE": "White", "SEX": "Male", "TYPE": "ABUSE OF AUTHORITY", "DATE_": 1315267200000, "UNIT": "District 17", "ACTION": "Accept", "STATUS": "Closed", "LONG_": -75.175845, "LAT": 39.941222 }, "geometry": { "type": "Point", "coordinates": [ -75.175845000147106, 39.941222000199197 ] } },
{ "type": "Feature", "properties": { "OBJECTID_1": 161, "AGE": 54, "RACE": "Black", "SEX": "Female", "TYPE": "PHYSICAL ABUSE", "DATE_": 1345075200000, "UNIT": "District 17", "ACTION": "ACCEPT", "STATUS": "Open", "LONG_": -75.167824, "LAT": 39.94494 }, "geometry": { "type": "Point", "coordinates": [ -75.167823999878195, 39.944939999885101 ] } },
{ "type": "Feature", "properties": { "OBJECTID_1": 162, "AGE": 0, "RACE": "Black", "SEX": "Male", "TYPE": "PHYSICAL ABUSE", "DATE_": 1345507200000, "UNIT": "District 17", "ACTION": "ACCEPT", "STATUS": "Open", "LONG_": -75.167824, "LAT": 39.94494 }, "geometry": { "type": "Point", "coordinates": [ -75.167823999878195, 39.944939999885101 ] } },
{ "type": "Feature", "properties": { "OBJECTID_1": 163, "AGE": 31, "RACE": "Black", "SEX": "Female", "TYPE": "ABUSE OF AUTHORITY", "DATE_": 1231200000000, "UNIT": "District 18", "ACTION": "AUDIT", "STATUS": "Closed", "LONG_": -75.20809, "LAT": 39.943797 }, "geometry": { "type": "Point", "coordinates": [ -75.208089999654206, 39.943797000235399 ] } },
{ "type": "Feature", "properties": { "OBJECTID_1": 164, "AGE": 37, "RACE": "Black", "SEX": "Female", "TYPE": "LACK OF SERVICE", "DATE_": 1237248000000, "UNIT": "District 18", "ACTION": "AUDIT", "STATUS": "Open", "LONG_": -75.240778, "LAT": 39.952194 }, "geometry": { "type": "Point", "coordinates": [ -75.240777999805303, 39.9521939998573 ] } },
{ "type": "Feature", "properties": { "OBJECTID_1": 165, "AGE": 28, "RACE": "Black", "SEX": "Male", "TYPE": "ABUSE OF AUTHORITY", "DATE_": 1238976000000, "UNIT": "District 18", "ACTION": "ACCEPT", "STATUS": "Open", "LONG_": -75.239328, "LAT": 39.954569 }, "geometry": { "type": "Point", "coordinates": [ -75.239328000387403, 39.954568999663699 ] } },
{ "type": "Feature", "properties": { "OBJECTID_1": 166, "AGE": 33, "RACE": "Black", "SEX": "Female", "TYPE": "PHYSICAL ABUSE", "DATE_": 1242259200000, "UNIT": "District 18", "ACTION": "ACCEPT", "STATUS": "Open", "LONG_": -75.218134, "LAT": 39.953615 }, "geometry": { "type": "Point", "coordinates": [ -75.218133999684795, 39.953614999736502 ] } },
{ "type": "Feature", "properties": { "OBJECTID_1": 167, "AGE": 55, "RACE": "White", "SEX": "Male", "TYPE": "PHYSICAL ABUSE", "DATE_": 1242604800000, "UNIT": "District 18", "ACTION": "ACCEPT", "STATUS": "Open", "LONG_": -75.199623, "LAT": 39.956862 }, "geometry": { "type": "Point", "coordinates": [ -75.199623000401601, 39.956862000185197 ] } },
{ "type": "Feature", "properties": { "OBJECTID_1": 168, "AGE": 37, "RACE": "Black", "SEX": "Female", "TYPE": "PHYSICAL ABUSE", "DATE_": 1242691200000, "UNIT": "District 18", "ACTION": "REJECT", "STATUS": "Closed", "LONG_": -75.232153, "LAT": 39.954263 }, "geometry": { "type": "Point", "coordinates": [ -75.232152999561805, 39.954262999941598 ] } },
{ "type": "Feature", "properties": { "OBJECTID_1": 169, "AGE": 43, "RACE": "Black", "SEX": "Male", "TYPE": "PHYSICAL ABUSE", "DATE_": 1243382400000, "UNIT": "District 18", "ACTION": "ACCEPT", "STATUS": "Open", "LONG_": -75.229969, "LAT": 39.954481 }, "geometry": { "type": "Point", "coordinates": [ -75.229968999570104, 39.954481000102099 ] } },
{ "type": "Feature", "properties": { "OBJECTID_1": 170, "AGE": 49, "RACE": "Black", "SEX": "Female", "TYPE": "NO MISCONDUCT", "DATE_": 1243555200000, "UNIT": "District 18", "ACTION": "REJECT", "STATUS": "Closed", "LONG_": -75.232153, "LAT": 39.954263 }, "geometry": { "type": "Point", "coordinates": [ -75.232152999561805, 39.954262999941598 ] } },
{ "type": "Feature", "properties": { "OBJECTID_1": 171, "AGE": 40, "RACE": "Black", "SEX": "Male", "TYPE": "NO MISCONDUCT", "DATE_": 1243814400000, "UNIT": "District 18", "ACTION": "REJECT", "STATUS": "Closed", "LONG_": -75.241244, "LAT": 39.961978 }, "geometry": { "type": "Point", "coordinates": [ -75.241243999711301, 39.961977999589102 ] } },
{ "type": "Feature", "properties": { "OBJECTID_1": 172, "AGE": 50, "RACE": "Black", "SEX": "Female", "TYPE": "ABUSE OF AUTHORITY", "DATE_": 1245888000000, "UNIT": "District 18", "ACTION": "ACCEPT", "STATUS": "Open", "LONG_": -75.214345, "LAT": 39.955529 }, "geometry": { "type": "Point", "coordinates": [ -75.214345000321998, 39.955528999867497 ] } },
{ "type": "Feature", "properties": { "OBJECTID_1": 173, "AGE": 28, "RACE": "Black", "SEX": "Female", "TYPE": "ABUSE OF AUTHORITY", "DATE_": 1246492800000, "UNIT": "District 18", "ACTION": "ACCEPT", "STATUS": "Open", "LONG_": -75.20259, "LAT": 39.954114 }, "geometry": { "type": "Point", "coordinates": [ -75.202589999629197, 39.954114000265001 ] } },
{ "type": "Feature", "properties": { "OBJECTID_1": 174, "AGE": 31, "RACE": "Black", "SEX": "Male", "TYPE": "ABUSE OF AUTHORITY", "DATE_": 1249257600000, "UNIT": "District 18", "ACTION": "REJECT", "STATUS": "Closed", "LONG_": -75.245183, "LAT": 39.960173 }, "geometry": { "type": "Point", "coordinates": [ -75.245182999696198, 39.960172999988004 ] } },
{ "type": "Feature", "properties": { "OBJECTID_1": 175, "AGE": 31, "RACE": "Black", "SEX": "Female", "TYPE": "ABUSE OF AUTHORITY", "DATE_": 1249948800000, "UNIT": "District 18", "ACTION": "REJECT", "STATUS": "Closed", "LONG_": -75.242777, "LAT": 39.961752 }, "geometry": { "type": "Point", "coordinates": [ -75.242777000258798, 39.961751999958899 ] } },
{ "type": "Feature", "properties": { "OBJECTID_1": 176, "AGE": 59, "RACE": "Black", "SEX": "Male", "TYPE": "ABUSE OF AUTHORITY", "DATE_": 1265068800000, "UNIT": "District 18", "ACTION": "REJECT", "STATUS": "Closed", "LONG_": -75.232153, "LAT": 39.954263 }, "geometry": { "type": "Point", "coordinates": [ -75.232152999561805, 39.954262999941598 ] } },
{ "type": "Feature", "properties": { "OBJECTID_1": 177, "AGE": 31, "RACE": "White", "SEX": "Male", "TYPE": "ABUSE OF AUTHORITY", "DATE_": 1268179200000, "UNIT": "District 18", "ACTION": "NAR", "STATUS": "Closed", "LONG_": -75.214919, "LAT": 39.949747 }, "geometry": { "type": "Point", "coordinates": [ -75.214918999812497, 39.949747000327797 ] } },
{ "type": "Feature", "properties": { "OBJECTID_1": 178, "AGE": 21, "RACE": "Black", "SEX": "Male", "TYPE": "ABUSE OF AUTHORITY", "DATE_": 1274400000000, "UNIT": "District 18", "ACTION": "NAR", "STATUS": "Closed", "LONG_": -75.22654, "LAT": 39.952002 }, "geometry": { "type": "Point", "coordinates": [ -75.226539999721695, 39.952001999996398 ] } },
{ "type": "Feature", "properties": { "OBJECTID_1": 179, "AGE": 31, "RACE": "White", "SEX": "Male", "TYPE": "ABUSE OF AUTHORITY", "DATE_": 1285200000000, "UNIT": "District 18", "ACTION": "NAR", "STATUS": "Closed", "LONG_": -75.209838, "LAT": 39.956345 }, "geometry": { "type": "Point", "coordinates": [ -75.209838000223996, 39.956344999725999 ] } },
{ "type": "Feature", "properties": { "OBJECTID_1": 180, "AGE": 30, "RACE": "Black", "SEX": "Female", "TYPE": "ABUSE OF AUTHORITY", "DATE_": 1287014400000, "UNIT": "District 18", "ACTION": "ACCEPT", "STATUS": "Open", "LONG_": -75.229405, "LAT": 39.937806 }, "geometry": { "type": "Point", "coordinates": [ -75.229404999641503, 39.937806000050898 ] } },
{ "type": "Feature", "properties": { "OBJECTID_1": 181, "AGE": 50, "RACE": "Black", "SEX": "Male", "TYPE": "ABUSE OF AUTHORITY", "DATE_": 1288224000000, "UNIT": "District 18", "ACTION": "REJECT", "STATUS": "Closed", "LONG_": -75.231675, "LAT": 39.956545 }, "geometry": { "type": "Point", "coordinates": [ -75.231675000001701, 39.956544999955902 ] } },
{ "type": "Feature", "properties": { "OBJECTID_1": 182, "AGE": 26, "RACE": "Black", "SEX": "Male", "TYPE": "ABUSE OF AUTHORITY", "DATE_": 1288915200000, "UNIT": "District 18", "ACTION": "ACCEPT", "STATUS": "Open", "LONG_": -75.201955, "LAT": 39.95715 }, "geometry": { "type": "Point", "coordinates": [ -75.201955000023702, 39.9571499999766 ] } },
{ "type": "Feature", "properties": { "OBJECTID_1": 183, "AGE": 26, "RACE": "Black", "SEX": "Male", "TYPE": "PHYSICAL ABUSE", "DATE_": 1292803200000, "UNIT": "District 18", "ACTION": "ACCEPT", "STATUS": "Open", "LONG_": -75.21292, "LAT": 39.949066 }, "geometry": { "type": "Point", "coordinates": [ -75.212920000258293, 39.949066000399597 ] } },
{ "type": "Feature", "properties": { "OBJECTID_1": 184, "AGE": 53, "RACE": "Black", "SEX": "Male", "TYPE": "ABUSE OF AUTHORITY", "DATE_": 1308614400000, "UNIT": "District 18", "ACTION": "Reject", "STATUS": "Closed", "LONG_": -75.231776, "LAT": 39.956324 }, "geometry": { "type": "Point", "coordinates": [ -75.231776000162796, 39.956323999656902 ] } },
{ "type": "Feature", "properties": { "OBJECTID_1": 185, "AGE": 56, "RACE": "Black", "SEX": "Male", "TYPE": "ABUSE OF AUTHORITY", "DATE_": 1308787200000, "UNIT": "District 18", "ACTION": " ", "STATUS": " ", "LONG_": -75.224868, "LAT": 39.960007 }, "geometry": { "type": "Point", "coordinates": [ -75.224867999958704, 39.960007000426799 ] } },
{ "type": "Feature", "properties": { "OBJECTID_1": 186, "AGE": 34, "RACE": "Black", "SEX": "Male", "TYPE": "ABUSE OF AUTHORITY", "DATE_": 1309824000000, "UNIT": "District 18", "ACTION": "Accept", "STATUS": "Closed", "LONG_": -75.208477, "LAT": 39.94418 }, "geometry": { "type": "Point", "coordinates": [ -75.208477000413694, 39.944179999911199 ] } },
{ "type": "Feature", "properties": { "OBJECTID_1": 187, "AGE": 15, "RACE": "Black", "SEX": "Male", "TYPE": "PHYSICAL ABUSE", "DATE_": 1320192000000, "UNIT": "District 18", "ACTION": "Accept", "STATUS": "Open", "LONG_": -75.23996, "LAT": 39.946412 }, "geometry": { "type": "Point", "coordinates": [ -75.239959999854605, 39.946412000317601 ] } },
{ "type": "Feature", "properties": { "OBJECTID_1": 188, "AGE": 53, "RACE": "Black", "SEX": "Male", "TYPE": "ABUSE OF AUTHORITY", "DATE_": 1335139200000, "UNIT": "District 18", "ACTION": "REJECT", "STATUS": "Closed", "LONG_": -75.226816, "LAT": 39.950989 }, "geometry": { "type": "Point", "coordinates": [ -75.2268159998589, 39.950989000046398 ] } },
{ "type": "Feature", "properties": { "OBJECTID_1": 189, "AGE": 28, "RACE": "Black", "SEX": "Female", "TYPE": "ABUSE OF AUTHORITY", "DATE_": 1346112000000, "UNIT": "District 18", "ACTION": "AUDIT", "STATUS": "Open", "LONG_": -75.230262, "LAT": 39.952968 }, "geometry": { "type": "Point", "coordinates": [ -75.230261999592102, 39.952967999577503 ] } },
{ "type": "Feature", "properties": { "OBJECTID_1": 190, "AGE": 22, "RACE": "Black", "SEX": "Female", "TYPE": "PHYSICAL ABUSE", "DATE_": 1346284800000, "UNIT": "District 18", "ACTION": "ACCEPT", "STATUS": "Open", "LONG_": -75.232359, "LAT": 39.953276 }, "geometry": { "type": "Point", "coordinates": [ -75.2323590000682, 39.953276000291297 ] } },
{ "type": "Feature", "properties": { "OBJECTID_1": 191, "AGE": 26, "RACE": "Black", "SEX": "Male", "TYPE": "PHYSICAL ABUSE", "DATE_": 1231113600000, "UNIT": "District 19", "ACTION": "ACCEPT", "STATUS": "Open", "LONG_": -75.228584, "LAT": 39.960505 }, "geometry": { "type": "Point", "coordinates": [ -75.228583999552399, 39.960505000009803 ] } },
{ "type": "Feature", "properties": { "OBJECTID_1": 192, "AGE": 27, "RACE": "Black", "SEX": "Male", "TYPE": "PHYSICAL ABUSE", "DATE_": 1231200000000, "UNIT": "District 19", "ACTION": "AUDIT", "STATUS": "Closed", "LONG_": -75.240025, "LAT": 39.95577 }, "geometry": { "type": "Point", "coordinates": [ -75.240025000154105, 39.955770000189403 ] } },
{ "type": "Feature", "properties": { "OBJECTID_1": 193, "AGE": 30, "RACE": "Black", "SEX": "Female", "TYPE": "ABUSE OF AUTHORITY", "DATE_": 1231718400000, "UNIT": "District 19", "ACTION": "AUDIT", "STATUS": "Closed", "LONG_": -75.243537, "LAT": 39.964986 }, "geometry": { "type": "Point", "coordinates": [ -75.243537000232806, 39.9649859998081 ] } },
{ "type": "Feature", "properties": { "OBJECTID_1": 194, "AGE": 45, "RACE": "Black", "SEX": "Female", "TYPE": "ABUSE OF AUTHORITY", "DATE_": 1232668800000, "UNIT": "District 19", "ACTION": "REJECT", "STATUS": "Closed", "LONG_": -75.250198, "LAT": 39.979459 }, "geometry": { "type": "Point", "coordinates": [ -75.250197999838306, 39.979458999937002 ] } },
{ "type": "Feature", "properties": { "OBJECTID_1": 195, "AGE": 34, "RACE": "Black", "SEX": "Male", "TYPE": "ABUSE OF AUTHORITY", "DATE_": 1233014400000, "UNIT": "District 19", "ACTION": "REJECT", "STATUS": "Closed", "LONG_": -75.243467, "LAT": 39.968548 }, "geometry": { "type": "Point", "coordinates": [ -75.243466999702704, 39.968548000394001 ] } },
{ "type": "Feature", "properties": { "OBJECTID_1": 196, "AGE": 55, "RACE": "Black", "SEX": "Female", "TYPE": "ABUSE OF AUTHORITY", "DATE_": 1236124800000, "UNIT": "District 19", "ACTION": "ACCEPT", "STATUS": "Open", "LONG_": -75.227944, "LAT": 39.988463 }, "geometry": { "type": "Point", "coordinates": [ -75.227943999716302, 39.988462999671803 ] } },
{ "type": "Feature", "properties": { "OBJECTID_1": 197, "AGE": 55, "RACE": "Black", "SEX": "Male", "TYPE": "PHYSICAL ABUSE", "DATE_": 1237939200000, "UNIT": "District 19", "ACTION": "ACCEPT", "STATUS": "Open", "LONG_": -75.235193, "LAT": 39.971283 }, "geometry": { "type": "Point", "coordinates": [ -75.2351930003571, 39.971282999714703 ] } },
{ "type": "Feature", "properties": { "OBJECTID_1": 198, "AGE": 21, "RACE": "Black", "SEX": "Female", "TYPE": "PHYSICAL ABUSE", "DATE_": 1238457600000, "UNIT": "District 19", "ACTION": "ACCEPT", "STATUS": "Open", "LONG_": -75.231241, "LAT": 39.962808 }, "geometry": { "type": "Point", "coordinates": [ -75.231240999772794, 39.962808000093197 ] } },
{ "type": "Feature", "properties": { "OBJECTID_1": 199, "AGE": 40, "RACE": "American Indian", "SEX": "Female", "TYPE": "LACK OF SERVICE", "DATE_": 1240876800000, "UNIT": "District 19", "ACTION": "REJECT", "STATUS": "Closed", "LONG_": -75.240917, "LAT": 39.970899 }, "geometry": { "type": "Point", "coordinates": [ -75.240916999920103, 39.970898999992897 ] } },
{ "type": "Feature", "properties": { "OBJECTID_1": 200, "AGE": 27, "RACE": "Black", "SEX": "Male", "TYPE": "PHYSICAL ABUSE", "DATE_": 1243900800000, "UNIT": "District 19", "ACTION": "ACCEPT", "STATUS": "Open", "LONG_": -75.239479, "LAT": 39.968099 }, "geometry": { "type": "Point", "coordinates": [ -75.239479000156194, 39.968099000372597 ] } },
{ "type": "Feature", "properties": { "OBJECTID_1": 201, "AGE": 26, "RACE": "Black", "SEX": "Male", "TYPE": "ABUSE OF AUTHORITY", "DATE_": 1243900800000, "UNIT": "District 19", "ACTION": "ACCEPT", "STATUS": "Open", "LONG_": -75.228736, "LAT": 39.971109 }, "geometry": { "type": "Point", "coordinates": [ -75.228736000266693, 39.971108999784498 ] } },
{ "type": "Feature", "properties": { "OBJECTID_1": 202, "AGE": 41, "RACE": "Black", "SEX": "Male", "TYPE": "ABUSE OF AUTHORITY", "DATE_": 1246406400000, "UNIT": "District 19", "ACTION": "ACCEPT", "STATUS": "Open", "LONG_": -75.226766, "LAT": 39.977212 }, "geometry": { "type": "Point", "coordinates": [ -75.226766000251203, 39.977211999738003 ] } },
{ "type": "Feature", "properties": { "OBJECTID_1": 203, "AGE": 20, "RACE": "Black", "SEX": "Male", "TYPE": "ABUSE OF AUTHORITY", "DATE_": 1252540800000, "UNIT": "District 19", "ACTION": "REJECT", "STATUS": "Closed", "LONG_": -75.227344, "LAT": 39.976264 }, "geometry": { "type": "Point", "coordinates": [ -75.227343999926106, 39.976264000087603 ] } },
{ "type": "Feature", "properties": { "OBJECTID_1": 204, "AGE": 29, "RACE": "Black", "SEX": "Male", "TYPE": "PHYSICAL ABUSE", "DATE_": 1252886400000, "UNIT": "District 19", "ACTION": "ACCEPT", "STATUS": "Open", "LONG_": -75.239924, "LAT": 39.972049 }, "geometry": { "type": "Point", "coordinates": [ -75.239923999993096, 39.972048999965402 ] } },
{ "type": "Feature", "properties": { "OBJECTID_1": 205, "AGE": 18, "RACE": "Black", "SEX": "Female", "TYPE": "PHYSICAL ABUSE", "DATE_": 1257724800000, "UNIT": "District 19", "ACTION": "ACCEPT", "STATUS": "Open", "LONG_": -75.229771, "LAT": 39.966129 }, "geometry": { "type": "Point", "coordinates": [ -75.229771000331894, 39.966129000357199 ] } },
{ "type": "Feature", "properties": { "OBJECTID_1": 206, "AGE": 20, "RACE": "Black", "SEX": "Female", "TYPE": "PHYSICAL ABUSE", "DATE_": 1257724800000, "UNIT": "District 19", "ACTION": "ACCEPT", "STATUS": "Open", "LONG_": -75.229771, "LAT": 39.966129 }, "geometry": { "type": "Point", "coordinates": [ -75.229771000331894, 39.966129000357199 ] } },
{ "type": "Feature", "properties": { "OBJECTID_1": 207, "AGE": 33, "RACE": "Black", "SEX": "Male", "TYPE": "ABUSE OF AUTHORITY", "DATE_": 1269993600000, "UNIT": "District 19", "ACTION": "AUDIT", "STATUS": "Closed", "LONG_": -75.226612, "LAT": 39.977451 }, "geometry": { "type": "Point", "coordinates": [ -75.226612000344005, 39.977450999967701 ] } },
{ "type": "Feature", "properties": { "OBJECTID_1": 208, "AGE": 31, "RACE": "Black", "SEX": "Male", "TYPE": "ABUSE OF AUTHORITY", "DATE_": 1275609600000, "UNIT": "District 19", "ACTION": "ACCEPT", "STATUS": "Closed", "LONG_": -75.224591, "LAT": 39.964897 }, "geometry": { "type": "Point", "coordinates": [ -75.224590999775302, 39.964897000200502 ] } },
{ "type": "Feature", "properties": { "OBJECTID_1": 209, "AGE": 41, "RACE": "Black", "SEX": "Male", "TYPE": "PHYSICAL ABUSE", "DATE_": 1281484800000, "UNIT": "District 19", "ACTION": "AUDIT", "STATUS": "Open", "LONG_": -75.226233, "LAT": 39.963293 }, "geometry": { "type": "Point", "coordinates": [ -75.226232999953496, 39.963292999975998 ] } },
{ "type": "Feature", "properties": { "OBJECTID_1": 210, "AGE": 60, "RACE": "Black", "SEX": "Female", "TYPE": "THEFT", "DATE_": 1282003200000, "UNIT": "District 19", "ACTION": "REJECT", "STATUS": "Closed", "LONG_": -75.233185, "LAT": 39.97975 }, "geometry": { "type": "Point", "coordinates": [ -75.233185000387905, 39.979749999866598 ] } },
{ "type": "Feature", "properties": { "OBJECTID_1": 211, "AGE": 59, "RACE": "Hispanic", "SEX": "Female", "TYPE": "ABUSE OF AUTHORITY", "DATE_": 1283904000000, "UNIT": "District 19", "ACTION": "REJECT", "STATUS": "Closed", "LONG_": -75.263791, "LAT": 39.972111 }, "geometry": { "type": "Point", "coordinates": [ -75.263790999855203, 39.972111000126603 ] } },
{ "type": "Feature", "properties": { "OBJECTID_1": 212, "AGE": 22, "RACE": "Black", "SEX": "Male", "TYPE": "PHYSICAL ABUSE", "DATE_": 1285804800000, "UNIT": "District 19", "ACTION": "ACCEPT", "STATUS": "Open", "LONG_": -75.221164, "LAT": 40.003658 }, "geometry": { "type": "Point", "coordinates": [ -75.221164000019002, 40.003657999820902 ] } },
{ "type": "Feature", "properties": { "OBJECTID_1": 213, "AGE": 22, "RACE": "Black", "SEX": "Male", "TYPE": "PHYSICAL ABUSE", "DATE_": 1285804800000, "UNIT": "District 19", "ACTION": "ACCEPT", "STATUS": "Open", "LONG_": -75.221164, "LAT": 40.003658 }, "geometry": { "type": "Point", "coordinates": [ -75.221164000019002, 40.003657999820902 ] } },
{ "type": "Feature", "properties": { "OBJECTID_1": 214, "AGE": 22, "RACE": "Black", "SEX": "Male", "TYPE": "PHYSICAL ABUSE", "DATE_": 1288828800000, "UNIT": "District 19", "ACTION": "ACCEPT", "STATUS": "Open", "LONG_": -75.236305, "LAT": 39.969937 }, "geometry": { "type": "Point", "coordinates": [ -75.236305000375907, 39.969936999696799 ] } },
{ "type": "Feature", "properties": { "OBJECTID_1": 215, "AGE": 31, "RACE": "Black", "SEX": "Female", "TYPE": "ABUSE OF AUTHORITY", "DATE_": 1289347200000, "UNIT": "District 19", "ACTION": "AUDIT", "STATUS": "Open", "LONG_": -75.254149, "LAT": 39.979584 }, "geometry": { "type": "Point", "coordinates": [ -75.254149000376501, 39.979584000305401 ] } },
{ "type": "Feature", "properties": { "OBJECTID_1": 216, "AGE": 21, "RACE": "Black", "SEX": "Female", "TYPE": "POLICE SHOOTINGS", "DATE_": 1294876800000, "UNIT": "District 19", "ACTION": "ACCEPT", "STATUS": "Open", "LONG_": -75.225817, "LAT": 39.968116 }, "geometry": { "type": "Point", "coordinates": [ -75.225816999655294, 39.968116000257297 ] } },
{ "type": "Feature", "properties": { "OBJECTID_1": 217, "AGE": 46, "RACE": "Black", "SEX": "Female", "TYPE": "ABUSE OF AUTHORITY", "DATE_": 1295913600000, "UNIT": "District 19", "ACTION": "AUDIT", "STATUS": " ", "LONG_": -75.231281, "LAT": 39.963052 }, "geometry": { "type": "Point", "coordinates": [ -75.231280999818694, 39.963051999654098 ] } },
{ "type": "Feature", "properties": { "OBJECTID_1": 218, "AGE": 37, "RACE": "Black", "SEX": "Male", "TYPE": "ABUSE OF AUTHORITY", "DATE_": 1300924800000, "UNIT": "District 19", "ACTION": "Reject", "STATUS": "Closed", "LONG_": -75.216222, "LAT": 39.98773 }, "geometry": { "type": "Point", "coordinates": [ -75.216221999645995, 39.987730000043499 ] } },
{ "type": "Feature", "properties": { "OBJECTID_1": 219, "AGE": 28, "RACE": "Black", "SEX": "Male", "TYPE": "ABUSE OF AUTHORITY", "DATE_": 1305072000000, "UNIT": "District 19", "ACTION": "Accept", "STATUS": "Open", "LONG_": -75.229263, "LAT": 39.989656 }, "geometry": { "type": "Point", "coordinates": [ -75.229263000287702, 39.989655999828599 ] } },
{ "type": "Feature", "properties": { "OBJECTID_1": 220, "AGE": 57, "RACE": "Black", "SEX": "Male", "TYPE": "ABUSE OF AUTHORITY", "DATE_": 1310688000000, "UNIT": "District 19", "ACTION": "Reject", "STATUS": "Closed", "LONG_": -75.22804, "LAT": 39.971144 }, "geometry": { "type": "Point", "coordinates": [ -75.228039999646697, 39.971143999599903 ] } },
{ "type": "Feature", "properties": { "OBJECTID_1": 221, "AGE": 38, "RACE": "Black", "SEX": "Male", "TYPE": "ABUSE OF AUTHORITY", "DATE_": 1316131200000, "UNIT": "District 19", "ACTION": "Reject", "STATUS": "Closed", "LONG_": -75.229263, "LAT": 39.989656 }, "geometry": { "type": "Point", "coordinates": [ -75.229263000287702, 39.989655999828599 ] } },
{ "type": "Feature", "properties": { "OBJECTID_1": 222, "AGE": 22, "RACE": "Black", "SEX": "Female", "TYPE": "ABUSE OF AUTHORITY", "DATE_": 1335139200000, "UNIT": "District 19", "ACTION": "REJECT", "STATUS": "Closed", "LONG_": -75.245541, "LAT": 39.975331 }, "geometry": { "type": "Point", "coordinates": [ -75.245541000017596, 39.975331000229602 ] } },
{ "type": "Feature", "properties": { "OBJECTID_1": 223, "AGE": 55, "RACE": "Black", "SEX": "Female", "TYPE": "PHYSICAL ABUSE", "DATE_": 1342396800000, "UNIT": "District 19", "ACTION": "ACCEPT", "STATUS": "OPEN", "LONG_": -75.232037, "LAT": 39.968121 }, "geometry": { "type": "Point", "coordinates": [ -75.232036999608297, 39.9681209995885 ] } },
{ "type": "Feature", "properties": { "OBJECTID_1": 224, "AGE": 51, "RACE": "Black", "SEX": "Male", "TYPE": "LACK OF SERVICE", "DATE_": 1354147200000, "UNIT": "District 19", "ACTION": "REJECT", "STATUS": "Closed", "LONG_": -75.226069, "LAT": 39.9769 }, "geometry": { "type": "Point", "coordinates": [ -75.226068999585095, 39.976899999739203 ] } },
{ "type": "Feature", "properties": { "OBJECTID_1": 225, "AGE": 42, "RACE": "Black", "SEX": "Male", "TYPE": "ABUSE OF AUTHORITY", "DATE_": 1355356800000, "UNIT": "District 19", "ACTION": "ACCEPT", "STATUS": "Open", "LONG_": -75.2026, "LAT": 40.004052 }, "geometry": { "type": "Point", "coordinates": [ -75.202600000090399, 40.004052000003803 ] } },
{ "type": "Feature", "properties": { "OBJECTID_1": 226, "AGE": 33, "RACE": "Black", "SEX": "Female", "TYPE": "ABUSE OF AUTHORITY", "DATE_": 1240531200000, "UNIT": "District 2", "ACTION": "REJECT", "STATUS": "Closed", "LONG_": -75.085138, "LAT": 40.041792 }, "geometry": { "type": "Point", "coordinates": [ -75.085137999919198, 40.041792000204701 ] } },
{ "type": "Feature", "properties": { "OBJECTID_1": 227, "AGE": 38, "RACE": "Black", "SEX": "Female", "TYPE": "ABUSE OF AUTHORITY", "DATE_": 1242259200000, "UNIT": "District 2", "ACTION": "REJECT", "STATUS": "Closed", "LONG_": -75.073246, "LAT": 40.041505 }, "geometry": { "type": "Point", "coordinates": [ -75.073246000103197, 40.041504999560097 ] } },
{ "type": "Feature", "properties": { "OBJECTID_1": 228, "AGE": 35, "RACE": "White", "SEX": "Female", "TYPE": "ABUSE OF AUTHORITY", "DATE_": 1243468800000, "UNIT": "District 2", "ACTION": "ACCEPT", "STATUS": "Open", "LONG_": -75.111163, "LAT": 40.035618 }, "geometry": { "type": "Point", "coordinates": [ -75.111163000372599, 40.035617999674997 ] } },
{ "type": "Feature", "properties": { "OBJECTID_1": 229, "AGE": 42, "RACE": "Black", "SEX": "Female", "TYPE": "VERBAL ABUSE", "DATE_": 1258329600000, "UNIT": "District 2", "ACTION": "REJECT", "STATUS": "Closed", "LONG_": -75.073256, "LAT": 40.055331 }, "geometry": { "type": "Point", "coordinates": [ -75.073255999665093, 40.055331000429398 ] } },
{ "type": "Feature", "properties": { "OBJECTID_1": 230, "AGE": 47, "RACE": "Black", "SEX": "Female", "TYPE": "LACK OF SERVICE", "DATE_": 1271721600000, "UNIT": "District 2", "ACTION": "REJECT", "STATUS": "Closed", "LONG_": -75.088461, "LAT": 40.035294 }, "geometry": { "type": "Point", "coordinates": [ -75.088461000275402, 40.035294000022198 ] } },
{ "type": "Feature", "properties": { "OBJECTID_1": 231, "AGE": 46, "RACE": "White", "SEX": "Female", "TYPE": "ABUSE OF AUTHORITY", "DATE_": 1276214400000, "UNIT": "District 2", "ACTION": "ACCEPT", "STATUS": "Closed", "LONG_": -75.078444, "LAT": 40.070457 }, "geometry": { "type": "Point", "coordinates": [ -75.078443999691302, 40.0704570000945 ] } },
{ "type": "Feature", "properties": { "OBJECTID_1": 232, "AGE": 23, "RACE": "Black", "SEX": "Female", "TYPE": "PHYSICAL ABUSE", "DATE_": 1277164800000, "UNIT": "District 2", "ACTION": "ACCEPT", "STATUS": "Open", "LONG_": -75.087398, "LAT": 40.035537 }, "geometry": { "type": "Point", "coordinates": [ -75.087397999818293, 40.0355370004363 ] } },
{ "type": "Feature", "properties": { "OBJECTID_1": 233, "AGE": 29, "RACE": "Asian", "SEX": "Female", "TYPE": "LACK OF SERVICE", "DATE_": 1279497600000, "UNIT": "District 2", "ACTION": "ACCEPT", "STATUS": "Closed", "LONG_": -75.067928, "LAT": 40.04609 }, "geometry": { "type": "Point", "coordinates": [ -75.067928000377293, 40.046089999657802 ] } },
{ "type": "Feature", "properties": { "OBJECTID_1": 234, "AGE": 30, "RACE": "Black", "SEX": "Female", "TYPE": "ABUSE OF AUTHORITY", "DATE_": 1283904000000, "UNIT": "District 2", "ACTION": "REJECT", "STATUS": "Closed", "LONG_": -75.098524, "LAT": 40.041745 }, "geometry": { "type": "Point", "coordinates": [ -75.098524000282794, 40.041744999835899 ] } },
{ "type": "Feature", "properties": { "OBJECTID_1": 235, "AGE": 56, "RACE": "White", "SEX": "Male", "TYPE": "PHYSICAL ABUSE", "DATE_": 1315440000000, "UNIT": "District 2", "ACTION": "Audit", "STATUS": "Open", "LONG_": -75.087613, "LAT": 40.049029 }, "geometry": { "type": "Point", "coordinates": [ -75.087612999840502, 40.049029000292101 ] } },
{ "type": "Feature", "properties": { "OBJECTID_1": 236, "AGE": 33, "RACE": "Black", "SEX": "Male", "TYPE": "ABUSE OF AUTHORITY", "DATE_": 1318291200000, "UNIT": "District 2", "ACTION": "NAR", "STATUS": "Cloed", "LONG_": -75.088709, "LAT": 40.037952 }, "geometry": { "type": "Point", "coordinates": [ -75.088709000020799, 40.037952000288598 ] } },
{ "type": "Feature", "properties": { "OBJECTID_1": 237, "AGE": 49, "RACE": "Black", "SEX": "Female", "TYPE": "ABUSE OF AUTHORITY", "DATE_": 1332892800000, "UNIT": "District 2", "ACTION": "REJECT", "STATUS": "Closed", "LONG_": -75.088435, "LAT": 40.035279 }, "geometry": { "type": "Point", "coordinates": [ -75.088434999975703, 40.0352790002297 ] } },
{ "type": "Feature", "properties": { "OBJECTID_1": 238, "AGE": 36, "RACE": "Black", "SEX": "Female", "TYPE": "ABUSE OF AUTHORITY", "DATE_": 1337731200000, "UNIT": "District 2", "ACTION": "AUDIT", "STATUS": "OPEN", "LONG_": -75.078011, "LAT": 40.038828 }, "geometry": { "type": "Point", "coordinates": [ -75.078011000407798, 40.0388280002161 ] } },
{ "type": "Feature", "properties": { "OBJECTID_1": 239, "AGE": 39, "RACE": "Black", "SEX": "Male", "TYPE": "ABUSE OF AUTHORITY", "DATE_": 1237248000000, "UNIT": "District 22", "ACTION": "REJECT", "STATUS": "Closed", "LONG_": -75.174115, "LAT": 39.990269 }, "geometry": { "type": "Point", "coordinates": [ -75.174115000407397, 39.990269000218298 ] } },
{ "type": "Feature", "properties": { "OBJECTID_1": 240, "AGE": 0, "RACE": "Black", "SEX": "Male", "TYPE": "ABUSE OF AUTHORITY", "DATE_": 1241049600000, "UNIT": "District 22", "ACTION": "ACCEPT", "STATUS": "Open", "LONG_": -75.158801, "LAT": 39.989785 }, "geometry": { "type": "Point", "coordinates": [ -75.158801000166406, 39.989785000381502 ] } },
{ "type": "Feature", "properties": { "OBJECTID_1": 241, "AGE": 47, "RACE": "Black", "SEX": "Female", "TYPE": "ABUSE OF AUTHORITY", "DATE_": 1243814400000, "UNIT": "District 22", "ACTION": "ACCEPT", "STATUS": "Open", "LONG_": -75.16652, "LAT": 39.989496 }, "geometry": { "type": "Point", "coordinates": [ -75.1665199999984, 39.989495999644703 ] } },
{ "type": "Feature", "properties": { "OBJECTID_1": 242, "AGE": 31, "RACE": "Black", "SEX": "Female", "TYPE": "ABUSE OF AUTHORITY", "DATE_": 1248912000000, "UNIT": "District 22", "ACTION": "AUDIT", "STATUS": "Open", "LONG_": -75.161146, "LAT": 39.98642 }, "geometry": { "type": "Point", "coordinates": [ -75.161146000388101, 39.986419999887097 ] } },
{ "type": "Feature", "properties": { "OBJECTID_1": 243, "AGE": 31, "RACE": "Black", "SEX": "Male", "TYPE": "ABUSE OF AUTHORITY", "DATE_": 1249603200000, "UNIT": "District 22", "ACTION": "AUDIT", "STATUS": "Closed", "LONG_": -75.177367, "LAT": 39.98414 }, "geometry": { "type": "Point", "coordinates": [ -75.177367000187303, 39.984139999965102 ] } },
{ "type": "Feature", "properties": { "OBJECTID_1": 244, "AGE": 54, "RACE": "Black", "SEX": "Female", "TYPE": "ABUSE OF AUTHORITY", "DATE_": 1251331200000, "UNIT": "District 22", "ACTION": "REJECT", "STATUS": "Closed", "LONG_": -75.176974, "LAT": 39.993717 }, "geometry": { "type": "Point", "coordinates": [ -75.176974000050507, 39.993717000043603 ] } },
{ "type": "Feature", "properties": { "OBJECTID_1": 245, "AGE": 52, "RACE": "Black", "SEX": "Male", "TYPE": "ABUSE OF AUTHORITY", "DATE_": 1253836800000, "UNIT": "District 22", "ACTION": "ACCEPT", "STATUS": "Open", "LONG_": -75.170604, "LAT": 39.985018 }, "geometry": { "type": "Point", "coordinates": [ -75.170604000374794, 39.985017999984699 ] } },
{ "type": "Feature", "properties": { "OBJECTID_1": 246, "AGE": 40, "RACE": "Black", "SEX": "Male", "TYPE": "LACK OF SERVICE", "DATE_": 1263168000000, "UNIT": "District 22", "ACTION": "REJECT", "STATUS": "Closed", "LONG_": -75.157916, "LAT": 39.978709 }, "geometry": { "type": "Point", "coordinates": [ -75.157915999823999, 39.978709000424097 ] } },
{ "type": "Feature", "properties": { "OBJECTID_1": 247, "AGE": 0, "RACE": "Black", "SEX": "Male", "TYPE": "ABUSE OF AUTHORITY", "DATE_": 1264723200000, "UNIT": "District 22", "ACTION": "REJECT", "STATUS": "Closed", "LONG_": -75.151491, "LAT": 39.990374 }, "geometry": { "type": "Point", "coordinates": [ -75.151491000309804, 39.990373999664399 ] } },
{ "type": "Feature", "properties": { "OBJECTID_1": 248, "AGE": 17, "RACE": "Black", "SEX": "Female", "TYPE": "ABUSE OF AUTHORITY", "DATE_": 1268611200000, "UNIT": "District 22", "ACTION": "REJECT", "STATUS": "Closed", "LONG_": -75.163817, "LAT": 39.984325 }, "geometry": { "type": "Point", "coordinates": [ -75.163817000354697, 39.984325000402499 ] } },
{ "type": "Feature", "properties": { "OBJECTID_1": 249, "AGE": 42, "RACE": "Black", "SEX": "Female", "TYPE": "ABUSE OF AUTHORITY", "DATE_": 1271203200000, "UNIT": "District 22", "ACTION": "ACCEPT", "STATUS": "Open", "LONG_": -75.16236, "LAT": 39.980838 }, "geometry": { "type": "Point", "coordinates": [ -75.162359999714695, 39.980837999678002 ] } },
{ "type": "Feature", "properties": { "OBJECTID_1": 250, "AGE": 31, "RACE": "Black", "SEX": "Female", "TYPE": "VERBAL ABUSE", "DATE_": 1276214400000, "UNIT": "District 22", "ACTION": "REJECT", "STATUS": "Closed", "LONG_": -75.160031, "LAT": 39.951218 }, "geometry": { "type": "Point", "coordinates": [ -75.160031000230902, 39.951217999814901 ] } },
{ "type": "Feature", "properties": { "OBJECTID_1": 251, "AGE": 24, "RACE": "Black", "SEX": "Female", "TYPE": "ABUSE OF AUTHORITY", "DATE_": 1277856000000, "UNIT": "District 22", "ACTION": "REJECT", "STATUS": "Closed", "LONG_": -75.167377, "LAT": 39.98036 }, "geometry": { "type": "Point", "coordinates": [ -75.167376999948999, 39.980360000117997 ] } },
{ "type": "Feature", "properties": { "OBJECTID_1": 252, "AGE": 19, "RACE": "Black", "SEX": "Female", "TYPE": "LACK OF SERVICE", "DATE_": 1279238400000, "UNIT": "District 22", "ACTION": "NAR", "STATUS": "Closed", "LONG_": -75.185859, "LAT": 39.986054 }, "geometry": { "type": "Point", "coordinates": [ -75.185858999693494, 39.986054000096097 ] } },
{ "type": "Feature", "properties": { "OBJECTID_1": 253, "AGE": 20, "RACE": "Black", "SEX": "Male", "TYPE": "PHYSICAL ABUSE", "DATE_": 1280102400000, "UNIT": "District 22", "ACTION": "ACCEPT", "STATUS": "Open", "LONG_": -75.185859, "LAT": 39.986054 }, "geometry": { "type": "Point", "coordinates": [ -75.185858999693494, 39.986054000096097 ] } },
{ "type": "Feature", "properties": { "OBJECTID_1": 254, "AGE": 50, "RACE": "Black", "SEX": "Male", "TYPE": "ABUSE OF AUTHORITY", "DATE_": 1284076800000, "UNIT": "District 22", "ACTION": "ACCEPT", "STATUS": "Open", "LONG_": -75.171577, "LAT": 39.992032 }, "geometry": { "type": "Point", "coordinates": [ -75.171577000278802, 39.992031999681103 ] } },
{ "type": "Feature", "properties": { "OBJECTID_1": 255, "AGE": 42, "RACE": "Black", "SEX": "Female", "TYPE": "PHYSICAL ABUSE", "DATE_": 1292803200000, "UNIT": "District 22", "ACTION": "ACCEPT", "STATUS": "Open", "LONG_": -75.181321, "LAT": 39.99451 }, "geometry": { "type": "Point", "coordinates": [ -75.181320999964598, 39.994509999740799 ] } },
{ "type": "Feature", "properties": { "OBJECTID_1": 256, "AGE": 28, "RACE": "Black", "SEX": "Male", "TYPE": "PHYSICAL ABUSE", "DATE_": 1292976000000, "UNIT": "District 22", "ACTION": "ACCEPT", "STATUS": "Open", "LONG_": -75.177889, "LAT": 39.978356 }, "geometry": { "type": "Point", "coordinates": [ -75.177888999977796, 39.9783560003332 ] } },
{ "type": "Feature", "properties": { "OBJECTID_1": 257, "AGE": 28, "RACE": "Black", "SEX": "Male", "TYPE": "PHYSICAL ABUSE", "DATE_": 1292976000000, "UNIT": "District 22", "ACTION": "ACCEPT", "STATUS": "Open", "LONG_": -75.169911, "LAT": 39.977318 }, "geometry": { "type": "Point", "coordinates": [ -75.169910999893204, 39.977318000129699 ] } },
{ "type": "Feature", "properties": { "OBJECTID_1": 258, "AGE": 33, "RACE": "Black", "SEX": "Female", "TYPE": "PHYSICAL ABUSE", "DATE_": 1293580800000, "UNIT": "District 22", "ACTION": "ACCEPT", "STATUS": "Open", "LONG_": -75.149015, "LAT": 39.989249 }, "geometry": { "type": "Point", "coordinates": [ -75.149015000342402, 39.989248999945403 ] } },
{ "type": "Feature", "properties": { "OBJECTID_1": 259, "AGE": 66, "RACE": "Black", "SEX": "Male", "TYPE": "ABUSE OF AUTHORITY", "DATE_": 1297209600000, "UNIT": "District 22", "ACTION": "Reject", "STATUS": "Closed", "LONG_": -75.156657, "LAT": 39.984754 }, "geometry": { "type": "Point", "coordinates": [ -75.156657000220804, 39.984754000400798 ] } },
{ "type": "Feature", "properties": { "OBJECTID_1": 260, "AGE": 36, "RACE": "Black", "SEX": "Male", "TYPE": "PHYSICAL ABUSE", "DATE_": 1297641600000, "UNIT": "District 22", "ACTION": "Accept", "STATUS": "Closed", "LONG_": -75.159481, "LAT": 39.991408 }, "geometry": { "type": "Point", "coordinates": [ -75.159481000048501, 39.991407999683503 ] } },
{ "type": "Feature", "properties": { "OBJECTID_1": 261, "AGE": 37, "RACE": "Black", "SEX": "Female", "TYPE": "ABUSE OF AUTHORITY", "DATE_": 1300838400000, "UNIT": "District 22", "ACTION": "Reject", "STATUS": "Closed", "LONG_": -75.17035, "LAT": 39.992007 }, "geometry": { "type": "Point", "coordinates": [ -75.170350000352698, 39.9920070003269 ] } },
{ "type": "Feature", "properties": { "OBJECTID_1": 262, "AGE": 51, "RACE": "Black", "SEX": "Female", "TYPE": "ABUSE OF AUTHORITY", "DATE_": 1301616000000, "UNIT": "District 22", "ACTION": "Accept", "STATUS": "Closed", "LONG_": -75.165702, "LAT": 39.976933 }, "geometry": { "type": "Point", "coordinates": [ -75.165702000047702, 39.976933000361697 ] } },
{ "type": "Feature", "properties": { "OBJECTID_1": 263, "AGE": 28, "RACE": "Black", "SEX": "Male", "TYPE": "ABUSE OF AUTHORITY", "DATE_": 1303084800000, "UNIT": "District 22", "ACTION": "Accept", "STATUS": "Open", "LONG_": -75.183132, "LAT": 39.987067 }, "geometry": { "type": "Point", "coordinates": [ -75.183131999842303, 39.987067000046103 ] } },
{ "type": "Feature", "properties": { "OBJECTID_1": 264, "AGE": 0, "RACE": "Black", "SEX": "Male", "TYPE": "ABUSE OF AUTHORITY", "DATE_": 1304899200000, "UNIT": "District 22", "ACTION": "Accept", "STATUS": "Closed", "LONG_": -75.155271, "LAT": 39.990854 }, "geometry": { "type": "Point", "coordinates": [ -75.155271000157001, 39.990854000215997 ] } },
{ "type": "Feature", "properties": { "OBJECTID_1": 265, "AGE": 44, "RACE": "Black", "SEX": "Male", "TYPE": "ABUSE OF AUTHORITY", "DATE_": 1322611200000, "UNIT": "District 22", "ACTION": "Accept", "STATUS": "Open", "LONG_": -75.178331, "LAT": 39.995327 }, "geometry": { "type": "Point", "coordinates": [ -75.178330999676305, 39.9953269996454 ] } },
{ "type": "Feature", "properties": { "OBJECTID_1": 266, "AGE": 49, "RACE": "Black", "SEX": "Female", "TYPE": "PHYSICAL ABUSE", "DATE_": 1330905600000, "UNIT": "District 22", "ACTION": "ACCEPT", "STATUS": "OPEN", "LONG_": -75.175041, "LAT": 39.991201 }, "geometry": { "type": "Point", "coordinates": [ -75.175040999942595, 39.991201000030202 ] } },
{ "type": "Feature", "properties": { "OBJECTID_1": 267, "AGE": 65, "RACE": "Black", "SEX": "Male", "TYPE": "PHYSICAL ABUSE", "DATE_": 1333065600000, "UNIT": "District 22", "ACTION": "REJECT", "STATUS": "Closed", "LONG_": -75.164963, "LAT": 39.987378 }, "geometry": { "type": "Point", "coordinates": [ -75.164963000142706, 39.987377999998799 ] } },
{ "type": "Feature", "properties": { "OBJECTID_1": 268, "AGE": 21, "RACE": "Black", "SEX": "Female", "TYPE": "ABUSE OF AUTHORITY", "DATE_": 1339632000000, "UNIT": "District 22", "ACTION": "ACCEPT", "STATUS": "OPEN", "LONG_": -75.168249, "LAT": 39.992581 }, "geometry": { "type": "Point", "coordinates": [ -75.168248999692096, 39.992580999817299 ] } },
{ "type": "Feature", "properties": { "OBJECTID_1": 269, "AGE": 62, "RACE": "Black", "SEX": "Female", "TYPE": "ABUSE OF AUTHORITY", "DATE_": 1342396800000, "UNIT": "District 22", "ACTION": "REJECT", "STATUS": "Closed", "LONG_": -75.158595, "LAT": 39.993547 }, "geometry": { "type": "Point", "coordinates": [ -75.158594999659897, 39.993547000297902 ] } },
{ "type": "Feature", "properties": { "OBJECTID_1": 270, "AGE": 26, "RACE": "Black", "SEX": "Male", "TYPE": "ABUSE OF AUTHORITY", "DATE_": 1352246400000, "UNIT": "District 22", "ACTION": "AUDIT", "STATUS": "Open", "LONG_": -75.172897, "LAT": 39.978714 }, "geometry": { "type": "Point", "coordinates": [ -75.172896999996993, 39.978713999755399 ] } },
{ "type": "Feature", "properties": { "OBJECTID_1": 271, "AGE": 35, "RACE": "Black", "SEX": "Female", "TYPE": "PHYSICAL ABUSE", "DATE_": 1233187200000, "UNIT": "District 23", "ACTION": "ACCEPT", "STATUS": "Open", "LONG_": -75.152784, "LAT": 39.969624 }, "geometry": { "type": "Point", "coordinates": [ -75.152783999682299, 39.969623999651901 ] } },
{ "type": "Feature", "properties": { "OBJECTID_1": 272, "AGE": 59, "RACE": "Black", "SEX": "Female", "TYPE": "PHYSICAL ABUSE", "DATE_": 1237248000000, "UNIT": "District 23", "ACTION": "REJECT", "STATUS": "Closed", "LONG_": -75.183877, "LAT": 39.975147 }, "geometry": { "type": "Point", "coordinates": [ -75.183877000023998, 39.975146999838202 ] } },
{ "type": "Feature", "properties": { "OBJECTID_1": 273, "AGE": 49, "RACE": "Black", "SEX": "Female", "TYPE": "ABUSE OF AUTHORITY", "DATE_": 1237248000000, "UNIT": "District 23", "ACTION": "AUDIT", "STATUS": "Open", "LONG_": -75.180051, "LAT": 39.975918 }, "geometry": { "type": "Point", "coordinates": [ -75.180050999854203, 39.975918000319503 ] } },
{ "type": "Feature", "properties": { "OBJECTID_1": 274, "AGE": 64, "RACE": "Black", "SEX": "Male", "TYPE": "PHYSICAL ABUSE", "DATE_": 1239580800000, "UNIT": "District 23", "ACTION": "ACCEPT", "STATUS": "Open", "LONG_": -75.159058, "LAT": 39.973206 }, "geometry": { "type": "Point", "coordinates": [ -75.159058000326894, 39.973206000260802 ] } },
{ "type": "Feature", "properties": { "OBJECTID_1": 275, "AGE": 37, "RACE": "Black", "SEX": "Male", "TYPE": "ABUSE OF AUTHORITY", "DATE_": 1239840000000, "UNIT": "District 23", "ACTION": "REJECT", "STATUS": "Closed", "LONG_": -75.161614, "LAT": 39.980694 }, "geometry": { "type": "Point", "coordinates": [ -75.161614000386294, 39.980694000231999 ] } },
{ "type": "Feature", "properties": { "OBJECTID_1": 276, "AGE": 43, "RACE": "Black", "SEX": "Female", "TYPE": "ABUSE OF AUTHORITY", "DATE_": 1244592000000, "UNIT": "District 23", "ACTION": "REJECT", "STATUS": "Closed", "LONG_": -75.171355, "LAT": 39.978252 }, "geometry": { "type": "Point", "coordinates": [ -75.171354999933698, 39.978252000033798 ] } },
{ "type": "Feature", "properties": { "OBJECTID_1": 277, "AGE": 49, "RACE": "Black", "SEX": "Female", "TYPE": "ABUSE OF AUTHORITY", "DATE_": 1292803200000, "UNIT": "District 23", "ACTION": "AUDIT", "STATUS": "Open", "LONG_": -75.176477, "LAT": 39.97443 }, "geometry": { "type": "Point", "coordinates": [ -75.176476999614295, 39.9744300000485 ] } },
{ "type": "Feature", "properties": { "OBJECTID_1": 278, "AGE": 46, "RACE": "Hispanic", "SEX": "Female", "TYPE": "ABUSE OF AUTHORITY", "DATE_": 1231891200000, "UNIT": "District 24", "ACTION": "ACCEPT", "STATUS": "Open", "LONG_": -75.152736, "LAT": 39.95501 }, "geometry": { "type": "Point", "coordinates": [ -75.152736000166698, 39.955010000215402 ] } },
{ "type": "Feature", "properties": { "OBJECTID_1": 279, "AGE": 49, "RACE": "Black", "SEX": "Male", "TYPE": "ABUSE OF AUTHORITY", "DATE_": 1234483200000, "UNIT": "District 24", "ACTION": "REJECT", "STATUS": "Closed", "LONG_": -75.106326, "LAT": 39.988525 }, "geometry": { "type": "Point", "coordinates": [ -75.106326000345106, 39.988524999832897 ] } },
{ "type": "Feature", "properties": { "OBJECTID_1": 280, "AGE": 28, "RACE": "Hispanic", "SEX": "Female", "TYPE": "PHYSICAL ABUSE", "DATE_": 1235088000000, "UNIT": "District 24", "ACTION": "REJECT", "STATUS": "Closed", "LONG_": -75.104311, "LAT": 39.999255 }, "geometry": { "type": "Point", "coordinates": [ -75.104311000053102, 39.999255000022302 ] } },
{ "type": "Feature", "properties": { "OBJECTID_1": 281, "AGE": 30, "RACE": "Black", "SEX": "Female", "TYPE": "ABUSE OF AUTHORITY", "DATE_": 1241481600000, "UNIT": "District 24", "ACTION": "REJECT", "STATUS": "Closed", "LONG_": -75.094524, "LAT": 39.994604 }, "geometry": { "type": "Point", "coordinates": [ -75.094524000182901, 39.994603999578899 ] } },
{ "type": "Feature", "properties": { "OBJECTID_1": 282, "AGE": 42, "RACE": "Hispanic", "SEX": "Female", "TYPE": "PHYSICAL ABUSE", "DATE_": 1247184000000, "UNIT": "District 24", "ACTION": "REJECT", "STATUS": "Closed", "LONG_": -75.108724, "LAT": 39.999034 }, "geometry": { "type": "Point", "coordinates": [ -75.108724000312804, 39.999033999723402 ] } },
{ "type": "Feature", "properties": { "OBJECTID_1": 283, "AGE": 60, "RACE": "Black", "SEX": "Male", "TYPE": "ABUSE OF AUTHORITY", "DATE_": 1255651200000, "UNIT": "District 24", "ACTION": "REJECT", "STATUS": "Closed", "LONG_": -75.120706, "LAT": 39.989327 }, "geometry": { "type": "Point", "coordinates": [ -75.120705999782501, 39.989326999945199 ] } },
{ "type": "Feature", "properties": { "OBJECTID_1": 284, "AGE": 61, "RACE": "White", "SEX": "Male", "TYPE": "ABUSE OF AUTHORITY", "DATE_": 1256601600000, "UNIT": "District 24", "ACTION": "REJECT", "STATUS": "Closed", "LONG_": -75.109372, "LAT": 40.005393 }, "geometry": { "type": "Point", "coordinates": [ -75.109371999618503, 40.005392999791198 ] } },
{ "type": "Feature", "properties": { "OBJECTID_1": 285, "AGE": 48, "RACE": "Black", "SEX": "Female", "TYPE": "ABUSE OF AUTHORITY", "DATE_": 1258416000000, "UNIT": "District 24", "ACTION": "REJECT", "STATUS": "Closed", "LONG_": -75.113228, "LAT": 39.976804 }, "geometry": { "type": "Point", "coordinates": [ -75.1132280002724, 39.976803999808801 ] } },
{ "type": "Feature", "properties": { "OBJECTID_1": 286, "AGE": 33, "RACE": "White", "SEX": "Male", "TYPE": "THEFT", "DATE_": 1258588800000, "UNIT": "District 24", "ACTION": "ACCEPT", "STATUS": "Open", "LONG_": -75.124477, "LAT": 39.993225 }, "geometry": { "type": "Point", "coordinates": [ -75.124477000113899, 39.993224999837899 ] } },
{ "type": "Feature", "properties": { "OBJECTID_1": 287, "AGE": 53, "RACE": "White", "SEX": "Male", "TYPE": "ABUSE OF AUTHORITY", "DATE_": 1258675200000, "UNIT": "District 24", "ACTION": "REJECT", "STATUS": "Closed", "LONG_": -75.116409, "LAT": 39.990208 }, "geometry": { "type": "Point", "coordinates": [ -75.116409000375498, 39.990208000103202 ] } },
{ "type": "Feature", "properties": { "OBJECTID_1": 288, "AGE": 37, "RACE": "White", "SEX": "Male", "TYPE": "ABUSE OF AUTHORITY", "DATE_": 1260316800000, "UNIT": "District 24", "ACTION": "AUDIT", "STATUS": "Closed", "LONG_": -75.114728, "LAT": 39.99979 }, "geometry": { "type": "Point", "coordinates": [ -75.114728000197502, 39.999790000412297 ] } },
{ "type": "Feature", "properties": { "OBJECTID_1": 289, "AGE": 18, "RACE": "Black", "SEX": "Male", "TYPE": "ABUSE OF AUTHORITY", "DATE_": 1264464000000, "UNIT": "District 24", "ACTION": "ACCEPT", "STATUS": "Open", "LONG_": -75.107305, "LAT": 40.019418 }, "geometry": { "type": "Point", "coordinates": [ -75.107304999626507, 40.0194179999448 ] } },
{ "type": "Feature", "properties": { "OBJECTID_1": 290, "AGE": 26, "RACE": "Hispanic", "SEX": "Female", "TYPE": "PHYSICAL ABUSE", "DATE_": 1273622400000, "UNIT": "District 24", "ACTION": "ACCEPT", "STATUS": "Closed", "LONG_": -75.124541, "LAT": 39.995309 }, "geometry": { "type": "Point", "coordinates": [ -75.124541000367302, 39.995308999714702 ] } },
{ "type": "Feature", "properties": { "OBJECTID_1": 291, "AGE": 36, "RACE": "Hispanic", "SEX": "Male", "TYPE": "PHYSICAL ABUSE", "DATE_": 1273622400000, "UNIT": "District 24", "ACTION": "ACCEPT", "STATUS": "Closed", "LONG_": -75.124541, "LAT": 39.995309 }, "geometry": { "type": "Point", "coordinates": [ -75.124541000367302, 39.995308999714702 ] } },
{ "type": "Feature", "properties": { "OBJECTID_1": 292, "AGE": 27, "RACE": "Black", "SEX": "Male", "TYPE": "PHYSICAL ABUSE", "DATE_": 1282521600000, "UNIT": "District 24", "ACTION": "ACCEPT", "STATUS": "Open", "LONG_": -75.115449, "LAT": 39.996755 }, "geometry": { "type": "Point", "coordinates": [ -75.115449000171594, 39.996754999847397 ] } },
{ "type": "Feature", "properties": { "OBJECTID_1": 293, "AGE": 59, "RACE": "Black", "SEX": "Male", "TYPE": "ABUSE OF AUTHORITY", "DATE_": 1282694400000, "UNIT": "District 24", "ACTION": "REJECT", "STATUS": "Closed", "LONG_": -75.150811, "LAT": 40.009198 }, "geometry": { "type": "Point", "coordinates": [ -75.150811000427794, 40.009197999891803 ] } },
{ "type": "Feature", "properties": { "OBJECTID_1": 294, "AGE": 56, "RACE": "Black", "SEX": "Female", "TYPE": "PHYSICAL ABUSE", "DATE_": 1292889600000, "UNIT": "District 24", "ACTION": "ACCEPT", "STATUS": "Open", "LONG_": -75.122561, "LAT": 39.991479 }, "geometry": { "type": "Point", "coordinates": [ -75.122560999890695, 39.991479000259702 ] } },
{ "type": "Feature", "properties": { "OBJECTID_1": 295, "AGE": 21, "RACE": "Hispanic", "SEX": "Male", "TYPE": "ABUSE OF AUTHORITY", "DATE_": 1320105600000, "UNIT": "District 24", "ACTION": "Reject", "STATUS": "Closed", "LONG_": -75.122451, "LAT": 40.008694 }, "geometry": { "type": "Point", "coordinates": [ -75.1224510002139, 40.008694000032101 ] } },
{ "type": "Feature", "properties": { "OBJECTID_1": 296, "AGE": 0, "RACE": "Black", "SEX": "Female", "TYPE": "PHYSICAL ABUSE", "DATE_": 1331596800000, "UNIT": "District 24", "ACTION": "AUDIT", "STATUS": "CLOSED", "LONG_": -75.097187, "LAT": 40.001174 }, "geometry": { "type": "Point", "coordinates": [ -75.097186999780604, 40.001174000383898 ] } },
{ "type": "Feature", "properties": { "OBJECTID_1": 297, "AGE": 32, "RACE": "Hispanic", "SEX": "Male", "TYPE": "ABUSE OF AUTHORITY", "DATE_": 1338422400000, "UNIT": "District 24", "ACTION": "ACCEPT", "STATUS": "OPEN", "LONG_": -75.112162, "LAT": 40.012086 }, "geometry": { "type": "Point", "coordinates": [ -75.112161999676999, 40.012085999973003 ] } },
{ "type": "Feature", "properties": { "OBJECTID_1": 298, "AGE": 26, "RACE": "Hispanic", "SEX": "Male", "TYPE": "ABUSE OF AUTHORITY", "DATE_": 1339372800000, "UNIT": "District 24", "ACTION": "ACCEPT", "STATUS": "OPEN", "LONG_": -75.118061, "LAT": 39.993416 }, "geometry": { "type": "Point", "coordinates": [ -75.118061000115503, 39.993415999652697 ] } },
{ "type": "Feature", "properties": { "OBJECTID_1": 299, "AGE": 74, "RACE": "White", "SEX": "Male", "TYPE": "LACK OF SERVICE", "DATE_": 1343606400000, "UNIT": "District 24", "ACTION": "REJECT", "STATUS": "Closed", "LONG_": -75.11705, "LAT": 39.990049 }, "geometry": { "type": "Point", "coordinates": [ -75.117050000257805, 39.990048999965403 ] } },
{ "type": "Feature", "properties": { "OBJECTID_1": 300, "AGE": 51, "RACE": "Black", "SEX": "Male", "TYPE": "PHYSICAL ABUSE", "DATE_": 1232496000000, "UNIT": "District 25", "ACTION": "REJECT", "STATUS": "Closed", "LONG_": -75.151247, "LAT": 40.00928 }, "geometry": { "type": "Point", "coordinates": [ -75.151246999849604, 40.009280000075996 ] } },
{ "type": "Feature", "properties": { "OBJECTID_1": 301, "AGE": 27, "RACE": "Black", "SEX": "Female", "TYPE": "VERBAL ABUSE", "DATE_": 1234137600000, "UNIT": "District 25", "ACTION": "REJECT", "STATUS": "Closed", "LONG_": -75.113889, "LAT": 39.999679 }, "geometry": { "type": "Point", "coordinates": [ -75.113889000177593, 39.999678999790099 ] } },
{ "type": "Feature", "properties": { "OBJECTID_1": 302, "AGE": 52, "RACE": "Hispanic", "SEX": "Female", "TYPE": "ABUSE OF AUTHORITY", "DATE_": 1240444800000, "UNIT": "District 25", "ACTION": "AUDIT", "STATUS": "Closed", "LONG_": -75.12194, "LAT": 39.997639 }, "geometry": { "type": "Point", "coordinates": [ -75.121940000031401, 39.997639000143799 ] } },
{ "type": "Feature", "properties": { "OBJECTID_1": 303, "AGE": 52, "RACE": "Black", "SEX": "Female", "TYPE": "ABUSE OF AUTHORITY", "DATE_": 1241481600000, "UNIT": "District 25", "ACTION": "REJECT", "STATUS": "Closed", "LONG_": -75.113407, "LAT": 40.024977 }, "geometry": { "type": "Point", "coordinates": [ -75.113407000433199, 40.024976999992603 ] } },
{ "type": "Feature", "properties": { "OBJECTID_1": 304, "AGE": 33, "RACE": "Black", "SEX": "Male", "TYPE": "ABUSE OF AUTHORITY", "DATE_": 1243382400000, "UNIT": "District 25", "ACTION": "AUDIT", "STATUS": "Closed", "LONG_": -75.139866, "LAT": 39.996745 }, "geometry": { "type": "Point", "coordinates": [ -75.139866000216202, 39.9967450002856 ] } },
{ "type": "Feature", "properties": { "OBJECTID_1": 305, "AGE": 0, "RACE": "Hispanic", "SEX": "Male", "TYPE": "ABUSE OF AUTHORITY", "DATE_": 1245283200000, "UNIT": "District 25", "ACTION": "REJECT", "STATUS": "Closed", "LONG_": -75.138793, "LAT": 39.995913 }, "geometry": { "type": "Point", "coordinates": [ -75.138793000197197, 39.995912999689203 ] } },
{ "type": "Feature", "properties": { "OBJECTID_1": 306, "AGE": 47, "RACE": "Hispanic", "SEX": "Female", "TYPE": "ABUSE OF AUTHORITY", "DATE_": 1245628800000, "UNIT": "District 25", "ACTION": "AUDIT", "STATUS": "Closed", "LONG_": -75.147676, "LAT": 39.997802 }, "geometry": { "type": "Point", "coordinates": [ -75.147675999748003, 39.997801999566697 ] } },
{ "type": "Feature", "properties": { "OBJECTID_1": 307, "AGE": 48, "RACE": "White", "SEX": "Male", "TYPE": "ABUSE OF AUTHORITY", "DATE_": 1249862400000, "UNIT": "District 25", "ACTION": "REJECT", "STATUS": "Closed", "LONG_": -75.122405, "LAT": 40.025496 }, "geometry": { "type": "Point", "coordinates": [ -75.122404999891302, 40.025495999644697 ] } },
{ "type": "Feature", "properties": { "OBJECTID_1": 308, "AGE": 52, "RACE": "Black", "SEX": "Male", "TYPE": "ABUSE OF AUTHORITY", "DATE_": 1251763200000, "UNIT": "District 25", "ACTION": "ACCEPT", "STATUS": "Open", "LONG_": -75.152174, "LAT": 40.004729 }, "geometry": { "type": "Point", "coordinates": [ -75.152174000330305, 40.004728999747599 ] } },
{ "type": "Feature", "properties": { "OBJECTID_1": 309, "AGE": 46, "RACE": "Black", "SEX": "Male", "TYPE": "ABUSE OF AUTHORITY", "DATE_": 1253577600000, "UNIT": "District 25", "ACTION": "REJECT", "STATUS": "Closed", "LONG_": -75.137581, "LAT": 40.004324 }, "geometry": { "type": "Point", "coordinates": [ -75.137581000063506, 40.004323999956704 ] } },
{ "type": "Feature", "properties": { "OBJECTID_1": 310, "AGE": 55, "RACE": "Black", "SEX": "Male", "TYPE": "ABUSE OF AUTHORITY", "DATE_": 1254873600000, "UNIT": "District 25", "ACTION": "AUDIT", "STATUS": "Closed", "LONG_": -75.149267, "LAT": 40.004273 }, "geometry": { "type": "Point", "coordinates": [ -75.149267000272303, 40.004273000302803 ] } },
{ "type": "Feature", "properties": { "OBJECTID_1": 311, "AGE": 51, "RACE": "Black", "SEX": "Male", "TYPE": "ABUSE OF AUTHORITY", "DATE_": 1263254400000, "UNIT": "District 25", "ACTION": "ACCEPT", "STATUS": "Closed", "LONG_": -75.140862, "LAT": 40.011928 }, "geometry": { "type": "Point", "coordinates": [ -75.140862000281501, 40.011927999881301 ] } },
{ "type": "Feature", "properties": { "OBJECTID_1": 312, "AGE": 42, "RACE": "Hispanic", "SEX": "Male", "TYPE": "ABUSE OF AUTHORITY", "DATE_": 1266537600000, "UNIT": "District 25", "ACTION": "ACCEPT", "STATUS": "Closed", "LONG_": -75.138182, "LAT": 40.001329 }, "geometry": { "type": "Point", "coordinates": [ -75.1381819998998, 40.001329000337201 ] } },
{ "type": "Feature", "properties": { "OBJECTID_1": 313, "AGE": 21, "RACE": "Black", "SEX": "Male", "TYPE": "PHYSICAL ABUSE", "DATE_": 1273708800000, "UNIT": "District 25", "ACTION": "ACCEPT", "STATUS": "Closed", "LONG_": -75.138275, "LAT": 40.000956 }, "geometry": { "type": "Point", "coordinates": [ -75.138274999691902, 40.000956000223297 ] } },
{ "type": "Feature", "properties": { "OBJECTID_1": 314, "AGE": 0, "RACE": "Hispanic", "SEX": "Male", "TYPE": "PHYSICAL ABUSE", "DATE_": 1281657600000, "UNIT": "District 25", "ACTION": "REJECT", "STATUS": "Closed", "LONG_": -75.137852, "LAT": 39.991996 }, "geometry": { "type": "Point", "coordinates": [ -75.137851999970295, 39.991995999819601 ] } },
{ "type": "Feature", "properties": { "OBJECTID_1": 315, "AGE": 61, "RACE": "Black", "SEX": "Male", "TYPE": "PHYSICAL ABUSE", "DATE_": 1286409600000, "UNIT": "District 25", "ACTION": "REJECT", "STATUS": "Closed", "LONG_": -75.150287, "LAT": 40.007502 }, "geometry": { "type": "Point", "coordinates": [ -75.1502869996458, 40.007501999921402 ] } },
{ "type": "Feature", "properties": { "OBJECTID_1": 316, "AGE": 28, "RACE": "Hispanic", "SEX": "Male", "TYPE": "PHYSICAL ABUSE", "DATE_": 1286409600000, "UNIT": "District 25", "ACTION": "ACCEPT", "STATUS": "Open", "LONG_": -75.099302, "LAT": 39.992187 }, "geometry": { "type": "Point", "coordinates": [ -75.099302000187606, 39.992186999634399 ] } },
{ "type": "Feature", "properties": { "OBJECTID_1": 317, "AGE": 34, "RACE": "Hispanic", "SEX": "Male", "TYPE": "PHYSICAL ABUSE", "DATE_": 1288224000000, "UNIT": "District 25", "ACTION": "ACCEPT", "STATUS": "Open", "LONG_": -75.131335, "LAT": 39.994154 }, "geometry": { "type": "Point", "coordinates": [ -75.131334999810804, 39.994154000410902 ] } },
{ "type": "Feature", "properties": { "OBJECTID_1": 318, "AGE": 36, "RACE": "Hispanic", "SEX": "Male", "TYPE": "ABUSE OF AUTHORITY", "DATE_": 1290988800000, "UNIT": "District 25", "ACTION": "AUDIT", "STATUS": "Closed", "LONG_": -75.121128, "LAT": 39.998042 }, "geometry": { "type": "Point", "coordinates": [ -75.121128000357402, 39.998041999842499 ] } },
{ "type": "Feature", "properties": { "OBJECTID_1": 319, "AGE": 27, "RACE": "Hispanic", "SEX": "Male", "TYPE": "PHYSICAL ABUSE", "DATE_": 1295395200000, "UNIT": "District 25", "ACTION": "ACCEPT", "STATUS": "Open", "LONG_": -75.137518, "LAT": 40.02113 }, "geometry": { "type": "Point", "coordinates": [ -75.1375179998563, 40.021129999753803 ] } },
{ "type": "Feature", "properties": { "OBJECTID_1": 320, "AGE": 56, "RACE": "Black", "SEX": "Male", "TYPE": "ABUSE OF AUTHORITY", "DATE_": 1297123200000, "UNIT": "District 25", "ACTION": "Reject", "STATUS": "Closed", "LONG_": -75.059018, "LAT": 40.040593 }, "geometry": { "type": "Point", "coordinates": [ -75.059017999581499, 40.040592999771199 ] } },
{ "type": "Feature", "properties": { "OBJECTID_1": 321, "AGE": 30, "RACE": "Hispanic", "SEX": "Female", "TYPE": "PHYSICAL ABUSE", "DATE_": 1299024000000, "UNIT": "District 25", "ACTION": "Accept", "STATUS": " ", "LONG_": -75.143217, "LAT": 40.003474 }, "geometry": { "type": "Point", "coordinates": [ -75.143217000064894, 40.0034740003289 ] } },
{ "type": "Feature", "properties": { "OBJECTID_1": 322, "AGE": 48, "RACE": "Hispanic", "SEX": "Female", "TYPE": "ABUSE OF AUTHORITY", "DATE_": 1303257600000, "UNIT": "District 25", "ACTION": "Audit", "STATUS": "Closed", "LONG_": -75.125229, "LAT": 40.001734 }, "geometry": { "type": "Point", "coordinates": [ -75.125228999718999, 40.001734000128003 ] } },
{ "type": "Feature", "properties": { "OBJECTID_1": 323, "AGE": 36, "RACE": "Black", "SEX": "Female", "TYPE": "ABUSE OF AUTHORITY", "DATE_": 1320105600000, "UNIT": "District 25", "ACTION": "NAR", "STATUS": "Closed", "LONG_": -75.12845, "LAT": 40.026708 }, "geometry": { "type": "Point", "coordinates": [ -75.128449999867996, 40.026707999778402 ] } },
{ "type": "Feature", "properties": { "OBJECTID_1": 324, "AGE": 52, "RACE": "Black", "SEX": "Female", "TYPE": "POLICE SHOOTINGS", "DATE_": 1320278400000, "UNIT": "District 25", "ACTION": "Accept", "STATUS": "OPEN", "LONG_": -75.1427, "LAT": 40.01136 }, "geometry": { "type": "Point", "coordinates": [ -75.142699999605696, 40.011359999768203 ] } },
{ "type": "Feature", "properties": { "OBJECTID_1": 325, "AGE": 51, "RACE": "Black", "SEX": "Male", "TYPE": "POLICE SHOOTINGS", "DATE_": 1322524800000, "UNIT": "District 25", "ACTION": "Accept", "STATUS": "Open", "LONG_": -75.1427, "LAT": 40.01136 }, "geometry": { "type": "Point", "coordinates": [ -75.142699999605696, 40.011359999768203 ] } },
{ "type": "Feature", "properties": { "OBJECTID_1": 326, "AGE": 66, "RACE": "Hispanic", "SEX": "Female", "TYPE": "PHYSICAL ABUSE", "DATE_": 1322524800000, "UNIT": "District 25", "ACTION": "Accept", "STATUS": "Open", "LONG_": -75.131206, "LAT": 39.994248 }, "geometry": { "type": "Point", "coordinates": [ -75.131206000157206, 39.994248000249101 ] } },
{ "type": "Feature", "properties": { "OBJECTID_1": 327, "AGE": 56, "RACE": "Black", "SEX": "Female", "TYPE": "ABUSE OF AUTHORITY", "DATE_": 1329350400000, "UNIT": "District 25", "ACTION": "REJECT", "STATUS": "Closed", "LONG_": -75.148476, "LAT": 40.005077 }, "geometry": { "type": "Point", "coordinates": [ -75.148475999767996, 40.005076999607901 ] } },
{ "type": "Feature", "properties": { "OBJECTID_1": 328, "AGE": 30, "RACE": "Black", "SEX": "Male", "TYPE": "ABUSE OF AUTHORITY", "DATE_": 1331251200000, "UNIT": "District 25", "ACTION": "REJECT", "STATUS": "Closed", "LONG_": -75.116625, "LAT": 40.016959 }, "geometry": { "type": "Point", "coordinates": [ -75.116625000443904, 40.016958999861998 ] } },
{ "type": "Feature", "properties": { "OBJECTID_1": 329, "AGE": 19, "RACE": "Hispanic", "SEX": "Male", "TYPE": "PHYSICAL ABUSE", "DATE_": 1332288000000, "UNIT": "District 25", "ACTION": "ACCEPT", "STATUS": "CLOSED", "LONG_": -75.143513, "LAT": 39.989835 }, "geometry": { "type": "Point", "coordinates": [ -75.143513000225198, 39.989834999989299 ] } },
{ "type": "Feature", "properties": { "OBJECTID_1": 330, "AGE": 35, "RACE": "Hispanic", "SEX": "Female", "TYPE": "VERBAL ABUSE", "DATE_": 1339977600000, "UNIT": "District 25", "ACTION": "REJECT", "STATUS": "Closed", "LONG_": -75.161227, "LAT": 39.953128 }, "geometry": { "type": "Point", "coordinates": [ -75.161226999626805, 39.953127999761399 ] } },
{ "type": "Feature", "properties": { "OBJECTID_1": 331, "AGE": 53, "RACE": "Black", "SEX": "Female", "TYPE": "PHYSICAL ABUSE", "DATE_": 1343174400000, "UNIT": "District 25", "ACTION": "ACCEPT", "STATUS": "Open", "LONG_": -75.144316, "LAT": 40.008355 }, "geometry": { "type": "Point", "coordinates": [ -75.144316000383597, 40.008354999687498 ] } },
{ "type": "Feature", "properties": { "OBJECTID_1": 332, "AGE": 22, "RACE": "Black", "SEX": "Male", "TYPE": "PHYSICAL ABUSE", "DATE_": 1351123200000, "UNIT": "District 25", "ACTION": "ACCEPT", "STATUS": "Open", "LONG_": -75.14847, "LAT": 40.00177 }, "geometry": { "type": "Point", "coordinates": [ -75.148470000390603, 40.001769999989598 ] } },
{ "type": "Feature", "properties": { "OBJECTID_1": 333, "AGE": 43, "RACE": "White", "SEX": "Male", "TYPE": "LACK OF SERVICE", "DATE_": 1231113600000, "UNIT": "District 26", "ACTION": "REJECT", "STATUS": "Closed", "LONG_": -75.127103, "LAT": 39.971352 }, "geometry": { "type": "Point", "coordinates": [ -75.127102999804094, 39.971352000198699 ] } },
{ "type": "Feature", "properties": { "OBJECTID_1": 334, "AGE": 24, "RACE": "Asian", "SEX": "Female", "TYPE": "LACK OF SERVICE", "DATE_": 1231200000000, "UNIT": "District 26", "ACTION": "REJECT", "STATUS": "Closed", "LONG_": -75.13446, "LAT": 39.97902 }, "geometry": { "type": "Point", "coordinates": [ -75.134460000029407, 39.979020000376799 ] } },
{ "type": "Feature", "properties": { "OBJECTID_1": 335, "AGE": 31, "RACE": "Black", "SEX": "Male", "TYPE": "ABUSE OF AUTHORITY", "DATE_": 1233532800000, "UNIT": "District 26", "ACTION": "AUDIT", "STATUS": "Closed", "LONG_": -75.126344, "LAT": 39.987842 }, "geometry": { "type": "Point", "coordinates": [ -75.126343999876099, 39.987841999812503 ] } },
{ "type": "Feature", "properties": { "OBJECTID_1": 336, "AGE": 20, "RACE": "Hispanic", "SEX": "Female", "TYPE": "PHYSICAL ABUSE", "DATE_": 1236556800000, "UNIT": "District 26", "ACTION": "ACCEPT", "STATUS": "Open", "LONG_": -75.143045, "LAT": 39.934285 }, "geometry": { "type": "Point", "coordinates": [ -75.143045000227005, 39.9342849995571 ] } },
{ "type": "Feature", "properties": { "OBJECTID_1": 337, "AGE": 22, "RACE": "White", "SEX": "Female", "TYPE": "ABUSE OF AUTHORITY", "DATE_": 1236902400000, "UNIT": "District 26", "ACTION": "AUDIT", "STATUS": "Open", "LONG_": -75.13261, "LAT": 39.987939 }, "geometry": { "type": "Point", "coordinates": [ -75.132610000151899, 39.987938999789002 ] } },
{ "type": "Feature", "properties": { "OBJECTID_1": 338, "AGE": 19, "RACE": "Hispanic", "SEX": "Male", "TYPE": "PHYSICAL ABUSE", "DATE_": 1240876800000, "UNIT": "District 26", "ACTION": "ACCEPT", "STATUS": "Open", "LONG_": -75.136508, "LAT": 39.98997 }, "geometry": { "type": "Point", "coordinates": [ -75.1365080000446, 39.989969999919602 ] } },
{ "type": "Feature", "properties": { "OBJECTID_1": 339, "AGE": 25, "RACE": "Hispanic", "SEX": "Male", "TYPE": "ABUSE OF AUTHORITY", "DATE_": 1242086400000, "UNIT": "District 26", "ACTION": "ACCEPT", "STATUS": "Open", "LONG_": -75.124591, "LAT": 39.97792 }, "geometry": { "type": "Point", "coordinates": [ -75.124590999975098, 39.977920000012098 ] } },
{ "type": "Feature", "properties": { "OBJECTID_1": 340, "AGE": 33, "RACE": "White", "SEX": "Female", "TYPE": "ABUSE OF AUTHORITY", "DATE_": 1251763200000, "UNIT": "District 26", "ACTION": "REJECT", "STATUS": "Closed", "LONG_": -75.13958, "LAT": 39.969516 }, "geometry": { "type": "Point", "coordinates": [ -75.139579999617695, 39.969516000067401 ] } },
{ "type": "Feature", "properties": { "OBJECTID_1": 341, "AGE": 56, "RACE": "Black", "SEX": "Male", "TYPE": "ABUSE OF AUTHORITY", "DATE_": 1259020800000, "UNIT": "District 26", "ACTION": "REJECT", "STATUS": "Closed", "LONG_": -75.143797, "LAT": 39.992589 }, "geometry": { "type": "Point", "coordinates": [ -75.143796999832105, 39.9925890001863 ] } },
{ "type": "Feature", "properties": { "OBJECTID_1": 342, "AGE": 0, "RACE": "Black", "SEX": "Female", "TYPE": "ABUSE OF AUTHORITY", "DATE_": 1271030400000, "UNIT": "District 26", "ACTION": "AUDIT", "STATUS": "Closed", "LONG_": -75.145086, "LAT": 39.983168 }, "geometry": { "type": "Point", "coordinates": [ -75.145085999919402, 39.983168000107099 ] } },
{ "type": "Feature", "properties": { "OBJECTID_1": 343, "AGE": 47, "RACE": "White", "SEX": "Male", "TYPE": "PHYSICAL ABUSE", "DATE_": 1273449600000, "UNIT": "District 26", "ACTION": "ACCEPT", "STATUS": "Open", "LONG_": -75.141201, "LAT": 39.987517 }, "geometry": { "type": "Point", "coordinates": [ -75.141200999726806, 39.987517000113499 ] } },
{ "type": "Feature", "properties": { "OBJECTID_1": 344, "AGE": 47, "RACE": "Black", "SEX": "Female", "TYPE": "ABUSE OF AUTHORITY", "DATE_": 1275609600000, "UNIT": "District 26", "ACTION": "REJECT", "STATUS": "Closed", "LONG_": -75.125826, "LAT": 39.974817 }, "geometry": { "type": "Point", "coordinates": [ -75.125826000270195, 39.974816999908697 ] } },
{ "type": "Feature", "properties": { "OBJECTID_1": 345, "AGE": 0, "RACE": "Black", "SEX": "Female", "TYPE": "LACK OF SERVICE", "DATE_": 1277683200000, "UNIT": "District 26", "ACTION": "NAR", "STATUS": "Closed", "LONG_": -75.125001, "LAT": 39.988487 }, "geometry": { "type": "Point", "coordinates": [ -75.125000999996601, 39.9884869998792 ] } },
{ "type": "Feature", "properties": { "OBJECTID_1": 346, "AGE": 23, "RACE": "Black", "SEX": "Male", "TYPE": "PHYSICAL ABUSE", "DATE_": 1287360000000, "UNIT": "District 26", "ACTION": "ACCEPT", "STATUS": "Open", "LONG_": -75.148212, "LAT": 39.961278 }, "geometry": { "type": "Point", "coordinates": [ -75.148212000184103, 39.961277999684 ] } },
{ "type": "Feature", "properties": { "OBJECTID_1": 347, "AGE": 25, "RACE": "Black", "SEX": "Male", "TYPE": "PHYSICAL ABUSE", "DATE_": 1287619200000, "UNIT": "District 26", "ACTION": "ACCEPT", "STATUS": "Open", "LONG_": -75.148212, "LAT": 39.961278 }, "geometry": { "type": "Point", "coordinates": [ -75.148212000184103, 39.961277999684 ] } },
{ "type": "Feature", "properties": { "OBJECTID_1": 348, "AGE": 27, "RACE": "Hispanic", "SEX": "Male", "TYPE": "ABUSE OF AUTHORITY", "DATE_": 1290384000000, "UNIT": "District 26", "ACTION": "REJECT", "STATUS": "Closed", "LONG_": -75.14353, "LAT": 39.97687 }, "geometry": { "type": "Point", "coordinates": [ -75.143530000109905, 39.976870000154399 ] } },
{ "type": "Feature", "properties": { "OBJECTID_1": 349, "AGE": 23, "RACE": "Hispanic", "SEX": "Male", "TYPE": "NOT CLASSIFIED", "DATE_": 1294790400000, "UNIT": "District 26", "ACTION": " ", "STATUS": " ", "LONG_": -75.129643, "LAT": 39.987547 }, "geometry": { "type": "Point", "coordinates": [ -75.129643000024899, 39.987546999698303 ] } },
{ "type": "Feature", "properties": { "OBJECTID_1": 350, "AGE": 46, "RACE": "Black", "SEX": "Female", "TYPE": "NOT CLASSIFIED", "DATE_": 1295913600000, "UNIT": "District 26", "ACTION": " ", "STATUS": " ", "LONG_": -75.146058, "LAT": 39.968944 }, "geometry": { "type": "Point", "coordinates": [ -75.146057999777298, 39.968943999769799 ] } },
{ "type": "Feature", "properties": { "OBJECTID_1": 351, "AGE": 23, "RACE": "Hispanic", "SEX": "Female", "TYPE": "ABUSE OF AUTHORITY", "DATE_": 1299888000000, "UNIT": "District 26", "ACTION": "Reject", "STATUS": "Closed", "LONG_": -75.141794, "LAT": 39.988167 }, "geometry": { "type": "Point", "coordinates": [ -75.141794000093498, 39.988167000410797 ] } },
{ "type": "Feature", "properties": { "OBJECTID_1": 352, "AGE": 38, "RACE": "Hispanic", "SEX": "Male", "TYPE": "PHYSICAL ABUSE", "DATE_": 1300060800000, "UNIT": "District 26", "ACTION": "Accept", "STATUS": "Closed", "LONG_": -75.141794, "LAT": 39.988167 }, "geometry": { "type": "Point", "coordinates": [ -75.141794000093498, 39.988167000410797 ] } },
{ "type": "Feature", "properties": { "OBJECTID_1": 353, "AGE": 46, "RACE": "Black", "SEX": "Female", "TYPE": "VERBAL ABUSE", "DATE_": 1331510400000, "UNIT": "District 26", "ACTION": "AUDIT", "STATUS": "Open", "LONG_": -75.127103, "LAT": 39.971352 }, "geometry": { "type": "Point", "coordinates": [ -75.127102999804094, 39.971352000198699 ] } },
{ "type": "Feature", "properties": { "OBJECTID_1": 354, "AGE": 54, "RACE": "Black", "SEX": "Male", "TYPE": "ABUSE OF AUTHORITY", "DATE_": 1233014400000, "UNIT": "District 3", "ACTION": "REJECT", "STATUS": "Closed", "LONG_": -75.163309, "LAT": 39.936467 }, "geometry": { "type": "Point", "coordinates": [ -75.163309000310505, 39.936467000355897 ] } },
{ "type": "Feature", "properties": { "OBJECTID_1": 355, "AGE": 0, "RACE": "White", "SEX": "Male", "TYPE": "PHYSICAL ABUSE", "DATE_": 1240876800000, "UNIT": "District 3", "ACTION": "REJECT", "STATUS": "Closed", "LONG_": -75.149181, "LAT": 39.941621 }, "geometry": { "type": "Point", "coordinates": [ -75.149180999903706, 39.9416209997135 ] } },
{ "type": "Feature", "properties": { "OBJECTID_1": 356, "AGE": 32, "RACE": "White", "SEX": "Female", "TYPE": "ABUSE OF AUTHORITY", "DATE_": 1242000000000, "UNIT": "District 3", "ACTION": "REJECT", "STATUS": "Closed", "LONG_": -75.166736, "LAT": 39.937506 }, "geometry": { "type": "Point", "coordinates": [ -75.166736000066805, 39.937505999706197 ] } },
{ "type": "Feature", "properties": { "OBJECTID_1": 357, "AGE": 19, "RACE": "Black", "SEX": "Male", "TYPE": "PHYSICAL ABUSE", "DATE_": 1248134400000, "UNIT": "District 3", "ACTION": "ACCEPT", "STATUS": "Open", "LONG_": -75.157173, "LAT": 39.942655 }, "geometry": { "type": "Point", "coordinates": [ -75.157172999734598, 39.942654999732497 ] } },
{ "type": "Feature", "properties": { "OBJECTID_1": 358, "AGE": 37, "RACE": "White", "SEX": "Female", "TYPE": "ABUSE OF AUTHORITY", "DATE_": 1248134400000, "UNIT": "District 3", "ACTION": "AUDIT", "STATUS": "Closed", "LONG_": -75.149181, "LAT": 39.941621 }, "geometry": { "type": "Point", "coordinates": [ -75.149180999903706, 39.9416209997135 ] } },
{ "type": "Feature", "properties": { "OBJECTID_1": 359, "AGE": 33, "RACE": "Black", "SEX": "Male", "TYPE": "PHYSICAL ABUSE", "DATE_": 1248220800000, "UNIT": "District 3", "ACTION": "ACCEPT", "STATUS": "Open", "LONG_": -75.150757, "LAT": 39.94182 }, "geometry": { "type": "Point", "coordinates": [ -75.150756999736203, 39.941819999897099 ] } },
{ "type": "Feature", "properties": { "OBJECTID_1": 360, "AGE": 49, "RACE": "White", "SEX": "Male", "TYPE": "ABUSE OF AUTHORITY", "DATE_": 1250640000000, "UNIT": "District 3", "ACTION": "AUDIT", "STATUS": "Withdrawn", "LONG_": -75.150757, "LAT": 39.94182 }, "geometry": { "type": "Point", "coordinates": [ -75.150756999736203, 39.941819999897099 ] } },
{ "type": "Feature", "properties": { "OBJECTID_1": 361, "AGE": 59, "RACE": "White", "SEX": "Female", "TYPE": "LACK OF SERVICE", "DATE_": 1252886400000, "UNIT": "District 3", "ACTION": "ACCEPT", "STATUS": "Open", "LONG_": -75.162228, "LAT": 39.933446 }, "geometry": { "type": "Point", "coordinates": [ -75.162227999922706, 39.933446000436703 ] } },
{ "type": "Feature", "properties": { "OBJECTID_1": 362, "AGE": 47, "RACE": "White", "SEX": "Female", "TYPE": "ABUSE OF AUTHORITY", "DATE_": 1274832000000, "UNIT": "District 3", "ACTION": "ACCEPT", "STATUS": "Open", "LONG_": -75.158252, "LAT": 39.917781 }, "geometry": { "type": "Point", "coordinates": [ -75.158252000030203, 39.917781000197003 ] } },
{ "type": "Feature", "properties": { "OBJECTID_1": 363, "AGE": 28, "RACE": "Black", "SEX": "Female", "TYPE": "VERBAL ABUSE", "DATE_": 1278547200000, "UNIT": "District 3", "ACTION": "AUDIT", "STATUS": "Open", "LONG_": -75.161311, "LAT": 39.939457 }, "geometry": { "type": "Point", "coordinates": [ -75.161310999903193, 39.939456999744799 ] } },
{ "type": "Feature", "properties": { "OBJECTID_1": 364, "AGE": 30, "RACE": "Black", "SEX": "Female", "TYPE": "ABUSE OF AUTHORITY", "DATE_": 1282262400000, "UNIT": "District 3", "ACTION": "NAR", "STATUS": "Closed", "LONG_": -75.161612, "LAT": 39.944189 }, "geometry": { "type": "Point", "coordinates": [ -75.161612000293999, 39.944189000326197 ] } },
{ "type": "Feature", "properties": { "OBJECTID_1": 365, "AGE": 34, "RACE": "White", "SEX": "Female", "TYPE": "ABUSE OF AUTHORITY", "DATE_": 1282262400000, "UNIT": "District 3", "ACTION": "ACCEPT", "STATUS": "Open", "LONG_": -75.156632, "LAT": 39.940702 }, "geometry": { "type": "Point", "coordinates": [ -75.156631999967303, 39.9407019996016 ] } },
{ "type": "Feature", "properties": { "OBJECTID_1": 366, "AGE": 84, "RACE": "Black", "SEX": "Male", "TYPE": "PHYSICAL ABUSE", "DATE_": 1327449600000, "UNIT": "District 3", "ACTION": "ACCEPT", "STATUS": "OPEN", "LONG_": -75.148201, "LAT": 39.93965 }, "geometry": { "type": "Point", "coordinates": [ -75.148200999676803, 39.939649999651799 ] } },
{ "type": "Feature", "properties": { "OBJECTID_1": 367, "AGE": 58, "RACE": "Black", "SEX": "Female", "TYPE": "ABUSE OF AUTHORITY", "DATE_": 1327881600000, "UNIT": "District 3", "ACTION": "REJECT", "STATUS": "Closed", "LONG_": -75.148545, "LAT": 39.935076 }, "geometry": { "type": "Point", "coordinates": [ -75.148545000252, 39.9350760000614 ] } },
{ "type": "Feature", "properties": { "OBJECTID_1": 368, "AGE": 39, "RACE": "Black", "SEX": "Female", "TYPE": "ABUSE OF AUTHORITY", "DATE_": 1231977600000, "UNIT": "District 35", "ACTION": "ACCEPT", "STATUS": "Open", "LONG_": -75.123704, "LAT": 40.047348 }, "geometry": { "type": "Point", "coordinates": [ -75.123704000439702, 40.047348000114198 ] } },
{ "type": "Feature", "properties": { "OBJECTID_1": 369, "AGE": 41, "RACE": "Black", "SEX": "Female", "TYPE": "ABUSE OF AUTHORITY", "DATE_": 1232582400000, "UNIT": "District 35", "ACTION": "REJECT", "STATUS": "Closed", "LONG_": -75.15056, "LAT": 40.06312 }, "geometry": { "type": "Point", "coordinates": [ -75.150559999644699, 40.063119999892201 ] } },
{ "type": "Feature", "properties": { "OBJECTID_1": 370, "AGE": 44, "RACE": "Black", "SEX": "Female", "TYPE": "ABUSE OF AUTHORITY", "DATE_": 1234310400000, "UNIT": "District 35", "ACTION": "REJECT", "STATUS": "Closed", "LONG_": -75.128567, "LAT": 40.036354 }, "geometry": { "type": "Point", "coordinates": [ -75.128566999867601, 40.0363540003409 ] } },
{ "type": "Feature", "properties": { "OBJECTID_1": 371, "AGE": 25, "RACE": "Black", "SEX": "Female", "TYPE": "PHYSICAL ABUSE", "DATE_": 1238544000000, "UNIT": "District 35", "ACTION": "ACCEPT", "STATUS": "Open", "LONG_": -75.143548, "LAT": 40.044427 }, "geometry": { "type": "Point", "coordinates": [ -75.143548000040596, 40.044427000309902 ] } },
{ "type": "Feature", "properties": { "OBJECTID_1": 372, "AGE": 39, "RACE": "Black", "SEX": "Female", "TYPE": "PHYSICAL ABUSE", "DATE_": 1241568000000, "UNIT": "District 35", "ACTION": "ACCEPT", "STATUS": "Open", "LONG_": -75.122463, "LAT": 40.04167 }, "geometry": { "type": "Point", "coordinates": [ -75.122462999868006, 40.041669999974502 ] } },
{ "type": "Feature", "properties": { "OBJECTID_1": 373, "AGE": 40, "RACE": "Black", "SEX": "Female", "TYPE": "ABUSE OF AUTHORITY", "DATE_": 1241654400000, "UNIT": "District 35", "ACTION": "ACCEPT", "STATUS": "Open", "LONG_": -75.143548, "LAT": 40.044427 }, "geometry": { "type": "Point", "coordinates": [ -75.143548000040596, 40.044427000309902 ] } },
{ "type": "Feature", "properties": { "OBJECTID_1": 374, "AGE": 20, "RACE": "Black", "SEX": "Male", "TYPE": "PHYSICAL ABUSE", "DATE_": 1258934400000, "UNIT": "District 35", "ACTION": "ACCEPT", "STATUS": "Open", "LONG_": -75.131905, "LAT": 40.05245 }, "geometry": { "type": "Point", "coordinates": [ -75.131905000016204, 40.052449999771703 ] } },
{ "type": "Feature", "properties": { "OBJECTID_1": 375, "AGE": 39, "RACE": "Black", "SEX": "Female", "TYPE": "ABUSE OF AUTHORITY", "DATE_": 1259539200000, "UNIT": "District 35", "ACTION": "AUDIT", "STATUS": "Closed", "LONG_": -75.123567, "LAT": 40.037888 }, "geometry": { "type": "Point", "coordinates": [ -75.123567000417196, 40.037888000035203 ] } },
{ "type": "Feature", "properties": { "OBJECTID_1": 376, "AGE": 20, "RACE": "Asian", "SEX": "Female", "TYPE": "ABUSE OF AUTHORITY", "DATE_": 1265068800000, "UNIT": "District 35", "ACTION": "ACCEPT", "STATUS": "Open", "LONG_": -75.124243, "LAT": 40.040414 }, "geometry": { "type": "Point", "coordinates": [ -75.124243000114802, 40.0404139996105 ] } },
{ "type": "Feature", "properties": { "OBJECTID_1": 377, "AGE": 21, "RACE": "Black", "SEX": "Male", "TYPE": "ABUSE OF AUTHORITY", "DATE_": 1273104000000, "UNIT": "District 35", "ACTION": "ACCEPT", "STATUS": "Closed", "LONG_": -75.139032, "LAT": 40.054737 }, "geometry": { "type": "Point", "coordinates": [ -75.139032000426894, 40.054737000016601 ] } },
{ "type": "Feature", "properties": { "OBJECTID_1": 378, "AGE": 32, "RACE": "Black", "SEX": "Male", "TYPE": "ABUSE OF AUTHORITY", "DATE_": 1273536000000, "UNIT": "District 35", "ACTION": "NAR", "STATUS": "Closed", "LONG_": -75.146576, "LAT": 40.030639 }, "geometry": { "type": "Point", "coordinates": [ -75.146576000282593, 40.030639000293696 ] } },
{ "type": "Feature", "properties": { "OBJECTID_1": 379, "AGE": 45, "RACE": "Black", "SEX": "Male", "TYPE": "ABUSE OF AUTHORITY", "DATE_": 1273795200000, "UNIT": "District 35", "ACTION": "REJECT", "STATUS": "Closed", "LONG_": -75.154289, "LAT": 40.022258 }, "geometry": { "type": "Point", "coordinates": [ -75.154288999837902, 40.022257999611099 ] } },
{ "type": "Feature", "properties": { "OBJECTID_1": 380, "AGE": 58, "RACE": "Black", "SEX": "Female", "TYPE": "ABUSE OF AUTHORITY", "DATE_": 1290384000000, "UNIT": "District 35", "ACTION": "AUDIT", "STATUS": "Open", "LONG_": -75.157148, "LAT": 40.049899 }, "geometry": { "type": "Point", "coordinates": [ -75.157148000380403, 40.049898999942897 ] } },
{ "type": "Feature", "properties": { "OBJECTID_1": 381, "AGE": 51, "RACE": "Black", "SEX": "Female", "TYPE": "ABUSE OF AUTHORITY", "DATE_": 1299110400000, "UNIT": "District 35", "ACTION": "Audit", "STATUS": "Closed", "LONG_": -75.143548, "LAT": 40.044427 }, "geometry": { "type": "Point", "coordinates": [ -75.143548000040596, 40.044427000309902 ] } },
{ "type": "Feature", "properties": { "OBJECTID_1": 382, "AGE": 36, "RACE": "Multi-Racial", "SEX": "Female", "TYPE": "ABUSE OF AUTHORITY", "DATE_": 1301270400000, "UNIT": "District 35", "ACTION": "Reject", "STATUS": "Closed", "LONG_": -75.118854, "LAT": 40.028473 }, "geometry": { "type": "Point", "coordinates": [ -75.1188539998127, 40.0284730002328 ] } },
{ "type": "Feature", "properties": { "OBJECTID_1": 383, "AGE": 58, "RACE": "Black", "SEX": "Female", "TYPE": "ABUSE OF AUTHORITY", "DATE_": 1304467200000, "UNIT": "District 35", "ACTION": "Audit", "STATUS": "SUSPENDED", "LONG_": -75.157148, "LAT": 40.049899 }, "geometry": { "type": "Point", "coordinates": [ -75.157148000380403, 40.049898999942897 ] } },
{ "type": "Feature", "properties": { "OBJECTID_1": 384, "AGE": 28, "RACE": "Black", "SEX": "Female", "TYPE": "PHYSICAL ABUSE", "DATE_": 1306886400000, "UNIT": "District 35", "ACTION": "Accept", "STATUS": "Closed", "LONG_": -75.125983, "LAT": 40.033123 }, "geometry": { "type": "Point", "coordinates": [ -75.1259830003156, 40.033122999730701 ] } },
{ "type": "Feature", "properties": { "OBJECTID_1": 385, "AGE": 56, "RACE": "Black", "SEX": "Female", "TYPE": "POLICE SHOOTINGS", "DATE_": 1307404800000, "UNIT": "District 35", "ACTION": "Accept", "STATUS": "OPEN", "LONG_": -75.123354, "LAT": 40.038974 }, "geometry": { "type": "Point", "coordinates": [ -75.123353999587906, 40.038973999754297 ] } },
{ "type": "Feature", "properties": { "OBJECTID_1": 386, "AGE": 47, "RACE": "Black", "SEX": "Male", "TYPE": "ABUSE OF AUTHORITY", "DATE_": 1318464000000, "UNIT": "District 35", "ACTION": "Accept", "STATUS": "Open", "LONG_": -75.123567, "LAT": 40.044994 }, "geometry": { "type": "Point", "coordinates": [ -75.123567000417196, 40.044994000376903 ] } },
{ "type": "Feature", "properties": { "OBJECTID_1": 387, "AGE": 24, "RACE": "Black", "SEX": "Male", "TYPE": "PHYSICAL ABUSE", "DATE_": 1327968000000, "UNIT": "District 35", "ACTION": "WITHDRAWN", "STATUS": "CLOSED", "LONG_": -75.133333, "LAT": 40.02353 }, "geometry": { "type": "Point", "coordinates": [ -75.1333330002183, 40.023529999813697 ] } },
{ "type": "Feature", "properties": { "OBJECTID_1": 388, "AGE": 57, "RACE": "Black", "SEX": "Female", "TYPE": "ABUSE OF AUTHORITY", "DATE_": 1338508800000, "UNIT": "District 35", "ACTION": "ACCEPT", "STATUS": "OPEN", "LONG_": -75.129443, "LAT": 40.033123 }, "geometry": { "type": "Point", "coordinates": [ -75.129442999795003, 40.033122999730701 ] } },
{ "type": "Feature", "properties": { "OBJECTID_1": 389, "AGE": 33, "RACE": "Black", "SEX": "Male", "TYPE": "PHYSICAL ABUSE", "DATE_": 1231804800000, "UNIT": "District 39", "ACTION": "REJECT", "STATUS": "Closed", "LONG_": -75.172522, "LAT": 40.028048 }, "geometry": { "type": "Point", "coordinates": [ -75.172521999790902, 40.028048000418899 ] } },
{ "type": "Feature", "properties": { "OBJECTID_1": 390, "AGE": 22, "RACE": "Black", "SEX": "Female", "TYPE": "PHYSICAL ABUSE", "DATE_": 1232668800000, "UNIT": "District 39", "ACTION": "ACCEPT", "STATUS": "Open", "LONG_": -75.206776, "LAT": 39.968104 }, "geometry": { "type": "Point", "coordinates": [ -75.206776000212699, 39.968103999703899 ] } },
{ "type": "Feature", "properties": { "OBJECTID_1": 391, "AGE": 34, "RACE": "Black", "SEX": "Male", "TYPE": "PHYSICAL ABUSE", "DATE_": 1238544000000, "UNIT": "District 39", "ACTION": "ACCEPT", "STATUS": "Open", "LONG_": -75.171033, "LAT": 40.005173 }, "geometry": { "type": "Point", "coordinates": [ -75.1710330003731, 40.005173000437701 ] } },
{ "type": "Feature", "properties": { "OBJECTID_1": 392, "AGE": 31, "RACE": "Black", "SEX": "Male", "TYPE": "LACK OF SERVICE", "DATE_": 1239580800000, "UNIT": "District 39", "ACTION": "REJECT", "STATUS": "Closed", "LONG_": -75.168556, "LAT": 40.025338 }, "geometry": { "type": "Point", "coordinates": [ -75.168556000359601, 40.0253380004524 ] } },
{ "type": "Feature", "properties": { "OBJECTID_1": 393, "AGE": 14, "RACE": "Black", "SEX": "Male", "TYPE": "ABUSE OF AUTHORITY", "DATE_": 1243468800000, "UNIT": "District 39", "ACTION": "ACCEPT", "STATUS": "Open", "LONG_": -75.162803, "LAT": 40.009657 }, "geometry": { "type": "Point", "coordinates": [ -75.162803000358707, 40.009657000374403 ] } },
{ "type": "Feature", "properties": { "OBJECTID_1": 394, "AGE": 24, "RACE": "Black", "SEX": "Male", "TYPE": "ABUSE OF AUTHORITY", "DATE_": 1244592000000, "UNIT": "District 39", "ACTION": "REJECT", "STATUS": "Closed", "LONG_": -75.16504, "LAT": 40.02898 }, "geometry": { "type": "Point", "coordinates": [ -75.165040000096397, 40.028980000230902 ] } },
{ "type": "Feature", "properties": { "OBJECTID_1": 395, "AGE": 37, "RACE": "Black", "SEX": "Female", "TYPE": "ABUSE OF AUTHORITY", "DATE_": 1255996800000, "UNIT": "District 39", "ACTION": "REJECT", "STATUS": "Closed", "LONG_": -75.172625, "LAT": 40.002514 }, "geometry": { "type": "Point", "coordinates": [ -75.172625000044206, 40.002514000124997 ] } },
{ "type": "Feature", "properties": { "OBJECTID_1": 396, "AGE": 27, "RACE": "Black", "SEX": "Female", "TYPE": "ABUSE OF AUTHORITY", "DATE_": 1263513600000, "UNIT": "District 39", "ACTION": "AUDIT", "STATUS": "Open", "LONG_": -75.173849, "LAT": 40.001404 }, "geometry": { "type": "Point", "coordinates": [ -75.173848999831904, 40.001404000198498 ] } },
{ "type": "Feature", "properties": { "OBJECTID_1": 397, "AGE": 49, "RACE": "Black", "SEX": "Male", "TYPE": "ABUSE OF AUTHORITY", "DATE_": 1264118400000, "UNIT": "District 39", "ACTION": "REJECT", "STATUS": "Closed", "LONG_": -75.204632, "LAT": 40.014369 }, "geometry": { "type": "Point", "coordinates": [ -75.204632000266997, 40.014369000033398 ] } },
{ "type": "Feature", "properties": { "OBJECTID_1": 398, "AGE": 0, "RACE": "Black", "SEX": "Male", "TYPE": "ABUSE OF AUTHORITY", "DATE_": 1265155200000, "UNIT": "District 39", "ACTION": "REJECT", "STATUS": "Closed", "LONG_": -75.163008, "LAT": 40.009173 }, "geometry": { "type": "Point", "coordinates": [ -75.163007999919699, 40.009172999638302 ] } },
{ "type": "Feature", "properties": { "OBJECTID_1": 399, "AGE": 44, "RACE": "Black", "SEX": "Male", "TYPE": "RACIAL PROFILING", "DATE_": 1268956800000, "UNIT": "District 39", "ACTION": "ACCEPT", "STATUS": "Closed", "LONG_": -75.16475, "LAT": 40.028922 }, "geometry": { "type": "Point", "coordinates": [ -75.164750000212806, 40.028922000254099 ] } },
{ "type": "Feature", "properties": { "OBJECTID_1": 400, "AGE": 25, "RACE": "Black", "SEX": "Male", "TYPE": "PHYSICAL ABUSE", "DATE_": 1277683200000, "UNIT": "District 39", "ACTION": "NAR", "STATUS": "Closed", "LONG_": -75.177503, "LAT": 39.996912 }, "geometry": { "type": "Point", "coordinates": [ -75.177503000163796, 39.996911999892902 ] } },
{ "type": "Feature", "properties": { "OBJECTID_1": 401, "AGE": 37, "RACE": "Black", "SEX": "Male", "TYPE": "ABUSE OF AUTHORITY", "DATE_": 1278374400000, "UNIT": "District 39", "ACTION": "REJECT", "STATUS": "Closed", "LONG_": -75.171692, "LAT": 39.999322 }, "geometry": { "type": "Point", "coordinates": [ -75.171692000186098, 39.999322000413997 ] } },
{ "type": "Feature", "properties": { "OBJECTID_1": 402, "AGE": 35, "RACE": "Black", "SEX": "Male", "TYPE": "PHYSICAL ABUSE", "DATE_": 1280361600000, "UNIT": "District 39", "ACTION": "ACCEPT", "STATUS": "Open", "LONG_": -75.156922, "LAT": 40.020472 }, "geometry": { "type": "Point", "coordinates": [ -75.156921999850894, 40.020471999986903 ] } },
{ "type": "Feature", "properties": { "OBJECTID_1": 403, "AGE": 43, "RACE": "Black", "SEX": "Male", "TYPE": "VERBAL ABUSE", "DATE_": 1280707200000, "UNIT": "District 39", "ACTION": "REJECT", "STATUS": "Closed", "LONG_": -75.172933, "LAT": 40.004224 }, "geometry": { "type": "Point", "coordinates": [ -75.172932999858503, 40.004223999841798 ] } },
{ "type": "Feature", "properties": { "OBJECTID_1": 404, "AGE": 38, "RACE": "Black", "SEX": "Male", "TYPE": "ABUSE OF AUTHORITY", "DATE_": 1316390400000, "UNIT": "District 39", "ACTION": "Audit", "STATUS": "Open", "LONG_": -75.150371, "LAT": 40.020935 }, "geometry": { "type": "Point", "coordinates": [ -75.150370999922103, 40.020934999754502 ] } },
{ "type": "Feature", "properties": { "OBJECTID_1": 405, "AGE": 36, "RACE": "Black", "SEX": "Female", "TYPE": "ABUSE OF AUTHORITY", "DATE_": 1321315200000, "UNIT": "District 39", "ACTION": "NAR", "STATUS": "Closed", "LONG_": -75.1582, "LAT": 40.007573 }, "geometry": { "type": "Point", "coordinates": [ -75.158200000330197, 40.007572999598302 ] } },
{ "type": "Feature", "properties": { "OBJECTID_1": 406, "AGE": 29, "RACE": "Black", "SEX": "Male", "TYPE": "ABUSE OF AUTHORITY", "DATE_": 1336003200000, "UNIT": "District 39", "ACTION": "REJECT", "STATUS": "OPEN", "LONG_": -75.110069, "LAT": 39.980201 }, "geometry": { "type": "Point", "coordinates": [ -75.110069000284597, 39.980200999980198 ] } },
{ "type": "Feature", "properties": { "OBJECTID_1": 407, "AGE": 0, "RACE": "Black", "SEX": "Female", "TYPE": "NO MISCONDUCT", "DATE_": 1249430400000, "UNIT": "District 4", "ACTION": "REJECT", "STATUS": "Closed", "LONG_": -75.166426, "LAT": 39.907133 }, "geometry": { "type": "Point", "coordinates": [ -75.1664260001602, 39.907133000191898 ] } },
{ "type": "Feature", "properties": { "OBJECTID_1": 408, "AGE": 36, "RACE": "Asian", "SEX": "Male", "TYPE": "PHYSICAL ABUSE", "DATE_": 1258675200000, "UNIT": "District 4", "ACTION": "ACCEPT", "STATUS": "Open", "LONG_": -75.158782, "LAT": 39.920406 }, "geometry": { "type": "Point", "coordinates": [ -75.158782000189603, 39.920405999841101 ] } },
{ "type": "Feature", "properties": { "OBJECTID_1": 409, "AGE": 57, "RACE": "White", "SEX": "Female", "TYPE": "ABUSE OF AUTHORITY", "DATE_": 1268956800000, "UNIT": "District 5", "ACTION": "AUDIT", "STATUS": "Closed", "LONG_": -75.217953, "LAT": 40.028939 }, "geometry": { "type": "Point", "coordinates": [ -75.217953000331207, 40.028939000138799 ] } },
{ "type": "Feature", "properties": { "OBJECTID_1": 410, "AGE": 52, "RACE": "Black", "SEX": "Male", "TYPE": "VERBAL ABUSE", "DATE_": 1233878400000, "UNIT": "District 6", "ACTION": "AUDIT", "STATUS": "Closed", "LONG_": -75.161227, "LAT": 39.953128 }, "geometry": { "type": "Point", "coordinates": [ -75.161226999626805, 39.953127999761399 ] } },
{ "type": "Feature", "properties": { "OBJECTID_1": 411, "AGE": 28, "RACE": "Black", "SEX": "Female", "TYPE": "ABUSE OF AUTHORITY", "DATE_": 1234137600000, "UNIT": "District 6", "ACTION": "REJECT", "STATUS": "Closed", "LONG_": -75.161227, "LAT": 39.953128 }, "geometry": { "type": "Point", "coordinates": [ -75.161226999626805, 39.953127999761399 ] } },
{ "type": "Feature", "properties": { "OBJECTID_1": 412, "AGE": 53, "RACE": "Black", "SEX": "Female", "TYPE": "PHYSICAL ABUSE", "DATE_": 1234828800000, "UNIT": "District 6", "ACTION": "AUDIT", "STATUS": "Closed", "LONG_": -75.161227, "LAT": 39.953128 }, "geometry": { "type": "Point", "coordinates": [ -75.161226999626805, 39.953127999761399 ] } },
{ "type": "Feature", "properties": { "OBJECTID_1": 413, "AGE": 37, "RACE": "Black", "SEX": "Male", "TYPE": "ABUSE OF AUTHORITY", "DATE_": 1234915200000, "UNIT": "District 6", "ACTION": "ACCEPT", "STATUS": "Open", "LONG_": -75.152111, "LAT": 39.954931 }, "geometry": { "type": "Point", "coordinates": [ -75.152111000123, 39.954931000169601 ] } },
{ "type": "Feature", "properties": { "OBJECTID_1": 414, "AGE": 25, "RACE": "Black", "SEX": "Male", "TYPE": "ABUSE OF AUTHORITY", "DATE_": 1238025600000, "UNIT": "District 6", "ACTION": "ACCEPT", "STATUS": "Open", "LONG_": -75.138987, "LAT": 39.960269 }, "geometry": { "type": "Point", "coordinates": [ -75.138987000150394, 39.960268999918497 ] } },
{ "type": "Feature", "properties": { "OBJECTID_1": 415, "AGE": 23, "RACE": "Black", "SEX": "Female", "TYPE": "PHYSICAL ABUSE", "DATE_": 1238112000000, "UNIT": "District 6", "ACTION": "ACCEPT", "STATUS": "Open", "LONG_": -75.148265, "LAT": 39.961239 }, "geometry": { "type": "Point", "coordinates": [ -75.148264999930305, 39.961238999684099 ] } },
{ "type": "Feature", "properties": { "OBJECTID_1": 416, "AGE": 49, "RACE": "Black", "SEX": "Male", "TYPE": "ABUSE OF AUTHORITY", "DATE_": 1239926400000, "UNIT": "District 6", "ACTION": "REJECT", "STATUS": "Closed", "LONG_": -75.154934, "LAT": 39.952365 }, "geometry": { "type": "Point", "coordinates": [ -75.1549339999046, 39.952364999649099 ] } },
{ "type": "Feature", "properties": { "OBJECTID_1": 417, "AGE": 29, "RACE": "Hispanic", "SEX": "Female", "TYPE": "VERBAL ABUSE", "DATE_": 1242259200000, "UNIT": "District 6", "ACTION": "REJECT", "STATUS": "Closed", "LONG_": -75.156499, "LAT": 39.953532 }, "geometry": { "type": "Point", "coordinates": [ -75.156499000129202, 39.953532000405602 ] } },
{ "type": "Feature", "properties": { "OBJECTID_1": 418, "AGE": 41, "RACE": "Black", "SEX": "Female", "TYPE": "ABUSE OF AUTHORITY", "DATE_": 1242777600000, "UNIT": "District 6", "ACTION": "REJECT", "STATUS": "Closed", "LONG_": -75.209346, "LAT": 39.959293 }, "geometry": { "type": "Point", "coordinates": [ -75.2093460000183, 39.959292999876098 ] } },
{ "type": "Feature", "properties": { "OBJECTID_1": 419, "AGE": 80, "RACE": "White", "SEX": "Male", "TYPE": "LACK OF SERVICE", "DATE_": 1246406400000, "UNIT": "District 6", "ACTION": "REJECT", "STATUS": "Closed", "LONG_": -75.158307, "LAT": 39.951715 }, "geometry": { "type": "Point", "coordinates": [ -75.1583069998686, 39.951715000251198 ] } },
{ "type": "Feature", "properties": { "OBJECTID_1": 420, "AGE": 21, "RACE": "White", "SEX": "Male", "TYPE": "ABUSE OF AUTHORITY", "DATE_": 1253059200000, "UNIT": "District 6", "ACTION": "REJECT", "STATUS": "Closed", "LONG_": -75.150757, "LAT": 39.94182 }, "geometry": { "type": "Point", "coordinates": [ -75.150756999736203, 39.941819999897099 ] } },
{ "type": "Feature", "properties": { "OBJECTID_1": 421, "AGE": 51, "RACE": "Black", "SEX": "Male", "TYPE": "ABUSE OF AUTHORITY", "DATE_": 1264032000000, "UNIT": "District 6", "ACTION": "REJECT", "STATUS": "Closed", "LONG_": -75.158634, "LAT": 39.950204 }, "geometry": { "type": "Point", "coordinates": [ -75.158633999659799, 39.950203999818797 ] } },
{ "type": "Feature", "properties": { "OBJECTID_1": 422, "AGE": 24, "RACE": "White", "SEX": "Male", "TYPE": "PHYSICAL ABUSE", "DATE_": 1269216000000, "UNIT": "District 6", "ACTION": "AUDIT", "STATUS": "Closed", "LONG_": -75.141482, "LAT": 39.948029 }, "geometry": { "type": "Point", "coordinates": [ -75.141482000094697, 39.948029000242201 ] } },
{ "type": "Feature", "properties": { "OBJECTID_1": 423, "AGE": 40, "RACE": "Black", "SEX": "Male", "TYPE": "PHYSICAL ABUSE", "DATE_": 1271721600000, "UNIT": "District 6", "ACTION": "ACCEPT", "STATUS": "Open", "LONG_": -75.141468, "LAT": 39.96056 }, "geometry": { "type": "Point", "coordinates": [ -75.141468000348397, 39.960559999848201 ] } },
{ "type": "Feature", "properties": { "OBJECTID_1": 424, "AGE": 39, "RACE": "Black", "SEX": "Male", "TYPE": "ABUSE OF AUTHORITY", "DATE_": 1281398400000, "UNIT": "District 6", "ACTION": "ACCEPT", "STATUS": "Open", "LONG_": -75.143159, "LAT": 39.952873 }, "geometry": { "type": "Point", "coordinates": [ -75.143159000088204, 39.952872999693298 ] } },
{ "type": "Feature", "properties": { "OBJECTID_1": 425, "AGE": 23, "RACE": "Black", "SEX": "Male", "TYPE": "PHYSICAL ABUSE", "DATE_": 1287619200000, "UNIT": "District 6", "ACTION": "ACCEPT", "STATUS": "Open", "LONG_": -75.148212, "LAT": 39.961278 }, "geometry": { "type": "Point", "coordinates": [ -75.148212000184103, 39.961277999684 ] } },
{ "type": "Feature", "properties": { "OBJECTID_1": 426, "AGE": 80, "RACE": "White", "SEX": "Male", "TYPE": "LACK OF SERVICE", "DATE_": 1292803200000, "UNIT": "District 6", "ACTION": "REJECT", "STATUS": "Closed", "LONG_": -75.161227, "LAT": 39.953128 }, "geometry": { "type": "Point", "coordinates": [ -75.161226999626805, 39.953127999761399 ] } },
{ "type": "Feature", "properties": { "OBJECTID_1": 427, "AGE": 32, "RACE": "Black", "SEX": "Male", "TYPE": "ABUSE OF AUTHORITY", "DATE_": 1304640000000, "UNIT": "District 6", "ACTION": "Rejected", "STATUS": "Closed", "LONG_": -75.154771, "LAT": 39.960706 }, "geometry": { "type": "Point", "coordinates": [ -75.154770999582396, 39.960706000285697 ] } },
{ "type": "Feature", "properties": { "OBJECTID_1": 428, "AGE": 24, "RACE": "Black", "SEX": "Male", "TYPE": "PHYSICAL ABUSE", "DATE_": 1337817600000, "UNIT": "District 6", "ACTION": "ACCEPT", "STATUS": "OPEN", "LONG_": -75.159482, "LAT": 39.946327 }, "geometry": { "type": "Point", "coordinates": [ -75.159482000094698, 39.9463269999952 ] } },
{ "type": "Feature", "properties": { "OBJECTID_1": 429, "AGE": 27, "RACE": "White", "SEX": "Male", "TYPE": "ABUSE OF AUTHORITY", "DATE_": 1276646400000, "UNIT": "District 7", "ACTION": "ACCEPT", "STATUS": "Open", "LONG_": -75.081076, "LAT": 40.079485 }, "geometry": { "type": "Point", "coordinates": [ -75.081075999658097, 40.079485000036797 ] } },
{ "type": "Feature", "properties": { "OBJECTID_1": 430, "AGE": 50, "RACE": "White", "SEX": "Male", "TYPE": "ABUSE OF AUTHORITY", "DATE_": 1277856000000, "UNIT": "District 7", "ACTION": "ACCEPT", "STATUS": "Open", "LONG_": -75.077036, "LAT": 40.074426 }, "geometry": { "type": "Point", "coordinates": [ -75.077036000411496, 40.0744259996642 ] } },
{ "type": "Feature", "properties": { "OBJECTID_1": 431, "AGE": 23, "RACE": "White", "SEX": "Male", "TYPE": "PHYSICAL ABUSE", "DATE_": 1280102400000, "UNIT": "District 7", "ACTION": "REJECT", "STATUS": "Closed", "LONG_": -75.076763, "LAT": 40.074272 }, "geometry": { "type": "Point", "coordinates": [ -75.076763000412598, 40.074271999757002 ] } },
{ "type": "Feature", "properties": { "OBJECTID_1": 432, "AGE": 62, "RACE": "White", "SEX": "Male", "TYPE": "ABUSE OF AUTHORITY", "DATE_": 1289865600000, "UNIT": "District 7", "ACTION": "REJECT", "STATUS": "Closed", "LONG_": -75.043756, "LAT": 40.084788 }, "geometry": { "type": "Point", "coordinates": [ -75.043755999939805, 40.084787999970303 ] } },
{ "type": "Feature", "properties": { "OBJECTID_1": 433, "AGE": 42, "RACE": "Black", "SEX": "Female", "TYPE": "ABUSE OF AUTHORITY", "DATE_": 1232668800000, "UNIT": "District 8", "ACTION": "REJECT", "STATUS": "Closed", "LONG_": -74.95943, "LAT": 40.086513 }, "geometry": { "type": "Point", "coordinates": [ -74.959429999894994, 40.086513000378702 ] } },
{ "type": "Feature", "properties": { "OBJECTID_1": 434, "AGE": 41, "RACE": "White", "SEX": "Female", "TYPE": "ABUSE OF AUTHORITY", "DATE_": 1297296000000, "UNIT": "District 8", "ACTION": "AUDIT", "STATUS": "Open", "LONG_": -74.973765, "LAT": 40.084535 }, "geometry": { "type": "Point", "coordinates": [ -74.973764999955193, 40.084534999994297 ] } },
{ "type": "Feature", "properties": { "OBJECTID_1": 435, "AGE": 22, "RACE": "Black", "SEX": "Female", "TYPE": "PHYSICAL ABUSE", "DATE_": 1302739200000, "UNIT": "District 8", "ACTION": "Accept", "STATUS": "Closed", "LONG_": -74.983051, "LAT": 40.08032 }, "geometry": { "type": "Point", "coordinates": [ -74.983051000103998, 40.080319999872103 ] } },
{ "type": "Feature", "properties": { "OBJECTID_1": 436, "AGE": 57, "RACE": "Black", "SEX": "Male", "TYPE": "ABUSE OF AUTHORITY", "DATE_": 1232496000000, "UNIT": "District 9", "ACTION": "REJECT", "STATUS": "Closed", "LONG_": -75.183335, "LAT": 39.95482 }, "geometry": { "type": "Point", "coordinates": [ -75.183335000210505, 39.954820000446702 ] } },
{ "type": "Feature", "properties": { "OBJECTID_1": 437, "AGE": 35, "RACE": "Hispanic", "SEX": "Male", "TYPE": "ABUSE OF AUTHORITY", "DATE_": 1235347200000, "UNIT": "District 9", "ACTION": "AUDIT", "STATUS": "Closed", "LONG_": -75.168326, "LAT": 39.925127 }, "geometry": { "type": "Point", "coordinates": [ -75.168325999645603, 39.9251269999152 ] } },
{ "type": "Feature", "properties": { "OBJECTID_1": 438, "AGE": 45, "RACE": "White", "SEX": "Male", "TYPE": "ABUSE OF AUTHORITY", "DATE_": 1239062400000, "UNIT": "District 9", "ACTION": "REJECT", "STATUS": "Closed", "LONG_": -75.168215, "LAT": 39.954006 }, "geometry": { "type": "Point", "coordinates": [ -75.168214999922796, 39.954005999781103 ] } },
{ "type": "Feature", "properties": { "OBJECTID_1": 439, "AGE": 24, "RACE": "White", "SEX": "Female", "TYPE": "LACK OF SERVICE", "DATE_": 1239926400000, "UNIT": "District 9", "ACTION": "REJECT", "STATUS": "Closed", "LONG_": -75.165064, "LAT": 39.95361 }, "geometry": { "type": "Point", "coordinates": [ -75.165064000303801, 39.953610000405199 ] } },
{ "type": "Feature", "properties": { "OBJECTID_1": 440, "AGE": 16, "RACE": "White", "SEX": "Male", "TYPE": "ABUSE OF AUTHORITY", "DATE_": 1249257600000, "UNIT": "District 9", "ACTION": "AUDIT", "STATUS": "Open", "LONG_": -75.170669, "LAT": 39.950133 }, "geometry": { "type": "Point", "coordinates": [ -75.170668999775003, 39.950133000141903 ] } },
{ "type": "Feature", "properties": { "OBJECTID_1": 441, "AGE": 30, "RACE": "Black", "SEX": "Male", "TYPE": "NO MISCONDUCT", "DATE_": 1249516800000, "UNIT": "District 9", "ACTION": "REJECT", "STATUS": "Closed", "LONG_": -75.16799, "LAT": 39.95501 }, "geometry": { "type": "Point", "coordinates": [ -75.167990000338705, 39.955010000215402 ] } },
{ "type": "Feature", "properties": { "OBJECTID_1": 442, "AGE": 47, "RACE": "White", "SEX": "Female", "TYPE": "ABUSE OF AUTHORITY", "DATE_": 1251244800000, "UNIT": "District 9", "ACTION": "REJECT", "STATUS": "Closed", "LONG_": -75.188636, "LAT": 39.969927 }, "geometry": { "type": "Point", "coordinates": [ -75.188636000051801, 39.969927000135002 ] } },
{ "type": "Feature", "properties": { "OBJECTID_1": 443, "AGE": 27, "RACE": "Black", "SEX": "Female", "TYPE": "ABUSE OF AUTHORITY", "DATE_": 1255996800000, "UNIT": "District 9", "ACTION": "ACCEPT", "STATUS": "Open", "LONG_": -75.173948, "LAT": 39.959004 }, "geometry": { "type": "Point", "coordinates": [ -75.173947999900705, 39.959004000038597 ] } },
{ "type": "Feature", "properties": { "OBJECTID_1": 444, "AGE": 16, "RACE": "Black", "SEX": "Male", "TYPE": "PHYSICAL ABUSE", "DATE_": 1257379200000, "UNIT": "District 9", "ACTION": "ACCEPT", "STATUS": "Open", "LONG_": -75.160454, "LAT": 39.967064 }, "geometry": { "type": "Point", "coordinates": [ -75.160453999952594, 39.967064000307403 ] } },
{ "type": "Feature", "properties": { "OBJECTID_1": 445, "AGE": 24, "RACE": "White", "SEX": "Male", "TYPE": "PHYSICAL ABUSE", "DATE_": 1258675200000, "UNIT": "District 9", "ACTION": "ACCEPT", "STATUS": "Closed", "LONG_": -75.165228, "LAT": 39.952578 }, "geometry": { "type": "Point", "coordinates": [ -75.165227999772796, 39.952577999579098 ] } },
{ "type": "Feature", "properties": { "OBJECTID_1": 446, "AGE": 0, "RACE": "Black", "SEX": "Female", "TYPE": "PHYSICAL ABUSE", "DATE_": 1264550400000, "UNIT": "District 9", "ACTION": "NAR", "STATUS": "Closed", "LONG_": -75.233691, "LAT": 39.976644 }, "geometry": { "type": "Point", "coordinates": [ -75.233691000339903, 39.976643999624898 ] } },
{ "type": "Feature", "properties": { "OBJECTID_1": 447, "AGE": 33, "RACE": "Black", "SEX": "Male", "TYPE": "ABUSE OF AUTHORITY", "DATE_": 1267920000000, "UNIT": "District 9", "ACTION": "ACCEPT", "STATUS": "Open", "LONG_": -75.206976, "LAT": 39.969103 }, "geometry": { "type": "Point", "coordinates": [ -75.206976000442495, 39.969102999907498 ] } },
{ "type": "Feature", "properties": { "OBJECTID_1": 448, "AGE": 28, "RACE": "Black", "SEX": "Male", "TYPE": "ABUSE OF AUTHORITY", "DATE_": 1268611200000, "UNIT": "District 9", "ACTION": "REJECT", "STATUS": "Closed", "LONG_": -75.165941, "LAT": 39.949555 }, "geometry": { "type": "Point", "coordinates": [ -75.1659410002774, 39.949554999567603 ] } },
{ "type": "Feature", "properties": { "OBJECTID_1": 449, "AGE": 48, "RACE": "Hispanic", "SEX": "Female", "TYPE": "ABUSE OF AUTHORITY", "DATE_": 1279670400000, "UNIT": "District 9", "ACTION": "REJECT", "STATUS": "Closed", "LONG_": -75.168009, "LAT": 39.962508 }, "geometry": { "type": "Point", "coordinates": [ -75.168009000315607, 39.962507999748503 ] } },
{ "type": "Feature", "properties": { "OBJECTID_1": 450, "AGE": 43, "RACE": "Black", "SEX": "Male", "TYPE": "ABUSE OF AUTHORITY", "DATE_": 1284595200000, "UNIT": "District 9", "ACTION": "AUDIT", "STATUS": "Open", "LONG_": -75.209249, "LAT": 40.002413 }, "geometry": { "type": "Point", "coordinates": [ -75.209249000041794, 40.002412999964001 ] } },
{ "type": "Feature", "properties": { "OBJECTID_1": 451, "AGE": 47, "RACE": "Black", "SEX": "Female", "TYPE": "ABUSE OF AUTHORITY", "DATE_": 1294876800000, "UNIT": "District 9", "ACTION": " ", "STATUS": "Open", "LONG_": -75.166592, "LAT": 39.969389 }, "geometry": { "type": "Point", "coordinates": [ -75.166591999721504, 39.9693889996067 ] } },
{ "type": "Feature", "properties": { "OBJECTID_1": 452, "AGE": 54, "RACE": "White", "SEX": "Male", "TYPE": "ABUSE OF AUTHORITY", "DATE_": 1297123200000, "UNIT": "District 9", "ACTION": "REJECT", "STATUS": "Closed", "LONG_": -75.168905, "LAT": 39.958423 }, "geometry": { "type": "Point", "coordinates": [ -75.168905000265994, 39.958423000225302 ] } },
{ "type": "Feature", "properties": { "OBJECTID_1": 453, "AGE": 39, "RACE": "Black", "SEX": "Male", "TYPE": "ABUSE OF AUTHORITY", "DATE_": 1315958400000, "UNIT": "District 9", "ACTION": "Audit", "STATUS": "Closed", "LONG_": -75.170986, "LAT": 39.963576 }, "geometry": { "type": "Point", "coordinates": [ -75.170986000004305, 39.963576000436099 ] } },
{ "type": "Feature", "properties": { "OBJECTID_1": 454, "AGE": 79, "RACE": "White", "SEX": "Female", "TYPE": "LACK OF SERVICE", "DATE_": 1351036800000, "UNIT": "District 9", "ACTION": "AUDIT", "STATUS": "Open", "LONG_": -75.173184, "LAT": 39.962499 }, "geometry": { "type": "Point", "coordinates": [ -75.173183999742193, 39.962499000232697 ] } },
{ "type": "Feature", "properties": { "OBJECTID_1": 455, "AGE": 29, "RACE": "Black", "SEX": "Female", "TYPE": "NON-JURISDICTIONAL", "DATE_": 1354579200000, "UNIT": "FJD Warrant Unit", "ACTION": "REJECT", "STATUS": "Closed", "LONG_": -75.176477, "LAT": 39.986008 }, "geometry": { "type": "Point", "coordinates": [ -75.176476999614295, 39.986007999773399 ] } }
]
}
